iteration,pE,pN
0,0.5,0.5
1,5.401,1.208
2,3.9034999999999997,1.208
3,3.9034999999999997,1.208
