n_users,exploitability_mean_mean,exploitability_mean_std,exploitability_max_mean,exploitability_max_std,offloading_size_mean,offloading_size_std,runtime_sec_mean,runtime_sec_std,count
10,9.769962616701378e-16,1.6605743343210784e-15,3.3750779948604757e-15,3.0710373455846564e-15,6.5,0.7071067811865476,0.011679939925670624,0.0022648519385718,10
20,7.016609515630989e-16,1.1025582319975572e-15,3.730349362740526e-15,3.6930378469702126e-15,9.0,1.247219128924647,0.017064160062000157,0.003011090339181372,10
40,1.8252066524837575e-15,3.0355445712863746e-15,9.592326932761353e-15,1.2426036154593281e-14,13.0,1.3333333333333333,0.05381835997104645,0.01423255064675491,10
80,2.7733371155136407e-15,2.723233224858233e-15,2.6290081223123708e-14,1.4810077384541842e-14,16.2,1.0327955589886446,0.0828341499902308,0.02481059720818984,10
100,2.165378987228905e-15,2.3106215700548335e-15,2.5224267119483555e-14,1.6362208316412342e-14,17.9,1.3703203194062976,0.08260535006411374,0.024227882418856803,10
