n_users,count,mean,std,min,p25,median,p75,max
30,10,2.628667671525801,2.1999950531750834,1.1842378929335003e-16,0.04341689273077883,3.5869991695862806,4.1230867162966325,5.6752812176409675
50,10,2.6675904861107145,2.204948265571763,0.08454421022331719,0.6431310887735823,1.7553258487708576,4.813196657476267,5.745658094095537
80,10,3.3828589344808897,2.195605772320333,0.023533995241557103,1.9108171810689973,3.5479533188056895,5.025243667618417,6.86643041740939
100,10,6.2065011309250435,1.9021881497963073,1.7348532239256744,5.717278082638598,6.553308847275469,7.616348925331045,8.459903463829379
