trial,seed,n_users,L,epsilon,runtime_sec,stage2_calls,search_iterations
0,22285001,20,4,91.76439632505807,13.948696909996215,2,4
0,22289001,20,8,122.77300498419066,31.39803688999382,2,4
