n_users,count,mean,std,min,p25,median,p75,max
30,10,3.56903305041196,1.4072251084124738,0.000609632253666111,3.255180405562605,3.694735902021227,4.3855656729545505,5.218077901573241
50,10,5.301791998759533,0.6533907597778353,4.390506471221118,4.710812423217292,5.3525255920531984,5.94206057697389,6.086446455723552
80,10,5.789343006567764,1.4636771872939718,1.975146283021973,5.661758477635249,6.205990682971658,6.595507102793059,7.340290116319967
100,10,5.470176303080327,1.7632548135226953,2.2041167508145203,4.515209798460612,6.133940348418609,6.5007329190597645,7.508074762829495
