estimator,count,abs_error_mean,rel_error_mean,family_hit_rate,abs_error_p90
boundary,16,94.87366986634278,0.0,0.625,199.41861474625085
refined_price,16,79.66777531995042,0.0,0.625,169.58589799255333
