iteration,pE,pN,epsilon,offloading_size
0,3.108492871,1.462323826,701.0884506,10
1,3.108492871,1.462323826,701.0752785,24
