trial,seed,n_users,method,exploitability_mean,exploitability_max,social_cost
0,20298001,6,Algorithm2,0.0,0.0,107.38692360449687
0,20298001,6,UBRD,0.5341709966003828,1.146545644396344,107.38692360449687
0,20298001,6,VI,0.5341709966003828,1.146545644396344,107.38692932214708
0,20298001,6,PEN,0.2159215868699563,1.2955295212197377,108.7282789924557
0,20298001,6,CS,2.0460939439416443,10.928751114889963,119.64578295127413
0,20298001,6,Random,5.132389885618554,30.246161227527892,74.02991443677769
0,20300001,8,Algorithm2,0.0,0.0,111.98261668426551
0,20300001,8,UBRD,0.0,0.0,111.98261668426551
0,20300001,8,VI,0.0,0.0,111.98261668426551
0,20300001,8,PEN,0.0,0.0,111.98261668426551
0,20300001,8,CS,1.5268111605732173,11.553977811251169,124.1971059753081
0,20300001,8,Random,1.3846720295227006,7.880051483500116,77.98801760567385
