n_users,method,exploitability_mean_mean,exploitability_mean_std,count
6,Algorithm2,0.0,0.0,1
6,CS,2.0460939439416443,0.0,1
6,PEN,0.2159215868699563,0.0,1
6,Random,5.132389885618554,0.0,1
6,UBRD,0.5341709966003828,0.0,1
6,VI,0.5341709966003828,0.0,1
8,Algorithm2,0.0,0.0,1
8,CS,1.5268111605732173,0.0,1
8,PEN,0.0,0.0,1
8,Random,1.3846720295227006,0.0,1
8,UBRD,0.0,0.0,1
8,VI,0.0,0.0,1
