n_users,method,exploitability_mean_mean,exploitability_mean_std,exploitability_max_mean,exploitability_max_std,count
6,Algorithm2,0.0,0.0,0.0,0.0,3
6,CS,3.3737625581884547,2.4398864871879122,13.635882349369446,3.7308918346443383,3
6,Random,4.45523595420642,1.6011763648452655,15.049662330051376,4.555268146356118,3
8,Algorithm2,0.24326008169941357,0.42133882095673686,1.946080653595299,3.370710567653897,3
8,CS,2.220446049250313e-16,2.220446049250313e-16,1.7763568394002505e-15,1.7763568394002505e-15,3
8,Random,8.115094986095245,6.67959919524761,21.196480874569733,18.387450604480897,3
10,Algorithm2,0.20568844216076312,0.2089070861119239,1.7251959450317063,1.6077608238953878,3
10,CS,4.7539494873114725,2.6371849628192936,24.185202676098033,17.75685653874985,3
10,Random,9.3292590982905,0.7467375735940196,35.51329558549459,8.350256879314147,3
