iteration,pE,pN,epsilon,dist_to_se
0,0.2727461452667157,2.021098574612216,419.6568488660911,5.731254218424467
1,1.2776487136161194,11.46696158124714,0.0,10.752462946840703
