count,abs_error_mean,abs_error_std,rel_error_mean,rel_error_std
150,64.39074588266205,33.25915186189914,1858.284577247679,10023.330271521874
