trial,seed,n_users,method,exploitability_mean,exploitability_max,social_cost,offloading_size
0,20270001,6,Algorithm2,0.0,0.0,87.92414119488726,5
0,20270001,6,CS,6.1906747401073225,17.898286482721645,125.00637998456698,2
0,20270001,6,Random,3.4524524278931548,12.727493978734891,134.0317177037336,5
1,20270002,6,Algorithm2,0.0,0.0,102.00686594645822,4
1,20270002,6,CS,2.0077374686310834,12.0464248117865,114.11355604336433,3
1,20270002,6,Random,3.611419684806323,12.123434614464376,123.65863953250583,0
0,20272001,8,Algorithm2,0.7297802450982367,5.838241960785886,144.9616633876867,5
0,20272001,8,CS,4.440892098500626e-16,3.552713678800501e-15,160.2486764165538,3
0,20272001,8,Random,1.8962740557734348,5.624583372624755,176.82717617807648,4
1,20272002,8,Algorithm2,2.220446049250313e-15,7.105427357601002e-15,129.81465897916965,6
1,20272002,8,CS,0.0,0.0,143.11880016052882,6
1,20272002,8,Random,15.17567554207685,41.48184344675459,253.22786742612138,2
0,20274001,10,Algorithm2,0.41767188258453025,3.1816533961175306,155.10923027794763,7
0,20274001,10,CS,4.824610157705624,17.89467738462529,175.8955930586344,6
0,20274001,10,Random,8.852244498316573,34.722087688294316,239.8239390113107,1
1,20274002,10,Algorithm2,0.19939344389775898,1.9939344389775862,148.11583575822488,5
1,20274002,10,CS,7.355094039224984,44.23099557404098,218.03019573288077,3
1,20274002,10,Random,10.189827333697675,44.23099557404098,246.0736528215598,0
