n_users,method,exploitability_mean_mean,exploitability_mean_std,exploitability_max_mean,exploitability_max_std,count
6,Algorithm2,0.0,0.0,0.0,0.0,2
6,CS,4.099206104369203,2.957783309938803,14.972355647254073,4.1378910700838825,2
6,Random,3.531936056349739,0.11240682534992527,12.425464296599634,0.42713447271491634,2
8,Algorithm2,0.36489012254911946,0.5160325600849422,2.9191209803929468,4.128260480679541,2
8,CS,2.220446049250313e-16,3.1401849173675503e-16,1.7763568394002505e-15,2.5121479338940403e-15,2
8,Random,8.535974798925142,9.389954841063862,23.553213409689672,25.35491175318685,2
10,Algorithm2,0.3085326632411446,0.154346164182228,2.5877939175475584,0.8398441287374692,2
10,CS,6.089852098465304,1.7893223123055955,31.062836479333136,18.622589183222452,2
10,Random,9.521035916007124,0.945813893296707,39.47654163116765,6.723813247689704,2
