iteration,pE,pN
0,0.01,0.01
1,3.005,0.9085
2,3.3044999999999995,0.9085
3,3.3044999999999995,0.9085
