n_users,count,mean,std,min,p25,median,p75,max
30,10,2.5224267119483555e-15,2.6899671130838367e-15,2.3684757858670006e-16,4.588921835117313e-16,8.585724723767877e-16,4.2336504672372636e-15,7.283063041541026e-15
50,10,2.0676793610618914e-15,2.2500657087601022e-15,0.0,5.24025267623074e-16,1.0302869668521454e-15,3.304023721284466e-15,6.8212102632969615e-15
80,10,1.9939605522267812e-15,3.897712074289618e-15,0.0,6.661338147750939e-16,7.327471962526033e-16,8.826273045769994e-16,1.3655743202889425e-14
100,10,2.76401124210679e-15,3.2414127097770985e-15,0.0,8.79296635503124e-16,1.2967404927621828e-15,2.7844393457598924e-15,1.042721464727947e-14
