trial,seed,n_users,method,exploitability_mean,exploitability_max,social_cost,offloading_size
0,20270001,6,Algorithm2,0.0,0.0,87.92414119488726,5
0,20270001,6,CS,6.1906747401073225,17.898286482721645,125.00637998456698,2
0,20270001,6,Random,3.4524524278931548,12.727493978734891,134.0317177037336,5
0,20272001,8,Algorithm2,0.7297802450982367,5.838241960785886,144.9616633876867,5
0,20272001,8,CS,4.440892098500626e-16,3.552713678800501e-15,160.2486764165538,3
0,20272001,8,Random,1.8962740557734348,5.624583372624755,176.82717617807648,4
0,20274001,10,Algorithm2,0.41767188258453025,3.1816533961175306,155.10923027794763,7
0,20274001,10,CS,4.824610157705624,17.89467738462529,175.8955930586344,6
0,20274001,10,Random,8.852244498316573,34.722087688294316,239.8239390113107,1
0,20276001,12,Algorithm2,0.06292469406153245,0.7550963287383894,192.58431327064733,7
0,20276001,12,CS,7.331537925735763,37.48093416286014,275.57574743118624,2
0,20276001,12,Random,8.7516099081026,34.473652033094005,345.97383193043447,11
0,20278001,14,Algorithm2,1.1419436824715897e-15,3.552713678800501e-15,182.26630795095977,7
0,20278001,14,CS,2.9622532356450053,24.22110348052567,219.9395867428091,4
0,20278001,14,Random,5.762394123755938,28.867199840183723,285.59472987869225,5
0,20280001,16,Algorithm2,0.6291987241341127,4.113001411772164,275.7441564310243,7
0,20280001,16,CS,7.073211712879414,24.46496364459035,368.1537055596714,2
0,20280001,16,Random,9.748794042207559,21.751508749440312,471.18611327541447,15
