n_users,method,exploitability_mean_mean,exploitability_mean_std,exploitability_max_mean,exploitability_max_std,count
6,Algorithm2,0.0,0.0,0.0,0.0,1
6,CS,6.1906747401073225,0.0,17.898286482721645,0.0,1
6,Random,3.4524524278931548,0.0,12.727493978734891,0.0,1
8,Algorithm2,0.7297802450982367,0.0,5.838241960785886,0.0,1
8,CS,4.440892098500626e-16,0.0,3.552713678800501e-15,0.0,1
8,Random,1.8962740557734348,0.0,5.624583372624755,0.0,1
10,Algorithm2,0.41767188258453025,0.0,3.1816533961175306,0.0,1
10,CS,4.824610157705624,0.0,17.89467738462529,0.0,1
10,Random,8.852244498316573,0.0,34.722087688294316,0.0,1
12,Algorithm2,0.06292469406153245,0.0,0.7550963287383894,0.0,1
12,CS,7.331537925735763,0.0,37.48093416286014,0.0,1
12,Random,8.7516099081026,0.0,34.473652033094005,0.0,1
14,Algorithm2,1.1419436824715897e-15,0.0,3.552713678800501e-15,0.0,1
14,CS,2.9622532356450053,0.0,24.22110348052567,0.0,1
14,Random,5.762394123755938,0.0,28.867199840183723,0.0,1
16,Algorithm2,0.6291987241341127,0.0,4.113001411772164,0.0,1
16,CS,7.073211712879414,0.0,24.46496364459035,0.0,1
16,Random,9.748794042207559,0.0,21.751508749440312,0.0,1
