[161/200] phase=start n_users=200 trial=7/10 method=MARL
[161/200] phase=done n_users=200 trial=7/10 method=MARL
[162/200] phase=start n_users=200 trial=8/10 method=GA
[GA] phase=population_start generation=initial/8 evals=0 stage2_unique_prices=0 elapsed_sec=0.00
[GA] phase=individual_start generation=initial/8 individual=1/12 evals=1 stage2_unique_prices=0 elapsed_sec=0.00
[GA] phase=stage2_start generation=initial/8 individual=1/12 evals=1 stage2_unique_prices=0 elapsed_sec=0.00
[GA] phase=stage2_done generation=initial/8 individual=1/12 evals=1 stage2_unique_prices=1 elapsed_sec=3.87
[GA] phase=objective_start generation=initial/8 individual=1/12 evals=1 stage2_unique_prices=1 elapsed_sec=3.87
[GA] phase=individual_done generation=initial/8 individual=1/12 evals=1 stage2_unique_prices=51 best_score=220 best_price=0.5,0.5 elapsed_sec=182.17
[GA] phase=individual_start generation=initial/8 individual=2/12 evals=2 stage2_unique_prices=51 best_score=220 best_price=0.5,0.5 elapsed_sec=182.17
[GA] phase=stage2_start generation=initial/8 individual=2/12 evals=2 stage2_unique_prices=51 best_score=220 best_price=0.5,0.5 elapsed_sec=182.17
[GA] phase=stage2_done generation=initial/8 individual=2/12 evals=2 stage2_unique_prices=52 best_score=220 best_price=0.5,0.5 elapsed_sec=186.07
[GA] phase=objective_start generation=initial/8 individual=2/12 evals=2 stage2_unique_prices=52 best_score=220 best_price=0.5,0.5 elapsed_sec=186.07
[GA] phase=individual_done generation=initial/8 individual=2/12 evals=2 stage2_unique_prices=102 best_score=144.584327153 best_price=0.121696,5.031579 elapsed_sec=352.61
[GA] phase=individual_start generation=initial/8 individual=3/12 evals=3 stage2_unique_prices=102 best_score=144.584327153 best_price=0.121696,5.031579 elapsed_sec=352.61
[GA] phase=stage2_start generation=initial/8 individual=3/12 evals=3 stage2_unique_prices=102 best_score=144.584327153 best_price=0.121696,5.031579 elapsed_sec=352.61
[GA] phase=stage2_done generation=initial/8 individual=3/12 evals=3 stage2_unique_prices=103 best_score=144.584327153 best_price=0.121696,5.031579 elapsed_sec=355.62
[GA] phase=objective_start generation=initial/8 individual=3/12 evals=3 stage2_unique_prices=103 best_score=144.584327153 best_price=0.121696,5.031579 elapsed_sec=355.62
[GA] phase=individual_done generation=initial/8 individual=3/12 evals=3 stage2_unique_prices=153 best_score=53.1777641525 best_price=4.144049,2.473006 elapsed_sec=503.43
[GA] phase=individual_start generation=initial/8 individual=4/12 evals=4 stage2_unique_prices=153 best_score=53.1777641525 best_price=4.144049,2.473006 elapsed_sec=503.43
[GA] phase=stage2_start generation=initial/8 individual=4/12 evals=4 stage2_unique_prices=153 best_score=53.1777641525 best_price=4.144049,2.473006 elapsed_sec=503.43
[GA] phase=stage2_done generation=initial/8 individual=4/12 evals=4 stage2_unique_prices=154 best_score=53.1777641525 best_price=4.144049,2.473006 elapsed_sec=505.59
[GA] phase=objective_start generation=initial/8 individual=4/12 evals=4 stage2_unique_prices=154 best_score=53.1777641525 best_price=4.144049,2.473006 elapsed_sec=505.59
[GA] phase=individual_done generation=initial/8 individual=4/12 evals=4 stage2_unique_prices=204 best_score=40.9616583723 best_price=3.643208,5.481398 elapsed_sec=642.96
[GA] phase=individual_start generation=initial/8 individual=5/12 evals=5 stage2_unique_prices=204 best_score=40.9616583723 best_price=3.643208,5.481398 elapsed_sec=642.96
[GA] phase=stage2_start generation=initial/8 individual=5/12 evals=5 stage2_unique_prices=204 best_score=40.9616583723 best_price=3.643208,5.481398 elapsed_sec=642.96
[GA] phase=stage2_done generation=initial/8 individual=5/12 evals=5 stage2_unique_prices=205 best_score=40.9616583723 best_price=3.643208,5.481398 elapsed_sec=646.77
[GA] phase=objective_start generation=initial/8 individual=5/12 evals=5 stage2_unique_prices=205 best_score=40.9616583723 best_price=3.643208,5.481398 elapsed_sec=646.77
[GA] phase=individual_done generation=initial/8 individual=5/12 evals=5 stage2_unique_prices=255 best_score=40.9616583723 best_price=3.643208,5.481398 elapsed_sec=824.10
[GA] phase=individual_start generation=initial/8 individual=6/12 evals=6 stage2_unique_prices=255 best_score=40.9616583723 best_price=3.643208,5.481398 elapsed_sec=824.10
[GA] phase=stage2_start generation=initial/8 individual=6/12 evals=6 stage2_unique_prices=255 best_score=40.9616583723 best_price=3.643208,5.481398 elapsed_sec=824.10
[GA] phase=stage2_done generation=initial/8 individual=6/12 evals=6 stage2_unique_prices=256 best_score=40.9616583723 best_price=3.643208,5.481398 elapsed_sec=828.03
[GA] phase=objective_start generation=initial/8 individual=6/12 evals=6 stage2_unique_prices=256 best_score=40.9616583723 best_price=3.643208,5.481398 elapsed_sec=828.03
[GA] phase=individual_done generation=initial/8 individual=6/12 evals=6 stage2_unique_prices=306 best_score=40.9616583723 best_price=3.643208,5.481398 elapsed_sec=1006.40
[GA] phase=individual_start generation=initial/8 individual=7/12 evals=7 stage2_unique_prices=306 best_score=40.9616583723 best_price=3.643208,5.481398 elapsed_sec=1006.40
[GA] phase=stage2_start generation=initial/8 individual=7/12 evals=7 stage2_unique_prices=306 best_score=40.9616583723 best_price=3.643208,5.481398 elapsed_sec=1006.40
[GA] phase=stage2_done generation=initial/8 individual=7/12 evals=7 stage2_unique_prices=307 best_score=40.9616583723 best_price=3.643208,5.481398 elapsed_sec=1009.42
[GA] phase=objective_start generation=initial/8 individual=7/12 evals=7 stage2_unique_prices=307 best_score=40.9616583723 best_price=3.643208,5.481398 elapsed_sec=1009.42
[GA] phase=individual_done generation=initial/8 individual=7/12 evals=7 stage2_unique_prices=357 best_score=40.9616583723 best_price=3.643208,5.481398 elapsed_sec=1157.95
[GA] phase=individual_start generation=initial/8 individual=8/12 evals=8 stage2_unique_prices=357 best_score=40.9616583723 best_price=3.643208,5.481398 elapsed_sec=1157.95
[GA] phase=stage2_start generation=initial/8 individual=8/12 evals=8 stage2_unique_prices=357 best_score=40.9616583723 best_price=3.643208,5.481398 elapsed_sec=1157.95
[GA] phase=stage2_done generation=initial/8 individual=8/12 evals=8 stage2_unique_prices=358 best_score=40.9616583723 best_price=3.643208,5.481398 elapsed_sec=1160.31
[GA] phase=objective_start generation=initial/8 individual=8/12 evals=8 stage2_unique_prices=358 best_score=40.9616583723 best_price=3.643208,5.481398 elapsed_sec=1160.31
[GA] phase=individual_done generation=initial/8 individual=8/12 evals=8 stage2_unique_prices=408 best_score=35.9841699598 best_price=3.647875,4.940528 elapsed_sec=1300.96
[GA] phase=individual_start generation=initial/8 individual=9/12 evals=9 stage2_unique_prices=408 best_score=35.9841699598 best_price=3.647875,4.940528 elapsed_sec=1300.97
[GA] phase=stage2_start generation=initial/8 individual=9/12 evals=9 stage2_unique_prices=408 best_score=35.9841699598 best_price=3.647875,4.940528 elapsed_sec=1300.97
[GA] phase=stage2_done generation=initial/8 individual=9/12 evals=9 stage2_unique_prices=409 best_score=35.9841699598 best_price=3.647875,4.940528 elapsed_sec=1304.44
[GA] phase=objective_start generation=initial/8 individual=9/12 evals=9 stage2_unique_prices=409 best_score=35.9841699598 best_price=3.647875,4.940528 elapsed_sec=1304.44
[GA] phase=individual_done generation=initial/8 individual=9/12 evals=9 stage2_unique_prices=459 best_score=5.7449808408 best_price=2.482911,5.300653 elapsed_sec=1458.05
[GA] phase=individual_start generation=initial/8 individual=10/12 evals=10 stage2_unique_prices=459 best_score=5.7449808408 best_price=2.482911,5.300653 elapsed_sec=1458.05
[GA] phase=stage2_start generation=initial/8 individual=10/12 evals=10 stage2_unique_prices=459 best_score=5.7449808408 best_price=2.482911,5.300653 elapsed_sec=1458.05
[GA] phase=stage2_done generation=initial/8 individual=10/12 evals=10 stage2_unique_prices=460 best_score=5.7449808408 best_price=2.482911,5.300653 elapsed_sec=1460.22
[GA] phase=objective_start generation=initial/8 individual=10/12 evals=10 stage2_unique_prices=460 best_score=5.7449808408 best_price=2.482911,5.300653 elapsed_sec=1460.22
[GA] phase=individual_done generation=initial/8 individual=10/12 evals=10 stage2_unique_prices=510 best_score=5.7449808408 best_price=2.482911,5.300653 elapsed_sec=1595.38
[GA] phase=individual_start generation=initial/8 individual=11/12 evals=11 stage2_unique_prices=510 best_score=5.7449808408 best_price=2.482911,5.300653 elapsed_sec=1595.38
[GA] phase=stage2_start generation=initial/8 individual=11/12 evals=11 stage2_unique_prices=510 best_score=5.7449808408 best_price=2.482911,5.300653 elapsed_sec=1595.38
[GA] phase=stage2_done generation=initial/8 individual=11/12 evals=11 stage2_unique_prices=511 best_score=5.7449808408 best_price=2.482911,5.300653 elapsed_sec=1599.17
[GA] phase=objective_start generation=initial/8 individual=11/12 evals=11 stage2_unique_prices=511 best_score=5.7449808408 best_price=2.482911,5.300653 elapsed_sec=1599.17
[GA] phase=individual_done generation=initial/8 individual=11/12 evals=11 stage2_unique_prices=561 best_score=5.7449808408 best_price=2.482911,5.300653 elapsed_sec=1774.56
[GA] phase=individual_start generation=initial/8 individual=12/12 evals=12 stage2_unique_prices=561 best_score=5.7449808408 best_price=2.482911,5.300653 elapsed_sec=1774.56
[GA] phase=stage2_start generation=initial/8 individual=12/12 evals=12 stage2_unique_prices=561 best_score=5.7449808408 best_price=2.482911,5.300653 elapsed_sec=1774.56
[GA] phase=stage2_done generation=initial/8 individual=12/12 evals=12 stage2_unique_prices=562 best_score=5.7449808408 best_price=2.482911,5.300653 elapsed_sec=1778.04
[GA] phase=objective_start generation=initial/8 individual=12/12 evals=12 stage2_unique_prices=562 best_score=5.7449808408 best_price=2.482911,5.300653 elapsed_sec=1778.04
[GA] phase=individual_done generation=initial/8 individual=12/12 evals=12 stage2_unique_prices=612 best_score=5.7449808408 best_price=2.482911,5.300653 elapsed_sec=1939.02
[GA] phase=population_done generation=initial/8 evals=12 stage2_unique_prices=612 best_score=5.7449808408 best_price=2.482911,5.300653 elapsed_sec=1939.02
[GA] phase=population_start generation=1/8 evals=12 stage2_unique_prices=612 best_score=5.7449808408 best_price=2.482911,5.300653 elapsed_sec=1939.02
[GA] phase=individual_start generation=1/8 individual=1/12 evals=13 stage2_unique_prices=612 best_score=5.7449808408 best_price=2.482911,5.300653 elapsed_sec=1939.02
[GA] phase=stage2_cache_hit generation=1/8 individual=1/12 evals=13 stage2_unique_prices=612 best_score=5.7449808408 best_price=2.482911,5.300653 elapsed_sec=1939.02
[GA] phase=objective_start generation=1/8 individual=1/12 evals=13 stage2_unique_prices=612 best_score=5.7449808408 best_price=2.482911,5.300653 elapsed_sec=1939.02
[GA] phase=individual_done generation=1/8 individual=1/12 evals=13 stage2_unique_prices=612 best_score=5.7449808408 best_price=2.482911,5.300653 elapsed_sec=1939.02
[GA] phase=individual_start generation=1/8 individual=2/12 evals=14 stage2_unique_prices=612 best_score=5.7449808408 best_price=2.482911,5.300653 elapsed_sec=1939.02
[GA] phase=stage2_cache_hit generation=1/8 individual=2/12 evals=14 stage2_unique_prices=612 best_score=5.7449808408 best_price=2.482911,5.300653 elapsed_sec=1939.02
[GA] phase=objective_start generation=1/8 individual=2/12 evals=14 stage2_unique_prices=612 best_score=5.7449808408 best_price=2.482911,5.300653 elapsed_sec=1939.02
[GA] phase=individual_done generation=1/8 individual=2/12 evals=14 stage2_unique_prices=612 best_score=5.7449808408 best_price=2.482911,5.300653 elapsed_sec=1939.02
[GA] phase=individual_start generation=1/8 individual=3/12 evals=15 stage2_unique_prices=612 best_score=5.7449808408 best_price=2.482911,5.300653 elapsed_sec=1939.02
[GA] phase=stage2_start generation=1/8 individual=3/12 evals=15 stage2_unique_prices=612 best_score=5.7449808408 best_price=2.482911,5.300653 elapsed_sec=1939.02
[GA] phase=stage2_done generation=1/8 individual=3/12 evals=15 stage2_unique_prices=613 best_score=5.7449808408 best_price=2.482911,5.300653 elapsed_sec=1941.36
[GA] phase=objective_start generation=1/8 individual=3/12 evals=15 stage2_unique_prices=613 best_score=5.7449808408 best_price=2.482911,5.300653 elapsed_sec=1941.36
[GA] phase=individual_done generation=1/8 individual=3/12 evals=15 stage2_unique_prices=663 best_score=5.7449808408 best_price=2.482911,5.300653 elapsed_sec=2081.72
[GA] phase=individual_start generation=1/8 individual=4/12 evals=16 stage2_unique_prices=663 best_score=5.7449808408 best_price=2.482911,5.300653 elapsed_sec=2081.72
[GA] phase=stage2_start generation=1/8 individual=4/12 evals=16 stage2_unique_prices=663 best_score=5.7449808408 best_price=2.482911,5.300653 elapsed_sec=2081.72
[GA] phase=stage2_done generation=1/8 individual=4/12 evals=16 stage2_unique_prices=664 best_score=5.7449808408 best_price=2.482911,5.300653 elapsed_sec=2083.91
[GA] phase=objective_start generation=1/8 individual=4/12 evals=16 stage2_unique_prices=664 best_score=5.7449808408 best_price=2.482911,5.300653 elapsed_sec=2083.91
[GA] phase=individual_done generation=1/8 individual=4/12 evals=16 stage2_unique_prices=714 best_score=5.7449808408 best_price=2.482911,5.300653 elapsed_sec=2221.99
[GA] phase=individual_start generation=1/8 individual=5/12 evals=17 stage2_unique_prices=714 best_score=5.7449808408 best_price=2.482911,5.300653 elapsed_sec=2221.99
[GA] phase=stage2_start generation=1/8 individual=5/12 evals=17 stage2_unique_prices=714 best_score=5.7449808408 best_price=2.482911,5.300653 elapsed_sec=2221.99
[GA] phase=stage2_done generation=1/8 individual=5/12 evals=17 stage2_unique_prices=715 best_score=5.7449808408 best_price=2.482911,5.300653 elapsed_sec=2224.86
[GA] phase=objective_start generation=1/8 individual=5/12 evals=17 stage2_unique_prices=715 best_score=5.7449808408 best_price=2.482911,5.300653 elapsed_sec=2224.86
[GA] phase=individual_done generation=1/8 individual=5/12 evals=17 stage2_unique_prices=765 best_score=5.7449808408 best_price=2.482911,5.300653 elapsed_sec=2371.26
[GA] phase=individual_start generation=1/8 individual=6/12 evals=18 stage2_unique_prices=765 best_score=5.7449808408 best_price=2.482911,5.300653 elapsed_sec=2371.26
[GA] phase=stage2_start generation=1/8 individual=6/12 evals=18 stage2_unique_prices=765 best_score=5.7449808408 best_price=2.482911,5.300653 elapsed_sec=2371.26
[GA] phase=stage2_done generation=1/8 individual=6/12 evals=18 stage2_unique_prices=766 best_score=5.7449808408 best_price=2.482911,5.300653 elapsed_sec=2373.98
[GA] phase=objective_start generation=1/8 individual=6/12 evals=18 stage2_unique_prices=766 best_score=5.7449808408 best_price=2.482911,5.300653 elapsed_sec=2373.98
[GA] phase=individual_done generation=1/8 individual=6/12 evals=18 stage2_unique_prices=816 best_score=5.7449808408 best_price=2.482911,5.300653 elapsed_sec=2511.93
[GA] phase=individual_start generation=1/8 individual=7/12 evals=19 stage2_unique_prices=816 best_score=5.7449808408 best_price=2.482911,5.300653 elapsed_sec=2511.93
[GA] phase=stage2_start generation=1/8 individual=7/12 evals=19 stage2_unique_prices=816 best_score=5.7449808408 best_price=2.482911,5.300653 elapsed_sec=2511.93
[GA] phase=stage2_done generation=1/8 individual=7/12 evals=19 stage2_unique_prices=817 best_score=5.7449808408 best_price=2.482911,5.300653 elapsed_sec=2514.94
[GA] phase=objective_start generation=1/8 individual=7/12 evals=19 stage2_unique_prices=817 best_score=5.7449808408 best_price=2.482911,5.300653 elapsed_sec=2514.94
[GA] phase=individual_done generation=1/8 individual=7/12 evals=19 stage2_unique_prices=867 best_score=5.7449808408 best_price=2.482911,5.300653 elapsed_sec=2662.53
[GA] phase=individual_start generation=1/8 individual=8/12 evals=20 stage2_unique_prices=867 best_score=5.7449808408 best_price=2.482911,5.300653 elapsed_sec=2662.53
[GA] phase=stage2_start generation=1/8 individual=8/12 evals=20 stage2_unique_prices=867 best_score=5.7449808408 best_price=2.482911,5.300653 elapsed_sec=2662.53
[GA] phase=stage2_done generation=1/8 individual=8/12 evals=20 stage2_unique_prices=868 best_score=5.7449808408 best_price=2.482911,5.300653 elapsed_sec=2665.53
[GA] phase=objective_start generation=1/8 individual=8/12 evals=20 stage2_unique_prices=868 best_score=5.7449808408 best_price=2.482911,5.300653 elapsed_sec=2665.53
[GA] phase=individual_done generation=1/8 individual=8/12 evals=20 stage2_unique_prices=918 best_score=5.49205333333 best_price=3.863937,3.866032 elapsed_sec=2812.18
[GA] phase=individual_start generation=1/8 individual=9/12 evals=21 stage2_unique_prices=918 best_score=5.49205333333 best_price=3.863937,3.866032 elapsed_sec=2812.18
[GA] phase=stage2_start generation=1/8 individual=9/12 evals=21 stage2_unique_prices=918 best_score=5.49205333333 best_price=3.863937,3.866032 elapsed_sec=2812.18
[GA] phase=stage2_done generation=1/8 individual=9/12 evals=21 stage2_unique_prices=919 best_score=5.49205333333 best_price=3.863937,3.866032 elapsed_sec=2815.35
[GA] phase=objective_start generation=1/8 individual=9/12 evals=21 stage2_unique_prices=919 best_score=5.49205333333 best_price=3.863937,3.866032 elapsed_sec=2815.35
[GA] phase=individual_done generation=1/8 individual=9/12 evals=21 stage2_unique_prices=969 best_score=5.49205333333 best_price=3.863937,3.866032 elapsed_sec=2966.26
[GA] phase=individual_start generation=1/8 individual=10/12 evals=22 stage2_unique_prices=969 best_score=5.49205333333 best_price=3.863937,3.866032 elapsed_sec=2966.26
[GA] phase=stage2_start generation=1/8 individual=10/12 evals=22 stage2_unique_prices=969 best_score=5.49205333333 best_price=3.863937,3.866032 elapsed_sec=2966.26
[GA] phase=stage2_done generation=1/8 individual=10/12 evals=22 stage2_unique_prices=970 best_score=5.49205333333 best_price=3.863937,3.866032 elapsed_sec=2969.29
[GA] phase=objective_start generation=1/8 individual=10/12 evals=22 stage2_unique_prices=970 best_score=5.49205333333 best_price=3.863937,3.866032 elapsed_sec=2969.29
[GA] phase=individual_done generation=1/8 individual=10/12 evals=22 stage2_unique_prices=1020 best_score=0.448013333333 best_price=3.870107,3.992133 elapsed_sec=3114.60
[GA] phase=individual_start generation=1/8 individual=11/12 evals=23 stage2_unique_prices=1020 best_score=0.448013333333 best_price=3.870107,3.992133 elapsed_sec=3114.60
[GA] phase=stage2_start generation=1/8 individual=11/12 evals=23 stage2_unique_prices=1020 best_score=0.448013333333 best_price=3.870107,3.992133 elapsed_sec=3114.60
[GA] phase=stage2_done generation=1/8 individual=11/12 evals=23 stage2_unique_prices=1021 best_score=0.448013333333 best_price=3.870107,3.992133 elapsed_sec=3117.76
[GA] phase=objective_start generation=1/8 individual=11/12 evals=23 stage2_unique_prices=1021 best_score=0.448013333333 best_price=3.870107,3.992133 elapsed_sec=3117.76
[GA] phase=individual_done generation=1/8 individual=11/12 evals=23 stage2_unique_prices=1071 best_score=0.448013333333 best_price=3.870107,3.992133 elapsed_sec=3266.98
[GA] phase=individual_start generation=1/8 individual=12/12 evals=24 stage2_unique_prices=1071 best_score=0.448013333333 best_price=3.870107,3.992133 elapsed_sec=3266.98
[GA] phase=stage2_start generation=1/8 individual=12/12 evals=24 stage2_unique_prices=1071 best_score=0.448013333333 best_price=3.870107,3.992133 elapsed_sec=3266.98
[GA] phase=stage2_done generation=1/8 individual=12/12 evals=24 stage2_unique_prices=1072 best_score=0.448013333333 best_price=3.870107,3.992133 elapsed_sec=3269.15
[GA] phase=objective_start generation=1/8 individual=12/12 evals=24 stage2_unique_prices=1072 best_score=0.448013333333 best_price=3.870107,3.992133 elapsed_sec=3269.15
[GA] phase=individual_done generation=1/8 individual=12/12 evals=24 stage2_unique_prices=1122 best_score=0.448013333333 best_price=3.870107,3.992133 elapsed_sec=3410.54
[GA] phase=population_done generation=1/8 evals=24 stage2_unique_prices=1122 best_score=0.448013333333 best_price=3.870107,3.992133 elapsed_sec=3410.54
[GA] phase=population_start generation=2/8 evals=24 stage2_unique_prices=1122 best_score=0.448013333333 best_price=3.870107,3.992133 elapsed_sec=3410.54
[GA] phase=individual_start generation=2/8 individual=1/12 evals=25 stage2_unique_prices=1122 best_score=0.448013333333 best_price=3.870107,3.992133 elapsed_sec=3410.54
[GA] phase=stage2_cache_hit generation=2/8 individual=1/12 evals=25 stage2_unique_prices=1122 best_score=0.448013333333 best_price=3.870107,3.992133 elapsed_sec=3410.54
[GA] phase=objective_start generation=2/8 individual=1/12 evals=25 stage2_unique_prices=1122 best_score=0.448013333333 best_price=3.870107,3.992133 elapsed_sec=3410.54
[GA] phase=individual_done generation=2/8 individual=1/12 evals=25 stage2_unique_prices=1122 best_score=0.448013333333 best_price=3.870107,3.992133 elapsed_sec=3410.54
[GA] phase=individual_start generation=2/8 individual=2/12 evals=26 stage2_unique_prices=1122 best_score=0.448013333333 best_price=3.870107,3.992133 elapsed_sec=3410.54
[GA] phase=stage2_cache_hit generation=2/8 individual=2/12 evals=26 stage2_unique_prices=1122 best_score=0.448013333333 best_price=3.870107,3.992133 elapsed_sec=3410.54
[GA] phase=objective_start generation=2/8 individual=2/12 evals=26 stage2_unique_prices=1122 best_score=0.448013333333 best_price=3.870107,3.992133 elapsed_sec=3410.54
[GA] phase=individual_done generation=2/8 individual=2/12 evals=26 stage2_unique_prices=1122 best_score=0.448013333333 best_price=3.870107,3.992133 elapsed_sec=3410.54
[GA] phase=individual_start generation=2/8 individual=3/12 evals=27 stage2_unique_prices=1122 best_score=0.448013333333 best_price=3.870107,3.992133 elapsed_sec=3410.54
[GA] phase=stage2_start generation=2/8 individual=3/12 evals=27 stage2_unique_prices=1122 best_score=0.448013333333 best_price=3.870107,3.992133 elapsed_sec=3410.54
[GA] phase=stage2_done generation=2/8 individual=3/12 evals=27 stage2_unique_prices=1123 best_score=0.448013333333 best_price=3.870107,3.992133 elapsed_sec=3413.55
[GA] phase=objective_start generation=2/8 individual=3/12 evals=27 stage2_unique_prices=1123 best_score=0.448013333333 best_price=3.870107,3.992133 elapsed_sec=3413.55
[GA] phase=individual_done generation=2/8 individual=3/12 evals=27 stage2_unique_prices=1173 best_score=0.448013333333 best_price=3.870107,3.992133 elapsed_sec=3559.69
[GA] phase=individual_start generation=2/8 individual=4/12 evals=28 stage2_unique_prices=1173 best_score=0.448013333333 best_price=3.870107,3.992133 elapsed_sec=3559.69
[GA] phase=stage2_start generation=2/8 individual=4/12 evals=28 stage2_unique_prices=1173 best_score=0.448013333333 best_price=3.870107,3.992133 elapsed_sec=3559.69
[GA] phase=stage2_done generation=2/8 individual=4/12 evals=28 stage2_unique_prices=1174 best_score=0.448013333333 best_price=3.870107,3.992133 elapsed_sec=3562.70
[GA] phase=objective_start generation=2/8 individual=4/12 evals=28 stage2_unique_prices=1174 best_score=0.448013333333 best_price=3.870107,3.992133 elapsed_sec=3562.70
[GA] phase=individual_done generation=2/8 individual=4/12 evals=28 stage2_unique_prices=1224 best_score=0.448013333333 best_price=3.870107,3.992133 elapsed_sec=3707.46
[GA] phase=individual_start generation=2/8 individual=5/12 evals=29 stage2_unique_prices=1224 best_score=0.448013333333 best_price=3.870107,3.992133 elapsed_sec=3707.46
[GA] phase=stage2_start generation=2/8 individual=5/12 evals=29 stage2_unique_prices=1224 best_score=0.448013333333 best_price=3.870107,3.992133 elapsed_sec=3707.46
[GA] phase=stage2_done generation=2/8 individual=5/12 evals=29 stage2_unique_prices=1225 best_score=0.448013333333 best_price=3.870107,3.992133 elapsed_sec=3710.31
[GA] phase=objective_start generation=2/8 individual=5/12 evals=29 stage2_unique_prices=1225 best_score=0.448013333333 best_price=3.870107,3.992133 elapsed_sec=3710.31
[GA] phase=individual_done generation=2/8 individual=5/12 evals=29 stage2_unique_prices=1275 best_score=0.448013333333 best_price=3.870107,3.992133 elapsed_sec=3851.59
[GA] phase=individual_start generation=2/8 individual=6/12 evals=30 stage2_unique_prices=1275 best_score=0.448013333333 best_price=3.870107,3.992133 elapsed_sec=3851.59
[GA] phase=stage2_start generation=2/8 individual=6/12 evals=30 stage2_unique_prices=1275 best_score=0.448013333333 best_price=3.870107,3.992133 elapsed_sec=3851.59
[GA] phase=stage2_done generation=2/8 individual=6/12 evals=30 stage2_unique_prices=1276 best_score=0.448013333333 best_price=3.870107,3.992133 elapsed_sec=3854.47
[GA] phase=objective_start generation=2/8 individual=6/12 evals=30 stage2_unique_prices=1276 best_score=0.448013333333 best_price=3.870107,3.992133 elapsed_sec=3854.47
[GA] phase=individual_done generation=2/8 individual=6/12 evals=30 stage2_unique_prices=1326 best_score=0.448013333333 best_price=3.870107,3.992133 elapsed_sec=3999.24
[GA] phase=individual_start generation=2/8 individual=7/12 evals=31 stage2_unique_prices=1326 best_score=0.448013333333 best_price=3.870107,3.992133 elapsed_sec=3999.24
[GA] phase=stage2_start generation=2/8 individual=7/12 evals=31 stage2_unique_prices=1326 best_score=0.448013333333 best_price=3.870107,3.992133 elapsed_sec=3999.24
[GA] phase=stage2_done generation=2/8 individual=7/12 evals=31 stage2_unique_prices=1327 best_score=0.448013333333 best_price=3.870107,3.992133 elapsed_sec=4002.40
[GA] phase=objective_start generation=2/8 individual=7/12 evals=31 stage2_unique_prices=1327 best_score=0.448013333333 best_price=3.870107,3.992133 elapsed_sec=4002.40
[GA] phase=individual_done generation=2/8 individual=7/12 evals=31 stage2_unique_prices=1352 best_score=0.448013333333 best_price=3.870107,3.992133 elapsed_sec=4077.82
[GA] phase=individual_start generation=2/8 individual=8/12 evals=32 stage2_unique_prices=1352 best_score=0.448013333333 best_price=3.870107,3.992133 elapsed_sec=4077.82
[GA] phase=stage2_cache_hit generation=2/8 individual=8/12 evals=32 stage2_unique_prices=1352 best_score=0.448013333333 best_price=3.870107,3.992133 elapsed_sec=4077.82
[GA] phase=objective_start generation=2/8 individual=8/12 evals=32 stage2_unique_prices=1352 best_score=0.448013333333 best_price=3.870107,3.992133 elapsed_sec=4077.82
[GA] phase=individual_done generation=2/8 individual=8/12 evals=32 stage2_unique_prices=1352 best_score=0.448013333333 best_price=3.870107,3.992133 elapsed_sec=4077.82
[GA] phase=individual_start generation=2/8 individual=9/12 evals=33 stage2_unique_prices=1352 best_score=0.448013333333 best_price=3.870107,3.992133 elapsed_sec=4077.82
[GA] phase=stage2_start generation=2/8 individual=9/12 evals=33 stage2_unique_prices=1352 best_score=0.448013333333 best_price=3.870107,3.992133 elapsed_sec=4077.82
[GA] phase=stage2_done generation=2/8 individual=9/12 evals=33 stage2_unique_prices=1353 best_score=0.448013333333 best_price=3.870107,3.992133 elapsed_sec=4080.82
[GA] phase=objective_start generation=2/8 individual=9/12 evals=33 stage2_unique_prices=1353 best_score=0.448013333333 best_price=3.870107,3.992133 elapsed_sec=4080.82
[GA] phase=individual_done generation=2/8 individual=9/12 evals=33 stage2_unique_prices=1403 best_score=0.448013333333 best_price=3.870107,3.992133 elapsed_sec=4229.10
[GA] phase=individual_start generation=2/8 individual=10/12 evals=34 stage2_unique_prices=1403 best_score=0.448013333333 best_price=3.870107,3.992133 elapsed_sec=4229.10
[GA] phase=stage2_start generation=2/8 individual=10/12 evals=34 stage2_unique_prices=1403 best_score=0.448013333333 best_price=3.870107,3.992133 elapsed_sec=4229.10
[GA] phase=stage2_done generation=2/8 individual=10/12 evals=34 stage2_unique_prices=1404 best_score=0.448013333333 best_price=3.870107,3.992133 elapsed_sec=4232.12
[GA] phase=objective_start generation=2/8 individual=10/12 evals=34 stage2_unique_prices=1404 best_score=0.448013333333 best_price=3.870107,3.992133 elapsed_sec=4232.12
[GA] phase=individual_done generation=2/8 individual=10/12 evals=34 stage2_unique_prices=1454 best_score=0.448013333333 best_price=3.870107,3.992133 elapsed_sec=4378.25
[GA] phase=individual_start generation=2/8 individual=11/12 evals=35 stage2_unique_prices=1454 best_score=0.448013333333 best_price=3.870107,3.992133 elapsed_sec=4378.25
[GA] phase=stage2_start generation=2/8 individual=11/12 evals=35 stage2_unique_prices=1454 best_score=0.448013333333 best_price=3.870107,3.992133 elapsed_sec=4378.25
[GA] phase=stage2_done generation=2/8 individual=11/12 evals=35 stage2_unique_prices=1455 best_score=0.448013333333 best_price=3.870107,3.992133 elapsed_sec=4381.42
[GA] phase=objective_start generation=2/8 individual=11/12 evals=35 stage2_unique_prices=1455 best_score=0.448013333333 best_price=3.870107,3.992133 elapsed_sec=4381.42
[GA] phase=individual_done generation=2/8 individual=11/12 evals=35 stage2_unique_prices=1505 best_score=0.448013333333 best_price=3.870107,3.992133 elapsed_sec=4529.61
[GA] phase=individual_start generation=2/8 individual=12/12 evals=36 stage2_unique_prices=1505 best_score=0.448013333333 best_price=3.870107,3.992133 elapsed_sec=4529.62
[GA] phase=stage2_start generation=2/8 individual=12/12 evals=36 stage2_unique_prices=1505 best_score=0.448013333333 best_price=3.870107,3.992133 elapsed_sec=4529.62
[GA] phase=stage2_done generation=2/8 individual=12/12 evals=36 stage2_unique_prices=1506 best_score=0.448013333333 best_price=3.870107,3.992133 elapsed_sec=4532.47
[GA] phase=objective_start generation=2/8 individual=12/12 evals=36 stage2_unique_prices=1506 best_score=0.448013333333 best_price=3.870107,3.992133 elapsed_sec=4532.47
[GA] phase=individual_done generation=2/8 individual=12/12 evals=36 stage2_unique_prices=1556 best_score=0.448013333333 best_price=3.870107,3.992133 elapsed_sec=4676.69
[GA] phase=population_done generation=2/8 evals=36 stage2_unique_prices=1556 best_score=0.448013333333 best_price=3.870107,3.992133 elapsed_sec=4676.69
[GA] phase=population_start generation=3/8 evals=36 stage2_unique_prices=1556 best_score=0.448013333333 best_price=3.870107,3.992133 elapsed_sec=4676.69
[GA] phase=individual_start generation=3/8 individual=1/12 evals=37 stage2_unique_prices=1556 best_score=0.448013333333 best_price=3.870107,3.992133 elapsed_sec=4676.69
[GA] phase=stage2_cache_hit generation=3/8 individual=1/12 evals=37 stage2_unique_prices=1556 best_score=0.448013333333 best_price=3.870107,3.992133 elapsed_sec=4676.69
[GA] phase=objective_start generation=3/8 individual=1/12 evals=37 stage2_unique_prices=1556 best_score=0.448013333333 best_price=3.870107,3.992133 elapsed_sec=4676.69
[GA] phase=individual_done generation=3/8 individual=1/12 evals=37 stage2_unique_prices=1556 best_score=0.448013333333 best_price=3.870107,3.992133 elapsed_sec=4676.69
[GA] phase=individual_start generation=3/8 individual=2/12 evals=38 stage2_unique_prices=1556 best_score=0.448013333333 best_price=3.870107,3.992133 elapsed_sec=4676.69
[GA] phase=stage2_cache_hit generation=3/8 individual=2/12 evals=38 stage2_unique_prices=1556 best_score=0.448013333333 best_price=3.870107,3.992133 elapsed_sec=4676.69
[GA] phase=objective_start generation=3/8 individual=2/12 evals=38 stage2_unique_prices=1556 best_score=0.448013333333 best_price=3.870107,3.992133 elapsed_sec=4676.69
[GA] phase=individual_done generation=3/8 individual=2/12 evals=38 stage2_unique_prices=1556 best_score=0.448013333333 best_price=3.870107,3.992133 elapsed_sec=4676.69
[GA] phase=individual_start generation=3/8 individual=3/12 evals=39 stage2_unique_prices=1556 best_score=0.448013333333 best_price=3.870107,3.992133 elapsed_sec=4676.69
[GA] phase=stage2_start generation=3/8 individual=3/12 evals=39 stage2_unique_prices=1556 best_score=0.448013333333 best_price=3.870107,3.992133 elapsed_sec=4676.69
[GA] phase=stage2_done generation=3/8 individual=3/12 evals=39 stage2_unique_prices=1557 best_score=0.448013333333 best_price=3.870107,3.992133 elapsed_sec=4679.89
[GA] phase=objective_start generation=3/8 individual=3/12 evals=39 stage2_unique_prices=1557 best_score=0.448013333333 best_price=3.870107,3.992133 elapsed_sec=4679.89
[GA] phase=individual_done generation=3/8 individual=3/12 evals=39 stage2_unique_prices=1582 best_score=0.448013333333 best_price=3.870107,3.992133 elapsed_sec=4752.85
[GA] phase=individual_start generation=3/8 individual=4/12 evals=40 stage2_unique_prices=1582 best_score=0.448013333333 best_price=3.870107,3.992133 elapsed_sec=4752.85
[GA] phase=stage2_cache_hit generation=3/8 individual=4/12 evals=40 stage2_unique_prices=1582 best_score=0.448013333333 best_price=3.870107,3.992133 elapsed_sec=4752.85
[GA] phase=objective_start generation=3/8 individual=4/12 evals=40 stage2_unique_prices=1582 best_score=0.448013333333 best_price=3.870107,3.992133 elapsed_sec=4752.85
[GA] phase=individual_done generation=3/8 individual=4/12 evals=40 stage2_unique_prices=1582 best_score=0.448013333333 best_price=3.870107,3.992133 elapsed_sec=4752.85
[GA] phase=individual_start generation=3/8 individual=5/12 evals=41 stage2_unique_prices=1582 best_score=0.448013333333 best_price=3.870107,3.992133 elapsed_sec=4752.85
[GA] phase=stage2_start generation=3/8 individual=5/12 evals=41 stage2_unique_prices=1582 best_score=0.448013333333 best_price=3.870107,3.992133 elapsed_sec=4752.85
[GA] phase=stage2_done generation=3/8 individual=5/12 evals=41 stage2_unique_prices=1583 best_score=0.448013333333 best_price=3.870107,3.992133 elapsed_sec=4755.21
[GA] phase=objective_start generation=3/8 individual=5/12 evals=41 stage2_unique_prices=1583 best_score=0.448013333333 best_price=3.870107,3.992133 elapsed_sec=4755.21
[GA] phase=individual_done generation=3/8 individual=5/12 evals=41 stage2_unique_prices=1633 best_score=0.448013333333 best_price=3.870107,3.992133 elapsed_sec=4893.59
[GA] phase=individual_start generation=3/8 individual=6/12 evals=42 stage2_unique_prices=1633 best_score=0.448013333333 best_price=3.870107,3.992133 elapsed_sec=4893.59
[GA] phase=stage2_start generation=3/8 individual=6/12 evals=42 stage2_unique_prices=1633 best_score=0.448013333333 best_price=3.870107,3.992133 elapsed_sec=4893.59
[GA] phase=stage2_done generation=3/8 individual=6/12 evals=42 stage2_unique_prices=1634 best_score=0.448013333333 best_price=3.870107,3.992133 elapsed_sec=4896.70
[GA] phase=objective_start generation=3/8 individual=6/12 evals=42 stage2_unique_prices=1634 best_score=0.448013333333 best_price=3.870107,3.992133 elapsed_sec=4896.70
[GA] phase=individual_done generation=3/8 individual=6/12 evals=42 stage2_unique_prices=1684 best_score=0.448013333333 best_price=3.870107,3.992133 elapsed_sec=5043.12
[GA] phase=individual_start generation=3/8 individual=7/12 evals=43 stage2_unique_prices=1684 best_score=0.448013333333 best_price=3.870107,3.992133 elapsed_sec=5043.12
[GA] phase=stage2_start generation=3/8 individual=7/12 evals=43 stage2_unique_prices=1684 best_score=0.448013333333 best_price=3.870107,3.992133 elapsed_sec=5043.12
[GA] phase=stage2_done generation=3/8 individual=7/12 evals=43 stage2_unique_prices=1685 best_score=0.448013333333 best_price=3.870107,3.992133 elapsed_sec=5046.13
[GA] phase=objective_start generation=3/8 individual=7/12 evals=43 stage2_unique_prices=1685 best_score=0.448013333333 best_price=3.870107,3.992133 elapsed_sec=5046.13
[GA] phase=individual_done generation=3/8 individual=7/12 evals=43 stage2_unique_prices=1735 best_score=0.448013333333 best_price=3.870107,3.992133 elapsed_sec=5194.24
[GA] phase=individual_start generation=3/8 individual=8/12 evals=44 stage2_unique_prices=1735 best_score=0.448013333333 best_price=3.870107,3.992133 elapsed_sec=5194.24
[GA] phase=stage2_start generation=3/8 individual=8/12 evals=44 stage2_unique_prices=1735 best_score=0.448013333333 best_price=3.870107,3.992133 elapsed_sec=5194.24
[GA] phase=stage2_done generation=3/8 individual=8/12 evals=44 stage2_unique_prices=1736 best_score=0.448013333333 best_price=3.870107,3.992133 elapsed_sec=5197.26
[GA] phase=objective_start generation=3/8 individual=8/12 evals=44 stage2_unique_prices=1736 best_score=0.448013333333 best_price=3.870107,3.992133 elapsed_sec=5197.26
[GA] phase=individual_done generation=3/8 individual=8/12 evals=44 stage2_unique_prices=1786 best_score=0.448013333333 best_price=3.870107,3.992133 elapsed_sec=5343.72
[GA] phase=individual_start generation=3/8 individual=9/12 evals=45 stage2_unique_prices=1786 best_score=0.448013333333 best_price=3.870107,3.992133 elapsed_sec=5343.72
[GA] phase=stage2_start generation=3/8 individual=9/12 evals=45 stage2_unique_prices=1786 best_score=0.448013333333 best_price=3.870107,3.992133 elapsed_sec=5343.72
[GA] phase=stage2_done generation=3/8 individual=9/12 evals=45 stage2_unique_prices=1787 best_score=0.448013333333 best_price=3.870107,3.992133 elapsed_sec=5346.60
[GA] phase=objective_start generation=3/8 individual=9/12 evals=45 stage2_unique_prices=1787 best_score=0.448013333333 best_price=3.870107,3.992133 elapsed_sec=5346.60
[GA] phase=individual_done generation=3/8 individual=9/12 evals=45 stage2_unique_prices=1837 best_score=0.448013333333 best_price=3.870107,3.992133 elapsed_sec=5497.15
[GA] phase=individual_start generation=3/8 individual=10/12 evals=46 stage2_unique_prices=1837 best_score=0.448013333333 best_price=3.870107,3.992133 elapsed_sec=5497.15
[GA] phase=stage2_start generation=3/8 individual=10/12 evals=46 stage2_unique_prices=1837 best_score=0.448013333333 best_price=3.870107,3.992133 elapsed_sec=5497.15
[GA] phase=stage2_done generation=3/8 individual=10/12 evals=46 stage2_unique_prices=1838 best_score=0.448013333333 best_price=3.870107,3.992133 elapsed_sec=5500.05
[GA] phase=objective_start generation=3/8 individual=10/12 evals=46 stage2_unique_prices=1838 best_score=0.448013333333 best_price=3.870107,3.992133 elapsed_sec=5500.05
[GA] phase=individual_done generation=3/8 individual=10/12 evals=46 stage2_unique_prices=1888 best_score=0.267326501608 best_price=4.737495,3.44227 elapsed_sec=5645.12
[GA] phase=individual_start generation=3/8 individual=11/12 evals=47 stage2_unique_prices=1888 best_score=0.267326501608 best_price=4.737495,3.44227 elapsed_sec=5645.13
[GA] phase=stage2_start generation=3/8 individual=11/12 evals=47 stage2_unique_prices=1888 best_score=0.267326501608 best_price=4.737495,3.44227 elapsed_sec=5645.13
[GA] phase=stage2_done generation=3/8 individual=11/12 evals=47 stage2_unique_prices=1889 best_score=0.267326501608 best_price=4.737495,3.44227 elapsed_sec=5647.49
[GA] phase=objective_start generation=3/8 individual=11/12 evals=47 stage2_unique_prices=1889 best_score=0.267326501608 best_price=4.737495,3.44227 elapsed_sec=5647.49
[GA] phase=individual_done generation=3/8 individual=11/12 evals=47 stage2_unique_prices=1939 best_score=0.267326501608 best_price=4.737495,3.44227 elapsed_sec=5787.86
[GA] phase=individual_start generation=3/8 individual=12/12 evals=48 stage2_unique_prices=1939 best_score=0.267326501608 best_price=4.737495,3.44227 elapsed_sec=5787.86
[GA] phase=stage2_start generation=3/8 individual=12/12 evals=48 stage2_unique_prices=1939 best_score=0.267326501608 best_price=4.737495,3.44227 elapsed_sec=5787.86
[GA] phase=stage2_done generation=3/8 individual=12/12 evals=48 stage2_unique_prices=1940 best_score=0.267326501608 best_price=4.737495,3.44227 elapsed_sec=5790.22
[GA] phase=objective_start generation=3/8 individual=12/12 evals=48 stage2_unique_prices=1940 best_score=0.267326501608 best_price=4.737495,3.44227 elapsed_sec=5790.22
[GA] phase=individual_done generation=3/8 individual=12/12 evals=48 stage2_unique_prices=1990 best_score=0.267326501608 best_price=4.737495,3.44227 elapsed_sec=5933.40
[GA] phase=population_done generation=3/8 evals=48 stage2_unique_prices=1990 best_score=0.267326501608 best_price=4.737495,3.44227 elapsed_sec=5933.40
[GA] phase=population_start generation=4/8 evals=48 stage2_unique_prices=1990 best_score=0.267326501608 best_price=4.737495,3.44227 elapsed_sec=5933.40
[GA] phase=individual_start generation=4/8 individual=1/12 evals=49 stage2_unique_prices=1990 best_score=0.267326501608 best_price=4.737495,3.44227 elapsed_sec=5933.40
[GA] phase=stage2_cache_hit generation=4/8 individual=1/12 evals=49 stage2_unique_prices=1990 best_score=0.267326501608 best_price=4.737495,3.44227 elapsed_sec=5933.40
[GA] phase=objective_start generation=4/8 individual=1/12 evals=49 stage2_unique_prices=1990 best_score=0.267326501608 best_price=4.737495,3.44227 elapsed_sec=5933.40
[GA] phase=individual_done generation=4/8 individual=1/12 evals=49 stage2_unique_prices=1990 best_score=0.267326501608 best_price=4.737495,3.44227 elapsed_sec=5933.40
[GA] phase=individual_start generation=4/8 individual=2/12 evals=50 stage2_unique_prices=1990 best_score=0.267326501608 best_price=4.737495,3.44227 elapsed_sec=5933.40
[GA] phase=stage2_cache_hit generation=4/8 individual=2/12 evals=50 stage2_unique_prices=1990 best_score=0.267326501608 best_price=4.737495,3.44227 elapsed_sec=5933.40
[GA] phase=objective_start generation=4/8 individual=2/12 evals=50 stage2_unique_prices=1990 best_score=0.267326501608 best_price=4.737495,3.44227 elapsed_sec=5933.40
[GA] phase=individual_done generation=4/8 individual=2/12 evals=50 stage2_unique_prices=1990 best_score=0.267326501608 best_price=4.737495,3.44227 elapsed_sec=5933.40
[GA] phase=individual_start generation=4/8 individual=3/12 evals=51 stage2_unique_prices=1990 best_score=0.267326501608 best_price=4.737495,3.44227 elapsed_sec=5933.40
[GA] phase=stage2_cache_hit generation=4/8 individual=3/12 evals=51 stage2_unique_prices=1990 best_score=0.267326501608 best_price=4.737495,3.44227 elapsed_sec=5933.40
[GA] phase=objective_start generation=4/8 individual=3/12 evals=51 stage2_unique_prices=1990 best_score=0.267326501608 best_price=4.737495,3.44227 elapsed_sec=5933.40
[GA] phase=individual_done generation=4/8 individual=3/12 evals=51 stage2_unique_prices=1990 best_score=0.267326501608 best_price=4.737495,3.44227 elapsed_sec=5933.40
[GA] phase=individual_start generation=4/8 individual=4/12 evals=52 stage2_unique_prices=1990 best_score=0.267326501608 best_price=4.737495,3.44227 elapsed_sec=5933.40
[GA] phase=stage2_cache_hit generation=4/8 individual=4/12 evals=52 stage2_unique_prices=1990 best_score=0.267326501608 best_price=4.737495,3.44227 elapsed_sec=5933.40
[GA] phase=objective_start generation=4/8 individual=4/12 evals=52 stage2_unique_prices=1990 best_score=0.267326501608 best_price=4.737495,3.44227 elapsed_sec=5933.40
[GA] phase=individual_done generation=4/8 individual=4/12 evals=52 stage2_unique_prices=1990 best_score=0.267326501608 best_price=4.737495,3.44227 elapsed_sec=5933.40
[GA] phase=individual_start generation=4/8 individual=5/12 evals=53 stage2_unique_prices=1990 best_score=0.267326501608 best_price=4.737495,3.44227 elapsed_sec=5933.40
[GA] phase=stage2_cache_hit generation=4/8 individual=5/12 evals=53 stage2_unique_prices=1990 best_score=0.267326501608 best_price=4.737495,3.44227 elapsed_sec=5933.40
[GA] phase=objective_start generation=4/8 individual=5/12 evals=53 stage2_unique_prices=1990 best_score=0.267326501608 best_price=4.737495,3.44227 elapsed_sec=5933.40
[GA] phase=individual_done generation=4/8 individual=5/12 evals=53 stage2_unique_prices=1990 best_score=0.267326501608 best_price=4.737495,3.44227 elapsed_sec=5933.40
[GA] phase=individual_start generation=4/8 individual=6/12 evals=54 stage2_unique_prices=1990 best_score=0.267326501608 best_price=4.737495,3.44227 elapsed_sec=5933.40
[GA] phase=stage2_cache_hit generation=4/8 individual=6/12 evals=54 stage2_unique_prices=1990 best_score=0.267326501608 best_price=4.737495,3.44227 elapsed_sec=5933.40
[GA] phase=objective_start generation=4/8 individual=6/12 evals=54 stage2_unique_prices=1990 best_score=0.267326501608 best_price=4.737495,3.44227 elapsed_sec=5933.40
[GA] phase=individual_done generation=4/8 individual=6/12 evals=54 stage2_unique_prices=1990 best_score=0.267326501608 best_price=4.737495,3.44227 elapsed_sec=5933.40
[GA] phase=individual_start generation=4/8 individual=7/12 evals=55 stage2_unique_prices=1990 best_score=0.267326501608 best_price=4.737495,3.44227 elapsed_sec=5933.40
[GA] phase=stage2_cache_hit generation=4/8 individual=7/12 evals=55 stage2_unique_prices=1990 best_score=0.267326501608 best_price=4.737495,3.44227 elapsed_sec=5933.40
[GA] phase=objective_start generation=4/8 individual=7/12 evals=55 stage2_unique_prices=1990 best_score=0.267326501608 best_price=4.737495,3.44227 elapsed_sec=5933.40
[GA] phase=individual_done generation=4/8 individual=7/12 evals=55 stage2_unique_prices=1990 best_score=0.267326501608 best_price=4.737495,3.44227 elapsed_sec=5933.40
[GA] phase=individual_start generation=4/8 individual=8/12 evals=56 stage2_unique_prices=1990 best_score=0.267326501608 best_price=4.737495,3.44227 elapsed_sec=5933.40
[GA] phase=stage2_start generation=4/8 individual=8/12 evals=56 stage2_unique_prices=1990 best_score=0.267326501608 best_price=4.737495,3.44227 elapsed_sec=5933.40
[GA] phase=stage2_done generation=4/8 individual=8/12 evals=56 stage2_unique_prices=1991 best_score=0.267326501608 best_price=4.737495,3.44227 elapsed_sec=5936.51
[GA] phase=objective_start generation=4/8 individual=8/12 evals=56 stage2_unique_prices=1991 best_score=0.267326501608 best_price=4.737495,3.44227 elapsed_sec=5936.51
[GA] phase=individual_done generation=4/8 individual=8/12 evals=56 stage2_unique_prices=2016 best_score=0.267326501608 best_price=4.737495,3.44227 elapsed_sec=6015.52
[GA] phase=individual_start generation=4/8 individual=9/12 evals=57 stage2_unique_prices=2016 best_score=0.267326501608 best_price=4.737495,3.44227 elapsed_sec=6015.52
[GA] phase=stage2_start generation=4/8 individual=9/12 evals=57 stage2_unique_prices=2016 best_score=0.267326501608 best_price=4.737495,3.44227 elapsed_sec=6015.52
[GA] phase=stage2_done generation=4/8 individual=9/12 evals=57 stage2_unique_prices=2017 best_score=0.267326501608 best_price=4.737495,3.44227 elapsed_sec=6018.93
[GA] phase=objective_start generation=4/8 individual=9/12 evals=57 stage2_unique_prices=2017 best_score=0.267326501608 best_price=4.737495,3.44227 elapsed_sec=6018.93
[GA] phase=individual_done generation=4/8 individual=9/12 evals=57 stage2_unique_prices=2067 best_score=0.267326501608 best_price=4.737495,3.44227 elapsed_sec=6182.03
[GA] phase=individual_start generation=4/8 individual=10/12 evals=58 stage2_unique_prices=2067 best_score=0.267326501608 best_price=4.737495,3.44227 elapsed_sec=6182.03
[GA] phase=stage2_start generation=4/8 individual=10/12 evals=58 stage2_unique_prices=2067 best_score=0.267326501608 best_price=4.737495,3.44227 elapsed_sec=6182.03
[GA] phase=stage2_done generation=4/8 individual=10/12 evals=58 stage2_unique_prices=2068 best_score=0.267326501608 best_price=4.737495,3.44227 elapsed_sec=6185.35
[GA] phase=objective_start generation=4/8 individual=10/12 evals=58 stage2_unique_prices=2068 best_score=0.267326501608 best_price=4.737495,3.44227 elapsed_sec=6185.35
[GA] phase=individual_done generation=4/8 individual=10/12 evals=58 stage2_unique_prices=2118 best_score=0.267326501608 best_price=4.737495,3.44227 elapsed_sec=6347.37
[GA] phase=individual_start generation=4/8 individual=11/12 evals=59 stage2_unique_prices=2118 best_score=0.267326501608 best_price=4.737495,3.44227 elapsed_sec=6347.37
[GA] phase=stage2_cache_hit generation=4/8 individual=11/12 evals=59 stage2_unique_prices=2118 best_score=0.267326501608 best_price=4.737495,3.44227 elapsed_sec=6347.37
[GA] phase=objective_start generation=4/8 individual=11/12 evals=59 stage2_unique_prices=2118 best_score=0.267326501608 best_price=4.737495,3.44227 elapsed_sec=6347.37
[GA] phase=individual_done generation=4/8 individual=11/12 evals=59 stage2_unique_prices=2118 best_score=0.267326501608 best_price=4.737495,3.44227 elapsed_sec=6347.37
[GA] phase=individual_start generation=4/8 individual=12/12 evals=60 stage2_unique_prices=2118 best_score=0.267326501608 best_price=4.737495,3.44227 elapsed_sec=6347.37
[GA] phase=stage2_start generation=4/8 individual=12/12 evals=60 stage2_unique_prices=2118 best_score=0.267326501608 best_price=4.737495,3.44227 elapsed_sec=6347.37
[GA] phase=stage2_done generation=4/8 individual=12/12 evals=60 stage2_unique_prices=2119 best_score=0.267326501608 best_price=4.737495,3.44227 elapsed_sec=6351.05
[GA] phase=objective_start generation=4/8 individual=12/12 evals=60 stage2_unique_prices=2119 best_score=0.267326501608 best_price=4.737495,3.44227 elapsed_sec=6351.05
[GA] phase=individual_done generation=4/8 individual=12/12 evals=60 stage2_unique_prices=2144 best_score=0.267326501608 best_price=4.737495,3.44227 elapsed_sec=6453.77
[GA] phase=population_done generation=4/8 evals=60 stage2_unique_prices=2144 best_score=0.267326501608 best_price=4.737495,3.44227 elapsed_sec=6453.77
[GA] phase=population_start generation=5/8 evals=60 stage2_unique_prices=2144 best_score=0.267326501608 best_price=4.737495,3.44227 elapsed_sec=6453.77
[GA] phase=individual_start generation=5/8 individual=1/12 evals=61 stage2_unique_prices=2144 best_score=0.267326501608 best_price=4.737495,3.44227 elapsed_sec=6453.77
[GA] phase=stage2_cache_hit generation=5/8 individual=1/12 evals=61 stage2_unique_prices=2144 best_score=0.267326501608 best_price=4.737495,3.44227 elapsed_sec=6453.77
[GA] phase=objective_start generation=5/8 individual=1/12 evals=61 stage2_unique_prices=2144 best_score=0.267326501608 best_price=4.737495,3.44227 elapsed_sec=6453.77
[GA] phase=individual_done generation=5/8 individual=1/12 evals=61 stage2_unique_prices=2144 best_score=0.267326501608 best_price=4.737495,3.44227 elapsed_sec=6453.77
[GA] phase=individual_start generation=5/8 individual=2/12 evals=62 stage2_unique_prices=2144 best_score=0.267326501608 best_price=4.737495,3.44227 elapsed_sec=6453.77
[GA] phase=stage2_cache_hit generation=5/8 individual=2/12 evals=62 stage2_unique_prices=2144 best_score=0.267326501608 best_price=4.737495,3.44227 elapsed_sec=6453.77
[GA] phase=objective_start generation=5/8 individual=2/12 evals=62 stage2_unique_prices=2144 best_score=0.267326501608 best_price=4.737495,3.44227 elapsed_sec=6453.77
[GA] phase=individual_done generation=5/8 individual=2/12 evals=62 stage2_unique_prices=2144 best_score=0.267326501608 best_price=4.737495,3.44227 elapsed_sec=6453.77
[GA] phase=individual_start generation=5/8 individual=3/12 evals=63 stage2_unique_prices=2144 best_score=0.267326501608 best_price=4.737495,3.44227 elapsed_sec=6453.77
[GA] phase=stage2_cache_hit generation=5/8 individual=3/12 evals=63 stage2_unique_prices=2144 best_score=0.267326501608 best_price=4.737495,3.44227 elapsed_sec=6453.77
[GA] phase=objective_start generation=5/8 individual=3/12 evals=63 stage2_unique_prices=2144 best_score=0.267326501608 best_price=4.737495,3.44227 elapsed_sec=6453.77
[GA] phase=individual_done generation=5/8 individual=3/12 evals=63 stage2_unique_prices=2144 best_score=0.267326501608 best_price=4.737495,3.44227 elapsed_sec=6453.77
[GA] phase=individual_start generation=5/8 individual=4/12 evals=64 stage2_unique_prices=2144 best_score=0.267326501608 best_price=4.737495,3.44227 elapsed_sec=6453.77
[GA] phase=stage2_cache_hit generation=5/8 individual=4/12 evals=64 stage2_unique_prices=2144 best_score=0.267326501608 best_price=4.737495,3.44227 elapsed_sec=6453.77
[GA] phase=objective_start generation=5/8 individual=4/12 evals=64 stage2_unique_prices=2144 best_score=0.267326501608 best_price=4.737495,3.44227 elapsed_sec=6453.77
[GA] phase=individual_done generation=5/8 individual=4/12 evals=64 stage2_unique_prices=2144 best_score=0.267326501608 best_price=4.737495,3.44227 elapsed_sec=6453.77
[GA] phase=individual_start generation=5/8 individual=5/12 evals=65 stage2_unique_prices=2144 best_score=0.267326501608 best_price=4.737495,3.44227 elapsed_sec=6453.77
[GA] phase=stage2_start generation=5/8 individual=5/12 evals=65 stage2_unique_prices=2144 best_score=0.267326501608 best_price=4.737495,3.44227 elapsed_sec=6453.77
[GA] phase=stage2_done generation=5/8 individual=5/12 evals=65 stage2_unique_prices=2145 best_score=0.267326501608 best_price=4.737495,3.44227 elapsed_sec=6459.07
[GA] phase=objective_start generation=5/8 individual=5/12 evals=65 stage2_unique_prices=2145 best_score=0.267326501608 best_price=4.737495,3.44227 elapsed_sec=6459.07
[GA] phase=individual_done generation=5/8 individual=5/12 evals=65 stage2_unique_prices=2170 best_score=0.267326501608 best_price=4.737495,3.44227 elapsed_sec=6613.17
[GA] phase=individual_start generation=5/8 individual=6/12 evals=66 stage2_unique_prices=2170 best_score=0.267326501608 best_price=4.737495,3.44227 elapsed_sec=6613.17
[GA] phase=stage2_start generation=5/8 individual=6/12 evals=66 stage2_unique_prices=2170 best_score=0.267326501608 best_price=4.737495,3.44227 elapsed_sec=6613.17
[GA] phase=stage2_done generation=5/8 individual=6/12 evals=66 stage2_unique_prices=2171 best_score=0.267326501608 best_price=4.737495,3.44227 elapsed_sec=6618.51
[GA] phase=objective_start generation=5/8 individual=6/12 evals=66 stage2_unique_prices=2171 best_score=0.267326501608 best_price=4.737495,3.44227 elapsed_sec=6618.51
[GA] phase=individual_done generation=5/8 individual=6/12 evals=66 stage2_unique_prices=2221 best_score=0.267326501608 best_price=4.737495,3.44227 elapsed_sec=6820.94
[GA] phase=individual_start generation=5/8 individual=7/12 evals=67 stage2_unique_prices=2221 best_score=0.267326501608 best_price=4.737495,3.44227 elapsed_sec=6820.94
[GA] phase=stage2_start generation=5/8 individual=7/12 evals=67 stage2_unique_prices=2221 best_score=0.267326501608 best_price=4.737495,3.44227 elapsed_sec=6820.94
[GA] phase=stage2_done generation=5/8 individual=7/12 evals=67 stage2_unique_prices=2222 best_score=0.267326501608 best_price=4.737495,3.44227 elapsed_sec=6823.97
[GA] phase=objective_start generation=5/8 individual=7/12 evals=67 stage2_unique_prices=2222 best_score=0.267326501608 best_price=4.737495,3.44227 elapsed_sec=6823.97
[GA] phase=individual_done generation=5/8 individual=7/12 evals=67 stage2_unique_prices=2247 best_score=0.267326501608 best_price=4.737495,3.44227 elapsed_sec=6894.48
[GA] phase=individual_start generation=5/8 individual=8/12 evals=68 stage2_unique_prices=2247 best_score=0.267326501608 best_price=4.737495,3.44227 elapsed_sec=6894.48
[GA] phase=stage2_start generation=5/8 individual=8/12 evals=68 stage2_unique_prices=2247 best_score=0.267326501608 best_price=4.737495,3.44227 elapsed_sec=6894.48
[GA] phase=stage2_done generation=5/8 individual=8/12 evals=68 stage2_unique_prices=2248 best_score=0.267326501608 best_price=4.737495,3.44227 elapsed_sec=6897.48
[GA] phase=objective_start generation=5/8 individual=8/12 evals=68 stage2_unique_prices=2248 best_score=0.267326501608 best_price=4.737495,3.44227 elapsed_sec=6897.48
[GA] phase=individual_done generation=5/8 individual=8/12 evals=68 stage2_unique_prices=2273 best_score=0 best_price=3.870107,4.045379 elapsed_sec=6974.10
[GA] phase=individual_start generation=5/8 individual=9/12 evals=69 stage2_unique_prices=2273 best_score=0 best_price=3.870107,4.045379 elapsed_sec=6974.10
[GA] phase=stage2_start generation=5/8 individual=9/12 evals=69 stage2_unique_prices=2273 best_score=0 best_price=3.870107,4.045379 elapsed_sec=6974.10
[GA] phase=stage2_done generation=5/8 individual=9/12 evals=69 stage2_unique_prices=2274 best_score=0 best_price=3.870107,4.045379 elapsed_sec=6976.78
[GA] phase=objective_start generation=5/8 individual=9/12 evals=69 stage2_unique_prices=2274 best_score=0 best_price=3.870107,4.045379 elapsed_sec=6976.78
[GA] phase=individual_done generation=5/8 individual=9/12 evals=69 stage2_unique_prices=2324 best_score=0 best_price=3.870107,4.045379 elapsed_sec=7116.51
[GA] phase=individual_start generation=5/8 individual=10/12 evals=70 stage2_unique_prices=2324 best_score=0 best_price=3.870107,4.045379 elapsed_sec=7116.51
[GA] phase=stage2_start generation=5/8 individual=10/12 evals=70 stage2_unique_prices=2324 best_score=0 best_price=3.870107,4.045379 elapsed_sec=7116.51
[GA] phase=stage2_done generation=5/8 individual=10/12 evals=70 stage2_unique_prices=2325 best_score=0 best_price=3.870107,4.045379 elapsed_sec=7119.39
[GA] phase=objective_start generation=5/8 individual=10/12 evals=70 stage2_unique_prices=2325 best_score=0 best_price=3.870107,4.045379 elapsed_sec=7119.39
[GA] phase=individual_done generation=5/8 individual=10/12 evals=70 stage2_unique_prices=2375 best_score=0 best_price=3.870107,4.045379 elapsed_sec=7261.27
[GA] phase=individual_start generation=5/8 individual=11/12 evals=71 stage2_unique_prices=2375 best_score=0 best_price=3.870107,4.045379 elapsed_sec=7261.27
[GA] phase=stage2_start generation=5/8 individual=11/12 evals=71 stage2_unique_prices=2375 best_score=0 best_price=3.870107,4.045379 elapsed_sec=7261.27
[GA] phase=stage2_done generation=5/8 individual=11/12 evals=71 stage2_unique_prices=2376 best_score=0 best_price=3.870107,4.045379 elapsed_sec=7264.18
[GA] phase=objective_start generation=5/8 individual=11/12 evals=71 stage2_unique_prices=2376 best_score=0 best_price=3.870107,4.045379 elapsed_sec=7264.18
[GA] phase=individual_done generation=5/8 individual=11/12 evals=71 stage2_unique_prices=2426 best_score=0 best_price=3.870107,4.045379 elapsed_sec=7405.06
[GA] phase=individual_start generation=5/8 individual=12/12 evals=72 stage2_unique_prices=2426 best_score=0 best_price=3.870107,4.045379 elapsed_sec=7405.06
[GA] phase=stage2_start generation=5/8 individual=12/12 evals=72 stage2_unique_prices=2426 best_score=0 best_price=3.870107,4.045379 elapsed_sec=7405.06
[GA] phase=stage2_done generation=5/8 individual=12/12 evals=72 stage2_unique_prices=2427 best_score=0 best_price=3.870107,4.045379 elapsed_sec=7408.06
[GA] phase=objective_start generation=5/8 individual=12/12 evals=72 stage2_unique_prices=2427 best_score=0 best_price=3.870107,4.045379 elapsed_sec=7408.06
[GA] phase=individual_done generation=5/8 individual=12/12 evals=72 stage2_unique_prices=2477 best_score=0 best_price=3.870107,4.045379 elapsed_sec=7553.12
[GA] phase=population_done generation=5/8 evals=72 stage2_unique_prices=2477 best_score=0 best_price=3.870107,4.045379 elapsed_sec=7553.12
[GA] phase=population_start generation=6/8 evals=72 stage2_unique_prices=2477 best_score=0 best_price=3.870107,4.045379 elapsed_sec=7553.12
[GA] phase=individual_start generation=6/8 individual=1/12 evals=73 stage2_unique_prices=2477 best_score=0 best_price=3.870107,4.045379 elapsed_sec=7553.12
[GA] phase=stage2_cache_hit generation=6/8 individual=1/12 evals=73 stage2_unique_prices=2477 best_score=0 best_price=3.870107,4.045379 elapsed_sec=7553.12
[GA] phase=objective_start generation=6/8 individual=1/12 evals=73 stage2_unique_prices=2477 best_score=0 best_price=3.870107,4.045379 elapsed_sec=7553.12
[GA] phase=individual_done generation=6/8 individual=1/12 evals=73 stage2_unique_prices=2477 best_score=0 best_price=3.870107,4.045379 elapsed_sec=7553.12
[GA] phase=individual_start generation=6/8 individual=2/12 evals=74 stage2_unique_prices=2477 best_score=0 best_price=3.870107,4.045379 elapsed_sec=7553.12
[GA] phase=stage2_cache_hit generation=6/8 individual=2/12 evals=74 stage2_unique_prices=2477 best_score=0 best_price=3.870107,4.045379 elapsed_sec=7553.12
[GA] phase=objective_start generation=6/8 individual=2/12 evals=74 stage2_unique_prices=2477 best_score=0 best_price=3.870107,4.045379 elapsed_sec=7553.12
[GA] phase=individual_done generation=6/8 individual=2/12 evals=74 stage2_unique_prices=2477 best_score=0 best_price=3.870107,4.045379 elapsed_sec=7553.12
[GA] phase=individual_start generation=6/8 individual=3/12 evals=75 stage2_unique_prices=2477 best_score=0 best_price=3.870107,4.045379 elapsed_sec=7553.12
[GA] phase=stage2_cache_hit generation=6/8 individual=3/12 evals=75 stage2_unique_prices=2477 best_score=0 best_price=3.870107,4.045379 elapsed_sec=7553.12
[GA] phase=objective_start generation=6/8 individual=3/12 evals=75 stage2_unique_prices=2477 best_score=0 best_price=3.870107,4.045379 elapsed_sec=7553.12
[GA] phase=individual_done generation=6/8 individual=3/12 evals=75 stage2_unique_prices=2477 best_score=0 best_price=3.870107,4.045379 elapsed_sec=7553.12
[GA] phase=individual_start generation=6/8 individual=4/12 evals=76 stage2_unique_prices=2477 best_score=0 best_price=3.870107,4.045379 elapsed_sec=7553.12
[GA] phase=stage2_cache_hit generation=6/8 individual=4/12 evals=76 stage2_unique_prices=2477 best_score=0 best_price=3.870107,4.045379 elapsed_sec=7553.12
[GA] phase=objective_start generation=6/8 individual=4/12 evals=76 stage2_unique_prices=2477 best_score=0 best_price=3.870107,4.045379 elapsed_sec=7553.12
[GA] phase=individual_done generation=6/8 individual=4/12 evals=76 stage2_unique_prices=2477 best_score=0 best_price=3.870107,4.045379 elapsed_sec=7553.12
[GA] phase=individual_start generation=6/8 individual=5/12 evals=77 stage2_unique_prices=2477 best_score=0 best_price=3.870107,4.045379 elapsed_sec=7553.12
[GA] phase=stage2_start generation=6/8 individual=5/12 evals=77 stage2_unique_prices=2477 best_score=0 best_price=3.870107,4.045379 elapsed_sec=7553.12
[GA] phase=stage2_done generation=6/8 individual=5/12 evals=77 stage2_unique_prices=2478 best_score=0 best_price=3.870107,4.045379 elapsed_sec=7555.95
[GA] phase=objective_start generation=6/8 individual=5/12 evals=77 stage2_unique_prices=2478 best_score=0 best_price=3.870107,4.045379 elapsed_sec=7555.95
[GA] phase=individual_done generation=6/8 individual=5/12 evals=77 stage2_unique_prices=2528 best_score=0 best_price=3.870107,4.045379 elapsed_sec=7696.19
[GA] phase=individual_start generation=6/8 individual=6/12 evals=78 stage2_unique_prices=2528 best_score=0 best_price=3.870107,4.045379 elapsed_sec=7696.19
[GA] phase=stage2_start generation=6/8 individual=6/12 evals=78 stage2_unique_prices=2528 best_score=0 best_price=3.870107,4.045379 elapsed_sec=7696.19
[GA] phase=stage2_done generation=6/8 individual=6/12 evals=78 stage2_unique_prices=2529 best_score=0 best_price=3.870107,4.045379 elapsed_sec=7699.18
[GA] phase=objective_start generation=6/8 individual=6/12 evals=78 stage2_unique_prices=2529 best_score=0 best_price=3.870107,4.045379 elapsed_sec=7699.18
[GA] phase=individual_done generation=6/8 individual=6/12 evals=78 stage2_unique_prices=2579 best_score=0 best_price=3.870107,4.045379 elapsed_sec=7843.72
[GA] phase=individual_start generation=6/8 individual=7/12 evals=79 stage2_unique_prices=2579 best_score=0 best_price=3.870107,4.045379 elapsed_sec=7843.72
[GA] phase=stage2_cache_hit generation=6/8 individual=7/12 evals=79 stage2_unique_prices=2579 best_score=0 best_price=3.870107,4.045379 elapsed_sec=7843.72
[GA] phase=objective_start generation=6/8 individual=7/12 evals=79 stage2_unique_prices=2579 best_score=0 best_price=3.870107,4.045379 elapsed_sec=7843.72
[GA] phase=individual_done generation=6/8 individual=7/12 evals=79 stage2_unique_prices=2579 best_score=0 best_price=3.870107,4.045379 elapsed_sec=7843.72
[GA] phase=individual_start generation=6/8 individual=8/12 evals=80 stage2_unique_prices=2579 best_score=0 best_price=3.870107,4.045379 elapsed_sec=7843.72
[GA] phase=stage2_start generation=6/8 individual=8/12 evals=80 stage2_unique_prices=2579 best_score=0 best_price=3.870107,4.045379 elapsed_sec=7843.72
[GA] phase=stage2_done generation=6/8 individual=8/12 evals=80 stage2_unique_prices=2580 best_score=0 best_price=3.870107,4.045379 elapsed_sec=7846.87
[GA] phase=objective_start generation=6/8 individual=8/12 evals=80 stage2_unique_prices=2580 best_score=0 best_price=3.870107,4.045379 elapsed_sec=7846.87
[GA] phase=individual_done generation=6/8 individual=8/12 evals=80 stage2_unique_prices=2605 best_score=0 best_price=3.870107,4.045379 elapsed_sec=7922.52
[GA] phase=individual_start generation=6/8 individual=9/12 evals=81 stage2_unique_prices=2605 best_score=0 best_price=3.870107,4.045379 elapsed_sec=7922.52
[GA] phase=stage2_cache_hit generation=6/8 individual=9/12 evals=81 stage2_unique_prices=2605 best_score=0 best_price=3.870107,4.045379 elapsed_sec=7922.52
[GA] phase=objective_start generation=6/8 individual=9/12 evals=81 stage2_unique_prices=2605 best_score=0 best_price=3.870107,4.045379 elapsed_sec=7922.52
[GA] phase=individual_done generation=6/8 individual=9/12 evals=81 stage2_unique_prices=2605 best_score=0 best_price=3.870107,4.045379 elapsed_sec=7922.52
[GA] phase=individual_start generation=6/8 individual=10/12 evals=82 stage2_unique_prices=2605 best_score=0 best_price=3.870107,4.045379 elapsed_sec=7922.52
[GA] phase=stage2_start generation=6/8 individual=10/12 evals=82 stage2_unique_prices=2605 best_score=0 best_price=3.870107,4.045379 elapsed_sec=7922.52
[GA] phase=stage2_done generation=6/8 individual=10/12 evals=82 stage2_unique_prices=2606 best_score=0 best_price=3.870107,4.045379 elapsed_sec=7924.56
[GA] phase=objective_start generation=6/8 individual=10/12 evals=82 stage2_unique_prices=2606 best_score=0 best_price=3.870107,4.045379 elapsed_sec=7924.56
[GA] phase=individual_done generation=6/8 individual=10/12 evals=82 stage2_unique_prices=2631 best_score=0 best_price=3.870107,4.045379 elapsed_sec=7980.11
[GA] phase=individual_start generation=6/8 individual=11/12 evals=83 stage2_unique_prices=2631 best_score=0 best_price=3.870107,4.045379 elapsed_sec=7980.11
[GA] phase=stage2_start generation=6/8 individual=11/12 evals=83 stage2_unique_prices=2631 best_score=0 best_price=3.870107,4.045379 elapsed_sec=7980.11
[GA] phase=stage2_done generation=6/8 individual=11/12 evals=83 stage2_unique_prices=2632 best_score=0 best_price=3.870107,4.045379 elapsed_sec=7982.94
[GA] phase=objective_start generation=6/8 individual=11/12 evals=83 stage2_unique_prices=2632 best_score=0 best_price=3.870107,4.045379 elapsed_sec=7982.94
[GA] phase=individual_done generation=6/8 individual=11/12 evals=83 stage2_unique_prices=2657 best_score=0 best_price=3.870107,4.045379 elapsed_sec=8063.74
[GA] phase=individual_start generation=6/8 individual=12/12 evals=84 stage2_unique_prices=2657 best_score=0 best_price=3.870107,4.045379 elapsed_sec=8063.74
[GA] phase=stage2_cache_hit generation=6/8 individual=12/12 evals=84 stage2_unique_prices=2657 best_score=0 best_price=3.870107,4.045379 elapsed_sec=8063.74
[GA] phase=objective_start generation=6/8 individual=12/12 evals=84 stage2_unique_prices=2657 best_score=0 best_price=3.870107,4.045379 elapsed_sec=8063.74
[GA] phase=individual_done generation=6/8 individual=12/12 evals=84 stage2_unique_prices=2657 best_score=0 best_price=3.870107,4.045379 elapsed_sec=8063.74
[GA] phase=population_done generation=6/8 evals=84 stage2_unique_prices=2657 best_score=0 best_price=3.870107,4.045379 elapsed_sec=8063.74
[GA] phase=population_start generation=7/8 evals=84 stage2_unique_prices=2657 best_score=0 best_price=3.870107,4.045379 elapsed_sec=8063.74
[GA] phase=individual_start generation=7/8 individual=1/12 evals=85 stage2_unique_prices=2657 best_score=0 best_price=3.870107,4.045379 elapsed_sec=8063.74
[GA] phase=stage2_cache_hit generation=7/8 individual=1/12 evals=85 stage2_unique_prices=2657 best_score=0 best_price=3.870107,4.045379 elapsed_sec=8063.74
[GA] phase=objective_start generation=7/8 individual=1/12 evals=85 stage2_unique_prices=2657 best_score=0 best_price=3.870107,4.045379 elapsed_sec=8063.74
[GA] phase=individual_done generation=7/8 individual=1/12 evals=85 stage2_unique_prices=2657 best_score=0 best_price=3.870107,4.045379 elapsed_sec=8063.74
[GA] phase=individual_start generation=7/8 individual=2/12 evals=86 stage2_unique_prices=2657 best_score=0 best_price=3.870107,4.045379 elapsed_sec=8063.74
[GA] phase=stage2_cache_hit generation=7/8 individual=2/12 evals=86 stage2_unique_prices=2657 best_score=0 best_price=3.870107,4.045379 elapsed_sec=8063.74
[GA] phase=objective_start generation=7/8 individual=2/12 evals=86 stage2_unique_prices=2657 best_score=0 best_price=3.870107,4.045379 elapsed_sec=8063.74
[GA] phase=individual_done generation=7/8 individual=2/12 evals=86 stage2_unique_prices=2657 best_score=0 best_price=3.870107,4.045379 elapsed_sec=8063.74
[GA] phase=individual_start generation=7/8 individual=3/12 evals=87 stage2_unique_prices=2657 best_score=0 best_price=3.870107,4.045379 elapsed_sec=8063.74
[GA] phase=stage2_cache_hit generation=7/8 individual=3/12 evals=87 stage2_unique_prices=2657 best_score=0 best_price=3.870107,4.045379 elapsed_sec=8063.74
[GA] phase=objective_start generation=7/8 individual=3/12 evals=87 stage2_unique_prices=2657 best_score=0 best_price=3.870107,4.045379 elapsed_sec=8063.74
[GA] phase=individual_done generation=7/8 individual=3/12 evals=87 stage2_unique_prices=2657 best_score=0 best_price=3.870107,4.045379 elapsed_sec=8063.74
[GA] phase=individual_start generation=7/8 individual=4/12 evals=88 stage2_unique_prices=2657 best_score=0 best_price=3.870107,4.045379 elapsed_sec=8063.74
[GA] phase=stage2_start generation=7/8 individual=4/12 evals=88 stage2_unique_prices=2657 best_score=0 best_price=3.870107,4.045379 elapsed_sec=8063.74
[GA] phase=stage2_done generation=7/8 individual=4/12 evals=88 stage2_unique_prices=2658 best_score=0 best_price=3.870107,4.045379 elapsed_sec=8066.73
[GA] phase=objective_start generation=7/8 individual=4/12 evals=88 stage2_unique_prices=2658 best_score=0 best_price=3.870107,4.045379 elapsed_sec=8066.73
[GA] phase=individual_done generation=7/8 individual=4/12 evals=88 stage2_unique_prices=2683 best_score=0 best_price=3.870107,4.106011 elapsed_sec=8142.47
[GA] phase=individual_start generation=7/8 individual=5/12 evals=89 stage2_unique_prices=2683 best_score=0 best_price=3.870107,4.106011 elapsed_sec=8142.47
[GA] phase=stage2_cache_hit generation=7/8 individual=5/12 evals=89 stage2_unique_prices=2683 best_score=0 best_price=3.870107,4.106011 elapsed_sec=8142.47
[GA] phase=objective_start generation=7/8 individual=5/12 evals=89 stage2_unique_prices=2683 best_score=0 best_price=3.870107,4.106011 elapsed_sec=8142.47
[GA] phase=individual_done generation=7/8 individual=5/12 evals=89 stage2_unique_prices=2683 best_score=0 best_price=3.870107,4.106011 elapsed_sec=8142.47
[GA] phase=individual_start generation=7/8 individual=6/12 evals=90 stage2_unique_prices=2683 best_score=0 best_price=3.870107,4.106011 elapsed_sec=8142.47
[GA] phase=stage2_start generation=7/8 individual=6/12 evals=90 stage2_unique_prices=2683 best_score=0 best_price=3.870107,4.106011 elapsed_sec=8142.47
[GA] phase=stage2_done generation=7/8 individual=6/12 evals=90 stage2_unique_prices=2684 best_score=0 best_price=3.870107,4.106011 elapsed_sec=8145.49
[GA] phase=objective_start generation=7/8 individual=6/12 evals=90 stage2_unique_prices=2684 best_score=0 best_price=3.870107,4.106011 elapsed_sec=8145.49
[GA] phase=individual_done generation=7/8 individual=6/12 evals=90 stage2_unique_prices=2709 best_score=0 best_price=3.870107,4.106011 elapsed_sec=8222.94
[GA] phase=individual_start generation=7/8 individual=7/12 evals=91 stage2_unique_prices=2709 best_score=0 best_price=3.870107,4.106011 elapsed_sec=8222.94
[GA] phase=stage2_start generation=7/8 individual=7/12 evals=91 stage2_unique_prices=2709 best_score=0 best_price=3.870107,4.106011 elapsed_sec=8222.94
[GA] phase=stage2_done generation=7/8 individual=7/12 evals=91 stage2_unique_prices=2710 best_score=0 best_price=3.870107,4.106011 elapsed_sec=8225.78
[GA] phase=objective_start generation=7/8 individual=7/12 evals=91 stage2_unique_prices=2710 best_score=0 best_price=3.870107,4.106011 elapsed_sec=8225.78
[GA] phase=individual_done generation=7/8 individual=7/12 evals=91 stage2_unique_prices=2760 best_score=0 best_price=3.870107,4.106011 elapsed_sec=8370.84
[GA] phase=individual_start generation=7/8 individual=8/12 evals=92 stage2_unique_prices=2760 best_score=0 best_price=3.870107,4.106011 elapsed_sec=8370.84
[GA] phase=stage2_start generation=7/8 individual=8/12 evals=92 stage2_unique_prices=2760 best_score=0 best_price=3.870107,4.106011 elapsed_sec=8370.84
[GA] phase=stage2_done generation=7/8 individual=8/12 evals=92 stage2_unique_prices=2761 best_score=0 best_price=3.870107,4.106011 elapsed_sec=8373.52
[GA] phase=objective_start generation=7/8 individual=8/12 evals=92 stage2_unique_prices=2761 best_score=0 best_price=3.870107,4.106011 elapsed_sec=8373.52
[GA] phase=individual_done generation=7/8 individual=8/12 evals=92 stage2_unique_prices=2811 best_score=0 best_price=3.870107,4.106011 elapsed_sec=8513.08
[GA] phase=individual_start generation=7/8 individual=9/12 evals=93 stage2_unique_prices=2811 best_score=0 best_price=3.870107,4.106011 elapsed_sec=8513.08
[GA] phase=stage2_cache_hit generation=7/8 individual=9/12 evals=93 stage2_unique_prices=2811 best_score=0 best_price=3.870107,4.106011 elapsed_sec=8513.08
[GA] phase=objective_start generation=7/8 individual=9/12 evals=93 stage2_unique_prices=2811 best_score=0 best_price=3.870107,4.106011 elapsed_sec=8513.08
[GA] phase=individual_done generation=7/8 individual=9/12 evals=93 stage2_unique_prices=2811 best_score=0 best_price=3.870107,4.106011 elapsed_sec=8513.08
[GA] phase=individual_start generation=7/8 individual=10/12 evals=94 stage2_unique_prices=2811 best_score=0 best_price=3.870107,4.106011 elapsed_sec=8513.08
[GA] phase=stage2_cache_hit generation=7/8 individual=10/12 evals=94 stage2_unique_prices=2811 best_score=0 best_price=3.870107,4.106011 elapsed_sec=8513.08
[GA] phase=objective_start generation=7/8 individual=10/12 evals=94 stage2_unique_prices=2811 best_score=0 best_price=3.870107,4.106011 elapsed_sec=8513.08
[GA] phase=individual_done generation=7/8 individual=10/12 evals=94 stage2_unique_prices=2811 best_score=0 best_price=3.870107,4.106011 elapsed_sec=8513.08
[GA] phase=individual_start generation=7/8 individual=11/12 evals=95 stage2_unique_prices=2811 best_score=0 best_price=3.870107,4.106011 elapsed_sec=8513.08
[GA] phase=stage2_start generation=7/8 individual=11/12 evals=95 stage2_unique_prices=2811 best_score=0 best_price=3.870107,4.106011 elapsed_sec=8513.08
[GA] phase=stage2_done generation=7/8 individual=11/12 evals=95 stage2_unique_prices=2812 best_score=0 best_price=3.870107,4.106011 elapsed_sec=8515.91
[GA] phase=objective_start generation=7/8 individual=11/12 evals=95 stage2_unique_prices=2812 best_score=0 best_price=3.870107,4.106011 elapsed_sec=8515.91
[GA] phase=individual_done generation=7/8 individual=11/12 evals=95 stage2_unique_prices=2837 best_score=0 best_price=3.870107,4.106011 elapsed_sec=8583.61
[GA] phase=individual_start generation=7/8 individual=12/12 evals=96 stage2_unique_prices=2837 best_score=0 best_price=3.870107,4.106011 elapsed_sec=8583.61
[GA] phase=stage2_start generation=7/8 individual=12/12 evals=96 stage2_unique_prices=2837 best_score=0 best_price=3.870107,4.106011 elapsed_sec=8583.61
[GA] phase=stage2_done generation=7/8 individual=12/12 evals=96 stage2_unique_prices=2838 best_score=0 best_price=3.870107,4.106011 elapsed_sec=8586.43
[GA] phase=objective_start generation=7/8 individual=12/12 evals=96 stage2_unique_prices=2838 best_score=0 best_price=3.870107,4.106011 elapsed_sec=8586.43
[GA] phase=individual_done generation=7/8 individual=12/12 evals=96 stage2_unique_prices=2863 best_score=0 best_price=3.870107,4.106011 elapsed_sec=8661.82
[GA] phase=population_done generation=7/8 evals=96 stage2_unique_prices=2863 best_score=0 best_price=3.870107,4.106011 elapsed_sec=8661.82
[GA] phase=population_start generation=8/8 evals=96 stage2_unique_prices=2863 best_score=0 best_price=3.870107,4.106011 elapsed_sec=8661.82
[GA] phase=individual_start generation=8/8 individual=1/12 evals=97 stage2_unique_prices=2863 best_score=0 best_price=3.870107,4.106011 elapsed_sec=8661.82
[GA] phase=stage2_cache_hit generation=8/8 individual=1/12 evals=97 stage2_unique_prices=2863 best_score=0 best_price=3.870107,4.106011 elapsed_sec=8661.82
[GA] phase=objective_start generation=8/8 individual=1/12 evals=97 stage2_unique_prices=2863 best_score=0 best_price=3.870107,4.106011 elapsed_sec=8661.82
[GA] phase=individual_done generation=8/8 individual=1/12 evals=97 stage2_unique_prices=2863 best_score=0 best_price=3.870107,4.106011 elapsed_sec=8661.82
[GA] phase=individual_start generation=8/8 individual=2/12 evals=98 stage2_unique_prices=2863 best_score=0 best_price=3.870107,4.106011 elapsed_sec=8661.82
[GA] phase=stage2_cache_hit generation=8/8 individual=2/12 evals=98 stage2_unique_prices=2863 best_score=0 best_price=3.870107,4.106011 elapsed_sec=8661.82
[GA] phase=objective_start generation=8/8 individual=2/12 evals=98 stage2_unique_prices=2863 best_score=0 best_price=3.870107,4.106011 elapsed_sec=8661.82
[GA] phase=individual_done generation=8/8 individual=2/12 evals=98 stage2_unique_prices=2863 best_score=0 best_price=3.870107,4.106011 elapsed_sec=8661.82
[GA] phase=individual_start generation=8/8 individual=3/12 evals=99 stage2_unique_prices=2863 best_score=0 best_price=3.870107,4.106011 elapsed_sec=8661.82
[GA] phase=stage2_cache_hit generation=8/8 individual=3/12 evals=99 stage2_unique_prices=2863 best_score=0 best_price=3.870107,4.106011 elapsed_sec=8661.82
[GA] phase=objective_start generation=8/8 individual=3/12 evals=99 stage2_unique_prices=2863 best_score=0 best_price=3.870107,4.106011 elapsed_sec=8661.82
[GA] phase=individual_done generation=8/8 individual=3/12 evals=99 stage2_unique_prices=2863 best_score=0 best_price=3.870107,4.106011 elapsed_sec=8661.82
[GA] phase=individual_start generation=8/8 individual=4/12 evals=100 stage2_unique_prices=2863 best_score=0 best_price=3.870107,4.106011 elapsed_sec=8661.82
[GA] phase=stage2_cache_hit generation=8/8 individual=4/12 evals=100 stage2_unique_prices=2863 best_score=0 best_price=3.870107,4.106011 elapsed_sec=8661.82
[GA] phase=objective_start generation=8/8 individual=4/12 evals=100 stage2_unique_prices=2863 best_score=0 best_price=3.870107,4.106011 elapsed_sec=8661.82
[GA] phase=individual_done generation=8/8 individual=4/12 evals=100 stage2_unique_prices=2863 best_score=0 best_price=3.870107,4.106011 elapsed_sec=8661.82
[GA] phase=individual_start generation=8/8 individual=5/12 evals=101 stage2_unique_prices=2863 best_score=0 best_price=3.870107,4.106011 elapsed_sec=8661.82
[GA] phase=stage2_cache_hit generation=8/8 individual=5/12 evals=101 stage2_unique_prices=2863 best_score=0 best_price=3.870107,4.106011 elapsed_sec=8661.82
[GA] phase=objective_start generation=8/8 individual=5/12 evals=101 stage2_unique_prices=2863 best_score=0 best_price=3.870107,4.106011 elapsed_sec=8661.82
[GA] phase=individual_done generation=8/8 individual=5/12 evals=101 stage2_unique_prices=2863 best_score=0 best_price=3.870107,4.106011 elapsed_sec=8661.82
[GA] phase=individual_start generation=8/8 individual=6/12 evals=102 stage2_unique_prices=2863 best_score=0 best_price=3.870107,4.106011 elapsed_sec=8661.82
[GA] phase=stage2_cache_hit generation=8/8 individual=6/12 evals=102 stage2_unique_prices=2863 best_score=0 best_price=3.870107,4.106011 elapsed_sec=8661.82
[GA] phase=objective_start generation=8/8 individual=6/12 evals=102 stage2_unique_prices=2863 best_score=0 best_price=3.870107,4.106011 elapsed_sec=8661.82
[GA] phase=individual_done generation=8/8 individual=6/12 evals=102 stage2_unique_prices=2863 best_score=0 best_price=3.870107,4.106011 elapsed_sec=8661.82
[GA] phase=individual_start generation=8/8 individual=7/12 evals=103 stage2_unique_prices=2863 best_score=0 best_price=3.870107,4.106011 elapsed_sec=8661.82
[GA] phase=stage2_start generation=8/8 individual=7/12 evals=103 stage2_unique_prices=2863 best_score=0 best_price=3.870107,4.106011 elapsed_sec=8661.82
[GA] phase=stage2_done generation=8/8 individual=7/12 evals=103 stage2_unique_prices=2864 best_score=0 best_price=3.870107,4.106011 elapsed_sec=8664.81
[GA] phase=objective_start generation=8/8 individual=7/12 evals=103 stage2_unique_prices=2864 best_score=0 best_price=3.870107,4.106011 elapsed_sec=8664.81
[GA] phase=individual_done generation=8/8 individual=7/12 evals=103 stage2_unique_prices=2889 best_score=0 best_price=3.870107,4.106011 elapsed_sec=8733.55
[GA] phase=individual_start generation=8/8 individual=8/12 evals=104 stage2_unique_prices=2889 best_score=0 best_price=3.870107,4.106011 elapsed_sec=8733.55
[GA] phase=stage2_start generation=8/8 individual=8/12 evals=104 stage2_unique_prices=2889 best_score=0 best_price=3.870107,4.106011 elapsed_sec=8733.55
[GA] phase=stage2_done generation=8/8 individual=8/12 evals=104 stage2_unique_prices=2890 best_score=0 best_price=3.870107,4.106011 elapsed_sec=8736.56
[GA] phase=objective_start generation=8/8 individual=8/12 evals=104 stage2_unique_prices=2890 best_score=0 best_price=3.870107,4.106011 elapsed_sec=8736.56
[GA] phase=individual_done generation=8/8 individual=8/12 evals=104 stage2_unique_prices=2915 best_score=0 best_price=3.870107,4.106011 elapsed_sec=8804.89
[GA] phase=individual_start generation=8/8 individual=9/12 evals=105 stage2_unique_prices=2915 best_score=0 best_price=3.870107,4.106011 elapsed_sec=8804.89
[GA] phase=stage2_start generation=8/8 individual=9/12 evals=105 stage2_unique_prices=2915 best_score=0 best_price=3.870107,4.106011 elapsed_sec=8804.89
[GA] phase=stage2_done generation=8/8 individual=9/12 evals=105 stage2_unique_prices=2916 best_score=0 best_price=3.870107,4.106011 elapsed_sec=8807.58
[GA] phase=objective_start generation=8/8 individual=9/12 evals=105 stage2_unique_prices=2916 best_score=0 best_price=3.870107,4.106011 elapsed_sec=8807.58
[GA] phase=individual_done generation=8/8 individual=9/12 evals=105 stage2_unique_prices=2941 best_score=0 best_price=3.870107,4.106011 elapsed_sec=8881.49
[GA] phase=individual_start generation=8/8 individual=10/12 evals=106 stage2_unique_prices=2941 best_score=0 best_price=3.870107,4.106011 elapsed_sec=8881.49
[GA] phase=stage2_cache_hit generation=8/8 individual=10/12 evals=106 stage2_unique_prices=2941 best_score=0 best_price=3.870107,4.106011 elapsed_sec=8881.49
[GA] phase=objective_start generation=8/8 individual=10/12 evals=106 stage2_unique_prices=2941 best_score=0 best_price=3.870107,4.106011 elapsed_sec=8881.49
[GA] phase=individual_done generation=8/8 individual=10/12 evals=106 stage2_unique_prices=2941 best_score=0 best_price=3.870107,4.106011 elapsed_sec=8881.49
[GA] phase=individual_start generation=8/8 individual=11/12 evals=107 stage2_unique_prices=2941 best_score=0 best_price=3.870107,4.106011 elapsed_sec=8881.49
[GA] phase=stage2_cache_hit generation=8/8 individual=11/12 evals=107 stage2_unique_prices=2941 best_score=0 best_price=3.870107,4.106011 elapsed_sec=8881.49
[GA] phase=objective_start generation=8/8 individual=11/12 evals=107 stage2_unique_prices=2941 best_score=0 best_price=3.870107,4.106011 elapsed_sec=8881.49
[GA] phase=individual_done generation=8/8 individual=11/12 evals=107 stage2_unique_prices=2941 best_score=0 best_price=3.870107,4.106011 elapsed_sec=8881.49
[GA] phase=individual_start generation=8/8 individual=12/12 evals=108 stage2_unique_prices=2941 best_score=0 best_price=3.870107,4.106011 elapsed_sec=8881.49
[GA] phase=stage2_cache_hit generation=8/8 individual=12/12 evals=108 stage2_unique_prices=2941 best_score=0 best_price=3.870107,4.106011 elapsed_sec=8881.49
[GA] phase=objective_start generation=8/8 individual=12/12 evals=108 stage2_unique_prices=2941 best_score=0 best_price=3.870107,4.106011 elapsed_sec=8881.49
[GA] phase=individual_done generation=8/8 individual=12/12 evals=108 stage2_unique_prices=2941 best_score=0 best_price=3.870107,4.106011 elapsed_sec=8881.49
[GA] phase=population_done generation=8/8 evals=108 stage2_unique_prices=2941 best_score=0 best_price=3.870107,4.106011 elapsed_sec=8881.49
[162/200] phase=done n_users=200 trial=8/10 method=GA
[163/200] phase=start n_users=200 trial=8/10 method=BO-online
[163/200] phase=done n_users=200 trial=8/10 method=BO-online
[164/200] phase=start n_users=200 trial=8/10 method=MARL
[164/200] phase=done n_users=200 trial=8/10 method=MARL
[165/200] phase=start n_users=200 trial=9/10 method=GA
[GA] phase=population_start generation=initial/8 evals=0 stage2_unique_prices=0 elapsed_sec=0.00
[GA] phase=individual_start generation=initial/8 individual=1/12 evals=1 stage2_unique_prices=0 elapsed_sec=0.00
[GA] phase=stage2_start generation=initial/8 individual=1/12 evals=1 stage2_unique_prices=0 elapsed_sec=0.00
[GA] phase=stage2_done generation=initial/8 individual=1/12 evals=1 stage2_unique_prices=1 elapsed_sec=4.00
[GA] phase=objective_start generation=initial/8 individual=1/12 evals=1 stage2_unique_prices=1 elapsed_sec=4.00
[GA] phase=individual_done generation=initial/8 individual=1/12 evals=1 stage2_unique_prices=51 best_score=206.700907529 best_price=0.5,0.5 elapsed_sec=186.77
[GA] phase=individual_start generation=initial/8 individual=2/12 evals=2 stage2_unique_prices=51 best_score=206.700907529 best_price=0.5,0.5 elapsed_sec=186.77
[GA] phase=stage2_start generation=initial/8 individual=2/12 evals=2 stage2_unique_prices=51 best_score=206.700907529 best_price=0.5,0.5 elapsed_sec=186.77
[GA] phase=stage2_done generation=initial/8 individual=2/12 evals=2 stage2_unique_prices=52 best_score=206.700907529 best_price=0.5,0.5 elapsed_sec=190.68
[GA] phase=objective_start generation=initial/8 individual=2/12 evals=2 stage2_unique_prices=52 best_score=206.700907529 best_price=0.5,0.5 elapsed_sec=190.68
[GA] phase=individual_done generation=initial/8 individual=2/12 evals=2 stage2_unique_prices=102 best_score=137.45399953 best_price=0.121696,5.031579 elapsed_sec=356.47
[GA] phase=individual_start generation=initial/8 individual=3/12 evals=3 stage2_unique_prices=102 best_score=137.45399953 best_price=0.121696,5.031579 elapsed_sec=356.47
[GA] phase=stage2_start generation=initial/8 individual=3/12 evals=3 stage2_unique_prices=102 best_score=137.45399953 best_price=0.121696,5.031579 elapsed_sec=356.47
[GA] phase=stage2_done generation=initial/8 individual=3/12 evals=3 stage2_unique_prices=103 best_score=137.45399953 best_price=0.121696,5.031579 elapsed_sec=359.61
[GA] phase=objective_start generation=initial/8 individual=3/12 evals=3 stage2_unique_prices=103 best_score=137.45399953 best_price=0.121696,5.031579 elapsed_sec=359.61
[GA] phase=individual_done generation=initial/8 individual=3/12 evals=3 stage2_unique_prices=153 best_score=25.3394704912 best_price=4.144049,2.473006 elapsed_sec=510.85
[GA] phase=individual_start generation=initial/8 individual=4/12 evals=4 stage2_unique_prices=153 best_score=25.3394704912 best_price=4.144049,2.473006 elapsed_sec=510.85
[GA] phase=stage2_start generation=initial/8 individual=4/12 evals=4 stage2_unique_prices=153 best_score=25.3394704912 best_price=4.144049,2.473006 elapsed_sec=510.85
[GA] phase=stage2_done generation=initial/8 individual=4/12 evals=4 stage2_unique_prices=154 best_score=25.3394704912 best_price=4.144049,2.473006 elapsed_sec=512.67
[GA] phase=objective_start generation=initial/8 individual=4/12 evals=4 stage2_unique_prices=154 best_score=25.3394704912 best_price=4.144049,2.473006 elapsed_sec=512.67
[GA] phase=individual_done generation=initial/8 individual=4/12 evals=4 stage2_unique_prices=204 best_score=25.3394704912 best_price=4.144049,2.473006 elapsed_sec=650.92
[GA] phase=individual_start generation=initial/8 individual=5/12 evals=5 stage2_unique_prices=204 best_score=25.3394704912 best_price=4.144049,2.473006 elapsed_sec=650.92
[GA] phase=stage2_start generation=initial/8 individual=5/12 evals=5 stage2_unique_prices=204 best_score=25.3394704912 best_price=4.144049,2.473006 elapsed_sec=650.92
[GA] phase=stage2_done generation=initial/8 individual=5/12 evals=5 stage2_unique_prices=205 best_score=25.3394704912 best_price=4.144049,2.473006 elapsed_sec=654.84
[GA] phase=objective_start generation=initial/8 individual=5/12 evals=5 stage2_unique_prices=205 best_score=25.3394704912 best_price=4.144049,2.473006 elapsed_sec=654.84
[GA] phase=individual_done generation=initial/8 individual=5/12 evals=5 stage2_unique_prices=255 best_score=25.3394704912 best_price=4.144049,2.473006 elapsed_sec=839.49
[GA] phase=individual_start generation=initial/8 individual=6/12 evals=6 stage2_unique_prices=255 best_score=25.3394704912 best_price=4.144049,2.473006 elapsed_sec=839.49
[GA] phase=stage2_start generation=initial/8 individual=6/12 evals=6 stage2_unique_prices=255 best_score=25.3394704912 best_price=4.144049,2.473006 elapsed_sec=839.49
[GA] phase=stage2_done generation=initial/8 individual=6/12 evals=6 stage2_unique_prices=256 best_score=25.3394704912 best_price=4.144049,2.473006 elapsed_sec=843.39
[GA] phase=objective_start generation=initial/8 individual=6/12 evals=6 stage2_unique_prices=256 best_score=25.3394704912 best_price=4.144049,2.473006 elapsed_sec=843.39
[GA] phase=individual_done generation=initial/8 individual=6/12 evals=6 stage2_unique_prices=306 best_score=25.3394704912 best_price=4.144049,2.473006 elapsed_sec=1024.04
[GA] phase=individual_start generation=initial/8 individual=7/12 evals=7 stage2_unique_prices=306 best_score=25.3394704912 best_price=4.144049,2.473006 elapsed_sec=1024.04
[GA] phase=stage2_start generation=initial/8 individual=7/12 evals=7 stage2_unique_prices=306 best_score=25.3394704912 best_price=4.144049,2.473006 elapsed_sec=1024.04
[GA] phase=stage2_done generation=initial/8 individual=7/12 evals=7 stage2_unique_prices=307 best_score=25.3394704912 best_price=4.144049,2.473006 elapsed_sec=1027.21
[GA] phase=objective_start generation=initial/8 individual=7/12 evals=7 stage2_unique_prices=307 best_score=25.3394704912 best_price=4.144049,2.473006 elapsed_sec=1027.21
[GA] phase=individual_done generation=initial/8 individual=7/12 evals=7 stage2_unique_prices=357 best_score=25.3394704912 best_price=4.144049,2.473006 elapsed_sec=1181.50
[GA] phase=individual_start generation=initial/8 individual=8/12 evals=8 stage2_unique_prices=357 best_score=25.3394704912 best_price=4.144049,2.473006 elapsed_sec=1181.50
[GA] phase=stage2_start generation=initial/8 individual=8/12 evals=8 stage2_unique_prices=357 best_score=25.3394704912 best_price=4.144049,2.473006 elapsed_sec=1181.50
[GA] phase=stage2_done generation=initial/8 individual=8/12 evals=8 stage2_unique_prices=358 best_score=25.3394704912 best_price=4.144049,2.473006 elapsed_sec=1183.69
[GA] phase=objective_start generation=initial/8 individual=8/12 evals=8 stage2_unique_prices=358 best_score=25.3394704912 best_price=4.144049,2.473006 elapsed_sec=1183.69
[GA] phase=individual_done generation=initial/8 individual=8/12 evals=8 stage2_unique_prices=408 best_score=25.3394704912 best_price=4.144049,2.473006 elapsed_sec=1325.74
[GA] phase=individual_start generation=initial/8 individual=9/12 evals=9 stage2_unique_prices=408 best_score=25.3394704912 best_price=4.144049,2.473006 elapsed_sec=1325.74
[GA] phase=stage2_start generation=initial/8 individual=9/12 evals=9 stage2_unique_prices=408 best_score=25.3394704912 best_price=4.144049,2.473006 elapsed_sec=1325.74
[GA] phase=stage2_done generation=initial/8 individual=9/12 evals=9 stage2_unique_prices=409 best_score=25.3394704912 best_price=4.144049,2.473006 elapsed_sec=1328.75
[GA] phase=objective_start generation=initial/8 individual=9/12 evals=9 stage2_unique_prices=409 best_score=25.3394704912 best_price=4.144049,2.473006 elapsed_sec=1328.75
[GA] phase=individual_done generation=initial/8 individual=9/12 evals=9 stage2_unique_prices=459 best_score=24.6485541107 best_price=2.482911,5.300653 elapsed_sec=1483.01
[GA] phase=individual_start generation=initial/8 individual=10/12 evals=10 stage2_unique_prices=459 best_score=24.6485541107 best_price=2.482911,5.300653 elapsed_sec=1483.01
[GA] phase=stage2_start generation=initial/8 individual=10/12 evals=10 stage2_unique_prices=459 best_score=24.6485541107 best_price=2.482911,5.300653 elapsed_sec=1483.01
[GA] phase=stage2_done generation=initial/8 individual=10/12 evals=10 stage2_unique_prices=460 best_score=24.6485541107 best_price=2.482911,5.300653 elapsed_sec=1485.04
[GA] phase=objective_start generation=initial/8 individual=10/12 evals=10 stage2_unique_prices=460 best_score=24.6485541107 best_price=2.482911,5.300653 elapsed_sec=1485.04
[GA] phase=individual_done generation=initial/8 individual=10/12 evals=10 stage2_unique_prices=510 best_score=24.6485541107 best_price=2.482911,5.300653 elapsed_sec=1621.78
[GA] phase=individual_start generation=initial/8 individual=11/12 evals=11 stage2_unique_prices=510 best_score=24.6485541107 best_price=2.482911,5.300653 elapsed_sec=1621.78
[GA] phase=stage2_start generation=initial/8 individual=11/12 evals=11 stage2_unique_prices=510 best_score=24.6485541107 best_price=2.482911,5.300653 elapsed_sec=1621.78
[GA] phase=stage2_done generation=initial/8 individual=11/12 evals=11 stage2_unique_prices=511 best_score=24.6485541107 best_price=2.482911,5.300653 elapsed_sec=1625.74
[GA] phase=objective_start generation=initial/8 individual=11/12 evals=11 stage2_unique_prices=511 best_score=24.6485541107 best_price=2.482911,5.300653 elapsed_sec=1625.74
[GA] phase=individual_done generation=initial/8 individual=11/12 evals=11 stage2_unique_prices=561 best_score=24.6485541107 best_price=2.482911,5.300653 elapsed_sec=1810.00
[GA] phase=individual_start generation=initial/8 individual=12/12 evals=12 stage2_unique_prices=561 best_score=24.6485541107 best_price=2.482911,5.300653 elapsed_sec=1810.00
[GA] phase=stage2_start generation=initial/8 individual=12/12 evals=12 stage2_unique_prices=561 best_score=24.6485541107 best_price=2.482911,5.300653 elapsed_sec=1810.00
[GA] phase=stage2_done generation=initial/8 individual=12/12 evals=12 stage2_unique_prices=562 best_score=24.6485541107 best_price=2.482911,5.300653 elapsed_sec=1813.73
[GA] phase=objective_start generation=initial/8 individual=12/12 evals=12 stage2_unique_prices=562 best_score=24.6485541107 best_price=2.482911,5.300653 elapsed_sec=1813.73
[GA] phase=individual_done generation=initial/8 individual=12/12 evals=12 stage2_unique_prices=612 best_score=18.7773569806 best_price=2.05289,4.459988 elapsed_sec=1975.02
[GA] phase=population_done generation=initial/8 evals=12 stage2_unique_prices=612 best_score=18.7773569806 best_price=2.05289,4.459988 elapsed_sec=1975.02
[GA] phase=population_start generation=1/8 evals=12 stage2_unique_prices=612 best_score=18.7773569806 best_price=2.05289,4.459988 elapsed_sec=1975.02
[GA] phase=individual_start generation=1/8 individual=1/12 evals=13 stage2_unique_prices=612 best_score=18.7773569806 best_price=2.05289,4.459988 elapsed_sec=1975.02
[GA] phase=stage2_cache_hit generation=1/8 individual=1/12 evals=13 stage2_unique_prices=612 best_score=18.7773569806 best_price=2.05289,4.459988 elapsed_sec=1975.02
[GA] phase=objective_start generation=1/8 individual=1/12 evals=13 stage2_unique_prices=612 best_score=18.7773569806 best_price=2.05289,4.459988 elapsed_sec=1975.02
[GA] phase=individual_done generation=1/8 individual=1/12 evals=13 stage2_unique_prices=612 best_score=18.7773569806 best_price=2.05289,4.459988 elapsed_sec=1975.02
[GA] phase=individual_start generation=1/8 individual=2/12 evals=14 stage2_unique_prices=612 best_score=18.7773569806 best_price=2.05289,4.459988 elapsed_sec=1975.02
[GA] phase=stage2_cache_hit generation=1/8 individual=2/12 evals=14 stage2_unique_prices=612 best_score=18.7773569806 best_price=2.05289,4.459988 elapsed_sec=1975.02
[GA] phase=objective_start generation=1/8 individual=2/12 evals=14 stage2_unique_prices=612 best_score=18.7773569806 best_price=2.05289,4.459988 elapsed_sec=1975.02
[GA] phase=individual_done generation=1/8 individual=2/12 evals=14 stage2_unique_prices=612 best_score=18.7773569806 best_price=2.05289,4.459988 elapsed_sec=1975.02
[GA] phase=individual_start generation=1/8 individual=3/12 evals=15 stage2_unique_prices=612 best_score=18.7773569806 best_price=2.05289,4.459988 elapsed_sec=1975.02
[GA] phase=stage2_start generation=1/8 individual=3/12 evals=15 stage2_unique_prices=612 best_score=18.7773569806 best_price=2.05289,4.459988 elapsed_sec=1975.02
[GA] phase=stage2_done generation=1/8 individual=3/12 evals=15 stage2_unique_prices=613 best_score=18.7773569806 best_price=2.05289,4.459988 elapsed_sec=1978.32
[GA] phase=objective_start generation=1/8 individual=3/12 evals=15 stage2_unique_prices=613 best_score=18.7773569806 best_price=2.05289,4.459988 elapsed_sec=1978.32
[GA] phase=individual_done generation=1/8 individual=3/12 evals=15 stage2_unique_prices=663 best_score=18.7773569806 best_price=2.05289,4.459988 elapsed_sec=2134.22
[GA] phase=individual_start generation=1/8 individual=4/12 evals=16 stage2_unique_prices=663 best_score=18.7773569806 best_price=2.05289,4.459988 elapsed_sec=2134.22
[GA] phase=stage2_start generation=1/8 individual=4/12 evals=16 stage2_unique_prices=663 best_score=18.7773569806 best_price=2.05289,4.459988 elapsed_sec=2134.22
[GA] phase=stage2_done generation=1/8 individual=4/12 evals=16 stage2_unique_prices=664 best_score=18.7773569806 best_price=2.05289,4.459988 elapsed_sec=2137.84
[GA] phase=objective_start generation=1/8 individual=4/12 evals=16 stage2_unique_prices=664 best_score=18.7773569806 best_price=2.05289,4.459988 elapsed_sec=2137.84
[GA] phase=individual_done generation=1/8 individual=4/12 evals=16 stage2_unique_prices=714 best_score=14.16488 best_price=2.352411,4.148378 elapsed_sec=2299.94
[GA] phase=individual_start generation=1/8 individual=5/12 evals=17 stage2_unique_prices=714 best_score=14.16488 best_price=2.352411,4.148378 elapsed_sec=2299.94
[GA] phase=stage2_start generation=1/8 individual=5/12 evals=17 stage2_unique_prices=714 best_score=14.16488 best_price=2.352411,4.148378 elapsed_sec=2299.94
[GA] phase=stage2_done generation=1/8 individual=5/12 evals=17 stage2_unique_prices=715 best_score=14.16488 best_price=2.352411,4.148378 elapsed_sec=2303.26
[GA] phase=objective_start generation=1/8 individual=5/12 evals=17 stage2_unique_prices=715 best_score=14.16488 best_price=2.352411,4.148378 elapsed_sec=2303.26
[GA] phase=individual_done generation=1/8 individual=5/12 evals=17 stage2_unique_prices=765 best_score=14.16488 best_price=2.352411,4.148378 elapsed_sec=2457.86
[GA] phase=individual_start generation=1/8 individual=6/12 evals=18 stage2_unique_prices=765 best_score=14.16488 best_price=2.352411,4.148378 elapsed_sec=2457.86
[GA] phase=stage2_start generation=1/8 individual=6/12 evals=18 stage2_unique_prices=765 best_score=14.16488 best_price=2.352411,4.148378 elapsed_sec=2457.86
[GA] phase=stage2_done generation=1/8 individual=6/12 evals=18 stage2_unique_prices=766 best_score=14.16488 best_price=2.352411,4.148378 elapsed_sec=2461.32
[GA] phase=objective_start generation=1/8 individual=6/12 evals=18 stage2_unique_prices=766 best_score=14.16488 best_price=2.352411,4.148378 elapsed_sec=2461.32
[GA] phase=individual_done generation=1/8 individual=6/12 evals=18 stage2_unique_prices=816 best_score=14.16488 best_price=2.352411,4.148378 elapsed_sec=2621.39
[GA] phase=individual_start generation=1/8 individual=7/12 evals=19 stage2_unique_prices=816 best_score=14.16488 best_price=2.352411,4.148378 elapsed_sec=2621.39
[GA] phase=stage2_start generation=1/8 individual=7/12 evals=19 stage2_unique_prices=816 best_score=14.16488 best_price=2.352411,4.148378 elapsed_sec=2621.39
[GA] phase=stage2_done generation=1/8 individual=7/12 evals=19 stage2_unique_prices=817 best_score=14.16488 best_price=2.352411,4.148378 elapsed_sec=2624.55
[GA] phase=objective_start generation=1/8 individual=7/12 evals=19 stage2_unique_prices=817 best_score=14.16488 best_price=2.352411,4.148378 elapsed_sec=2624.55
[GA] phase=individual_done generation=1/8 individual=7/12 evals=19 stage2_unique_prices=867 best_score=14.16488 best_price=2.352411,4.148378 elapsed_sec=2776.52
[GA] phase=individual_start generation=1/8 individual=8/12 evals=20 stage2_unique_prices=867 best_score=14.16488 best_price=2.352411,4.148378 elapsed_sec=2776.52
[GA] phase=stage2_start generation=1/8 individual=8/12 evals=20 stage2_unique_prices=867 best_score=14.16488 best_price=2.352411,4.148378 elapsed_sec=2776.52
[GA] phase=stage2_done generation=1/8 individual=8/12 evals=20 stage2_unique_prices=868 best_score=14.16488 best_price=2.352411,4.148378 elapsed_sec=2779.69
[GA] phase=objective_start generation=1/8 individual=8/12 evals=20 stage2_unique_prices=868 best_score=14.16488 best_price=2.352411,4.148378 elapsed_sec=2779.69
[GA] phase=individual_done generation=1/8 individual=8/12 evals=20 stage2_unique_prices=918 best_score=14.16488 best_price=2.352411,4.148378 elapsed_sec=2932.67
[GA] phase=individual_start generation=1/8 individual=9/12 evals=21 stage2_unique_prices=918 best_score=14.16488 best_price=2.352411,4.148378 elapsed_sec=2932.67
[GA] phase=stage2_start generation=1/8 individual=9/12 evals=21 stage2_unique_prices=918 best_score=14.16488 best_price=2.352411,4.148378 elapsed_sec=2932.67
[GA] phase=stage2_done generation=1/8 individual=9/12 evals=21 stage2_unique_prices=919 best_score=14.16488 best_price=2.352411,4.148378 elapsed_sec=2935.83
[GA] phase=objective_start generation=1/8 individual=9/12 evals=21 stage2_unique_prices=919 best_score=14.16488 best_price=2.352411,4.148378 elapsed_sec=2935.83
[GA] phase=individual_done generation=1/8 individual=9/12 evals=21 stage2_unique_prices=969 best_score=5.19511160279 best_price=3.264387,4.14808 elapsed_sec=3085.96
[GA] phase=individual_start generation=1/8 individual=10/12 evals=22 stage2_unique_prices=969 best_score=5.19511160279 best_price=3.264387,4.14808 elapsed_sec=3085.96
[GA] phase=stage2_start generation=1/8 individual=10/12 evals=22 stage2_unique_prices=969 best_score=5.19511160279 best_price=3.264387,4.14808 elapsed_sec=3085.96
[GA] phase=stage2_done generation=1/8 individual=10/12 evals=22 stage2_unique_prices=970 best_score=5.19511160279 best_price=3.264387,4.14808 elapsed_sec=3088.81
[GA] phase=objective_start generation=1/8 individual=10/12 evals=22 stage2_unique_prices=970 best_score=5.19511160279 best_price=3.264387,4.14808 elapsed_sec=3088.81
[GA] phase=individual_done generation=1/8 individual=10/12 evals=22 stage2_unique_prices=1020 best_score=5.19511160279 best_price=3.264387,4.14808 elapsed_sec=3233.87
[GA] phase=individual_start generation=1/8 individual=11/12 evals=23 stage2_unique_prices=1020 best_score=5.19511160279 best_price=3.264387,4.14808 elapsed_sec=3233.87
[GA] phase=stage2_start generation=1/8 individual=11/12 evals=23 stage2_unique_prices=1020 best_score=5.19511160279 best_price=3.264387,4.14808 elapsed_sec=3233.87
[GA] phase=stage2_done generation=1/8 individual=11/12 evals=23 stage2_unique_prices=1021 best_score=5.19511160279 best_price=3.264387,4.14808 elapsed_sec=3236.69
[GA] phase=objective_start generation=1/8 individual=11/12 evals=23 stage2_unique_prices=1021 best_score=5.19511160279 best_price=3.264387,4.14808 elapsed_sec=3236.69
[GA] phase=individual_done generation=1/8 individual=11/12 evals=23 stage2_unique_prices=1071 best_score=5.19511160279 best_price=3.264387,4.14808 elapsed_sec=3386.31
[GA] phase=individual_start generation=1/8 individual=12/12 evals=24 stage2_unique_prices=1071 best_score=5.19511160279 best_price=3.264387,4.14808 elapsed_sec=3386.31
[GA] phase=stage2_start generation=1/8 individual=12/12 evals=24 stage2_unique_prices=1071 best_score=5.19511160279 best_price=3.264387,4.14808 elapsed_sec=3386.31
[GA] phase=stage2_done generation=1/8 individual=12/12 evals=24 stage2_unique_prices=1072 best_score=5.19511160279 best_price=3.264387,4.14808 elapsed_sec=3388.33
[GA] phase=objective_start generation=1/8 individual=12/12 evals=24 stage2_unique_prices=1072 best_score=5.19511160279 best_price=3.264387,4.14808 elapsed_sec=3388.33
[GA] phase=individual_done generation=1/8 individual=12/12 evals=24 stage2_unique_prices=1122 best_score=5.19511160279 best_price=3.264387,4.14808 elapsed_sec=3530.18
[GA] phase=population_done generation=1/8 evals=24 stage2_unique_prices=1122 best_score=5.19511160279 best_price=3.264387,4.14808 elapsed_sec=3530.18
[GA] phase=population_start generation=2/8 evals=24 stage2_unique_prices=1122 best_score=5.19511160279 best_price=3.264387,4.14808 elapsed_sec=3530.18
[GA] phase=individual_start generation=2/8 individual=1/12 evals=25 stage2_unique_prices=1122 best_score=5.19511160279 best_price=3.264387,4.14808 elapsed_sec=3530.18
[GA] phase=stage2_cache_hit generation=2/8 individual=1/12 evals=25 stage2_unique_prices=1122 best_score=5.19511160279 best_price=3.264387,4.14808 elapsed_sec=3530.18
[GA] phase=objective_start generation=2/8 individual=1/12 evals=25 stage2_unique_prices=1122 best_score=5.19511160279 best_price=3.264387,4.14808 elapsed_sec=3530.18
[GA] phase=individual_done generation=2/8 individual=1/12 evals=25 stage2_unique_prices=1122 best_score=5.19511160279 best_price=3.264387,4.14808 elapsed_sec=3530.18
[GA] phase=individual_start generation=2/8 individual=2/12 evals=26 stage2_unique_prices=1122 best_score=5.19511160279 best_price=3.264387,4.14808 elapsed_sec=3530.18
[GA] phase=stage2_cache_hit generation=2/8 individual=2/12 evals=26 stage2_unique_prices=1122 best_score=5.19511160279 best_price=3.264387,4.14808 elapsed_sec=3530.18
[GA] phase=objective_start generation=2/8 individual=2/12 evals=26 stage2_unique_prices=1122 best_score=5.19511160279 best_price=3.264387,4.14808 elapsed_sec=3530.18
[GA] phase=individual_done generation=2/8 individual=2/12 evals=26 stage2_unique_prices=1122 best_score=5.19511160279 best_price=3.264387,4.14808 elapsed_sec=3530.18
[GA] phase=individual_start generation=2/8 individual=3/12 evals=27 stage2_unique_prices=1122 best_score=5.19511160279 best_price=3.264387,4.14808 elapsed_sec=3530.18
[GA] phase=stage2_start generation=2/8 individual=3/12 evals=27 stage2_unique_prices=1122 best_score=5.19511160279 best_price=3.264387,4.14808 elapsed_sec=3530.18
[GA] phase=stage2_done generation=2/8 individual=3/12 evals=27 stage2_unique_prices=1123 best_score=5.19511160279 best_price=3.264387,4.14808 elapsed_sec=3533.21
[GA] phase=objective_start generation=2/8 individual=3/12 evals=27 stage2_unique_prices=1123 best_score=5.19511160279 best_price=3.264387,4.14808 elapsed_sec=3533.21
[GA] phase=individual_done generation=2/8 individual=3/12 evals=27 stage2_unique_prices=1173 best_score=5.19511160279 best_price=3.264387,4.14808 elapsed_sec=3682.90
[GA] phase=individual_start generation=2/8 individual=4/12 evals=28 stage2_unique_prices=1173 best_score=5.19511160279 best_price=3.264387,4.14808 elapsed_sec=3682.90
[GA] phase=stage2_start generation=2/8 individual=4/12 evals=28 stage2_unique_prices=1173 best_score=5.19511160279 best_price=3.264387,4.14808 elapsed_sec=3682.90
[GA] phase=stage2_done generation=2/8 individual=4/12 evals=28 stage2_unique_prices=1174 best_score=5.19511160279 best_price=3.264387,4.14808 elapsed_sec=3685.72
[GA] phase=objective_start generation=2/8 individual=4/12 evals=28 stage2_unique_prices=1174 best_score=5.19511160279 best_price=3.264387,4.14808 elapsed_sec=3685.72
[GA] phase=individual_done generation=2/8 individual=4/12 evals=28 stage2_unique_prices=1224 best_score=5.19511160279 best_price=3.264387,4.14808 elapsed_sec=3833.67
[GA] phase=individual_start generation=2/8 individual=5/12 evals=29 stage2_unique_prices=1224 best_score=5.19511160279 best_price=3.264387,4.14808 elapsed_sec=3833.68
[GA] phase=stage2_start generation=2/8 individual=5/12 evals=29 stage2_unique_prices=1224 best_score=5.19511160279 best_price=3.264387,4.14808 elapsed_sec=3833.68
[GA] phase=stage2_done generation=2/8 individual=5/12 evals=29 stage2_unique_prices=1225 best_score=5.19511160279 best_price=3.264387,4.14808 elapsed_sec=3836.51
[GA] phase=objective_start generation=2/8 individual=5/12 evals=29 stage2_unique_prices=1225 best_score=5.19511160279 best_price=3.264387,4.14808 elapsed_sec=3836.51
[GA] phase=individual_done generation=2/8 individual=5/12 evals=29 stage2_unique_prices=1275 best_score=5.19511160279 best_price=3.264387,4.14808 elapsed_sec=3985.20
[GA] phase=individual_start generation=2/8 individual=6/12 evals=30 stage2_unique_prices=1275 best_score=5.19511160279 best_price=3.264387,4.14808 elapsed_sec=3985.20
[GA] phase=stage2_start generation=2/8 individual=6/12 evals=30 stage2_unique_prices=1275 best_score=5.19511160279 best_price=3.264387,4.14808 elapsed_sec=3985.20
[GA] phase=stage2_done generation=2/8 individual=6/12 evals=30 stage2_unique_prices=1276 best_score=5.19511160279 best_price=3.264387,4.14808 elapsed_sec=3988.06
[GA] phase=objective_start generation=2/8 individual=6/12 evals=30 stage2_unique_prices=1276 best_score=5.19511160279 best_price=3.264387,4.14808 elapsed_sec=3988.06
[GA] phase=individual_done generation=2/8 individual=6/12 evals=30 stage2_unique_prices=1326 best_score=5.19511160279 best_price=3.264387,4.14808 elapsed_sec=4138.29
[GA] phase=individual_start generation=2/8 individual=7/12 evals=31 stage2_unique_prices=1326 best_score=5.19511160279 best_price=3.264387,4.14808 elapsed_sec=4138.29
[GA] phase=stage2_start generation=2/8 individual=7/12 evals=31 stage2_unique_prices=1326 best_score=5.19511160279 best_price=3.264387,4.14808 elapsed_sec=4138.29
[GA] phase=stage2_done generation=2/8 individual=7/12 evals=31 stage2_unique_prices=1327 best_score=5.19511160279 best_price=3.264387,4.14808 elapsed_sec=4141.48
[GA] phase=objective_start generation=2/8 individual=7/12 evals=31 stage2_unique_prices=1327 best_score=5.19511160279 best_price=3.264387,4.14808 elapsed_sec=4141.48
[GA] phase=individual_done generation=2/8 individual=7/12 evals=31 stage2_unique_prices=1352 best_score=5.19511160279 best_price=3.264387,4.14808 elapsed_sec=4221.25
[GA] phase=individual_start generation=2/8 individual=8/12 evals=32 stage2_unique_prices=1352 best_score=5.19511160279 best_price=3.264387,4.14808 elapsed_sec=4221.25
[GA] phase=stage2_cache_hit generation=2/8 individual=8/12 evals=32 stage2_unique_prices=1352 best_score=5.19511160279 best_price=3.264387,4.14808 elapsed_sec=4221.25
[GA] phase=objective_start generation=2/8 individual=8/12 evals=32 stage2_unique_prices=1352 best_score=5.19511160279 best_price=3.264387,4.14808 elapsed_sec=4221.25
[GA] phase=individual_done generation=2/8 individual=8/12 evals=32 stage2_unique_prices=1352 best_score=5.19511160279 best_price=3.264387,4.14808 elapsed_sec=4221.25
[GA] phase=individual_start generation=2/8 individual=9/12 evals=33 stage2_unique_prices=1352 best_score=5.19511160279 best_price=3.264387,4.14808 elapsed_sec=4221.25
[GA] phase=stage2_start generation=2/8 individual=9/12 evals=33 stage2_unique_prices=1352 best_score=5.19511160279 best_price=3.264387,4.14808 elapsed_sec=4221.25
[GA] phase=stage2_done generation=2/8 individual=9/12 evals=33 stage2_unique_prices=1353 best_score=5.19511160279 best_price=3.264387,4.14808 elapsed_sec=4224.74
[GA] phase=objective_start generation=2/8 individual=9/12 evals=33 stage2_unique_prices=1353 best_score=5.19511160279 best_price=3.264387,4.14808 elapsed_sec=4224.74
[GA] phase=individual_done generation=2/8 individual=9/12 evals=33 stage2_unique_prices=1403 best_score=3.1976023326 best_price=2.866262,4.14821 elapsed_sec=4380.92
[GA] phase=individual_start generation=2/8 individual=10/12 evals=34 stage2_unique_prices=1403 best_score=3.1976023326 best_price=2.866262,4.14821 elapsed_sec=4380.92
[GA] phase=stage2_start generation=2/8 individual=10/12 evals=34 stage2_unique_prices=1403 best_score=3.1976023326 best_price=2.866262,4.14821 elapsed_sec=4380.92
[GA] phase=stage2_done generation=2/8 individual=10/12 evals=34 stage2_unique_prices=1404 best_score=3.1976023326 best_price=2.866262,4.14821 elapsed_sec=4384.37
[GA] phase=objective_start generation=2/8 individual=10/12 evals=34 stage2_unique_prices=1404 best_score=3.1976023326 best_price=2.866262,4.14821 elapsed_sec=4384.37
[GA] phase=individual_done generation=2/8 individual=10/12 evals=34 stage2_unique_prices=1454 best_score=3.1960823326 best_price=2.750536,4.148248 elapsed_sec=4541.22
[GA] phase=individual_start generation=2/8 individual=11/12 evals=35 stage2_unique_prices=1454 best_score=3.1960823326 best_price=2.750536,4.148248 elapsed_sec=4541.22
[GA] phase=stage2_start generation=2/8 individual=11/12 evals=35 stage2_unique_prices=1454 best_score=3.1960823326 best_price=2.750536,4.148248 elapsed_sec=4541.22
[GA] phase=stage2_done generation=2/8 individual=11/12 evals=35 stage2_unique_prices=1455 best_score=3.1960823326 best_price=2.750536,4.148248 elapsed_sec=4544.68
[GA] phase=objective_start generation=2/8 individual=11/12 evals=35 stage2_unique_prices=1455 best_score=3.1960823326 best_price=2.750536,4.148248 elapsed_sec=4544.68
[GA] phase=individual_done generation=2/8 individual=11/12 evals=35 stage2_unique_prices=1505 best_score=3.1960823326 best_price=2.750536,4.148248 elapsed_sec=4703.25
[GA] phase=individual_start generation=2/8 individual=12/12 evals=36 stage2_unique_prices=1505 best_score=3.1960823326 best_price=2.750536,4.148248 elapsed_sec=4703.25
[GA] phase=stage2_start generation=2/8 individual=12/12 evals=36 stage2_unique_prices=1505 best_score=3.1960823326 best_price=2.750536,4.148248 elapsed_sec=4703.25
[GA] phase=stage2_done generation=2/8 individual=12/12 evals=36 stage2_unique_prices=1506 best_score=3.1960823326 best_price=2.750536,4.148248 elapsed_sec=4706.53
[GA] phase=objective_start generation=2/8 individual=12/12 evals=36 stage2_unique_prices=1506 best_score=3.1960823326 best_price=2.750536,4.148248 elapsed_sec=4706.53
[GA] phase=individual_done generation=2/8 individual=12/12 evals=36 stage2_unique_prices=1556 best_score=3.1960823326 best_price=2.750536,4.148248 elapsed_sec=4860.04
[GA] phase=population_done generation=2/8 evals=36 stage2_unique_prices=1556 best_score=3.1960823326 best_price=2.750536,4.148248 elapsed_sec=4860.05
[GA] phase=population_start generation=3/8 evals=36 stage2_unique_prices=1556 best_score=3.1960823326 best_price=2.750536,4.148248 elapsed_sec=4860.05
[GA] phase=individual_start generation=3/8 individual=1/12 evals=37 stage2_unique_prices=1556 best_score=3.1960823326 best_price=2.750536,4.148248 elapsed_sec=4860.05
[GA] phase=stage2_cache_hit generation=3/8 individual=1/12 evals=37 stage2_unique_prices=1556 best_score=3.1960823326 best_price=2.750536,4.148248 elapsed_sec=4860.05
[GA] phase=objective_start generation=3/8 individual=1/12 evals=37 stage2_unique_prices=1556 best_score=3.1960823326 best_price=2.750536,4.148248 elapsed_sec=4860.05
[GA] phase=individual_done generation=3/8 individual=1/12 evals=37 stage2_unique_prices=1556 best_score=3.1960823326 best_price=2.750536,4.148248 elapsed_sec=4860.05
[GA] phase=individual_start generation=3/8 individual=2/12 evals=38 stage2_unique_prices=1556 best_score=3.1960823326 best_price=2.750536,4.148248 elapsed_sec=4860.05
[GA] phase=stage2_cache_hit generation=3/8 individual=2/12 evals=38 stage2_unique_prices=1556 best_score=3.1960823326 best_price=2.750536,4.148248 elapsed_sec=4860.05
[GA] phase=objective_start generation=3/8 individual=2/12 evals=38 stage2_unique_prices=1556 best_score=3.1960823326 best_price=2.750536,4.148248 elapsed_sec=4860.05
[GA] phase=individual_done generation=3/8 individual=2/12 evals=38 stage2_unique_prices=1556 best_score=3.1960823326 best_price=2.750536,4.148248 elapsed_sec=4860.05
[GA] phase=individual_start generation=3/8 individual=3/12 evals=39 stage2_unique_prices=1556 best_score=3.1960823326 best_price=2.750536,4.148248 elapsed_sec=4860.05
[GA] phase=stage2_start generation=3/8 individual=3/12 evals=39 stage2_unique_prices=1556 best_score=3.1960823326 best_price=2.750536,4.148248 elapsed_sec=4860.05
[GA] phase=stage2_done generation=3/8 individual=3/12 evals=39 stage2_unique_prices=1557 best_score=3.1960823326 best_price=2.750536,4.148248 elapsed_sec=4863.39
[GA] phase=objective_start generation=3/8 individual=3/12 evals=39 stage2_unique_prices=1557 best_score=3.1960823326 best_price=2.750536,4.148248 elapsed_sec=4863.39
[GA] phase=individual_done generation=3/8 individual=3/12 evals=39 stage2_unique_prices=1582 best_score=3.1960823326 best_price=2.750536,4.148248 elapsed_sec=4943.42
[GA] phase=individual_start generation=3/8 individual=4/12 evals=40 stage2_unique_prices=1582 best_score=3.1960823326 best_price=2.750536,4.148248 elapsed_sec=4943.42
[GA] phase=stage2_cache_hit generation=3/8 individual=4/12 evals=40 stage2_unique_prices=1582 best_score=3.1960823326 best_price=2.750536,4.148248 elapsed_sec=4943.42
[GA] phase=objective_start generation=3/8 individual=4/12 evals=40 stage2_unique_prices=1582 best_score=3.1960823326 best_price=2.750536,4.148248 elapsed_sec=4943.42
[GA] phase=individual_done generation=3/8 individual=4/12 evals=40 stage2_unique_prices=1582 best_score=3.1960823326 best_price=2.750536,4.148248 elapsed_sec=4943.42
[GA] phase=individual_start generation=3/8 individual=5/12 evals=41 stage2_unique_prices=1582 best_score=3.1960823326 best_price=2.750536,4.148248 elapsed_sec=4943.42
[GA] phase=stage2_start generation=3/8 individual=5/12 evals=41 stage2_unique_prices=1582 best_score=3.1960823326 best_price=2.750536,4.148248 elapsed_sec=4943.42
[GA] phase=stage2_done generation=3/8 individual=5/12 evals=41 stage2_unique_prices=1583 best_score=3.1960823326 best_price=2.750536,4.148248 elapsed_sec=4946.10
[GA] phase=objective_start generation=3/8 individual=5/12 evals=41 stage2_unique_prices=1583 best_score=3.1960823326 best_price=2.750536,4.148248 elapsed_sec=4946.10
[GA] phase=individual_done generation=3/8 individual=5/12 evals=41 stage2_unique_prices=1633 best_score=3.1960823326 best_price=2.750536,4.148248 elapsed_sec=5089.35
[GA] phase=individual_start generation=3/8 individual=6/12 evals=42 stage2_unique_prices=1633 best_score=3.1960823326 best_price=2.750536,4.148248 elapsed_sec=5089.35
[GA] phase=stage2_start generation=3/8 individual=6/12 evals=42 stage2_unique_prices=1633 best_score=3.1960823326 best_price=2.750536,4.148248 elapsed_sec=5089.35
[GA] phase=stage2_done generation=3/8 individual=6/12 evals=42 stage2_unique_prices=1634 best_score=3.1960823326 best_price=2.750536,4.148248 elapsed_sec=5092.50
[GA] phase=objective_start generation=3/8 individual=6/12 evals=42 stage2_unique_prices=1634 best_score=3.1960823326 best_price=2.750536,4.148248 elapsed_sec=5092.50
[GA] phase=individual_done generation=3/8 individual=6/12 evals=42 stage2_unique_prices=1684 best_score=3.1960823326 best_price=2.750536,4.148248 elapsed_sec=5246.47
[GA] phase=individual_start generation=3/8 individual=7/12 evals=43 stage2_unique_prices=1684 best_score=3.1960823326 best_price=2.750536,4.148248 elapsed_sec=5246.47
[GA] phase=stage2_start generation=3/8 individual=7/12 evals=43 stage2_unique_prices=1684 best_score=3.1960823326 best_price=2.750536,4.148248 elapsed_sec=5246.47
[GA] phase=stage2_done generation=3/8 individual=7/12 evals=43 stage2_unique_prices=1685 best_score=3.1960823326 best_price=2.750536,4.148248 elapsed_sec=5249.93
[GA] phase=objective_start generation=3/8 individual=7/12 evals=43 stage2_unique_prices=1685 best_score=3.1960823326 best_price=2.750536,4.148248 elapsed_sec=5249.93
[GA] phase=individual_done generation=3/8 individual=7/12 evals=43 stage2_unique_prices=1735 best_score=3.1960823326 best_price=2.750536,4.148248 elapsed_sec=5405.92
[GA] phase=individual_start generation=3/8 individual=8/12 evals=44 stage2_unique_prices=1735 best_score=3.1960823326 best_price=2.750536,4.148248 elapsed_sec=5405.92
[GA] phase=stage2_start generation=3/8 individual=8/12 evals=44 stage2_unique_prices=1735 best_score=3.1960823326 best_price=2.750536,4.148248 elapsed_sec=5405.92
[GA] phase=stage2_done generation=3/8 individual=8/12 evals=44 stage2_unique_prices=1736 best_score=3.1960823326 best_price=2.750536,4.148248 elapsed_sec=5409.38
[GA] phase=objective_start generation=3/8 individual=8/12 evals=44 stage2_unique_prices=1736 best_score=3.1960823326 best_price=2.750536,4.148248 elapsed_sec=5409.38
[GA] phase=individual_done generation=3/8 individual=8/12 evals=44 stage2_unique_prices=1786 best_score=0 best_price=2.943955,4.148185 elapsed_sec=5564.54
[GA] phase=individual_start generation=3/8 individual=9/12 evals=45 stage2_unique_prices=1786 best_score=0 best_price=2.943955,4.148185 elapsed_sec=5564.54
[GA] phase=stage2_start generation=3/8 individual=9/12 evals=45 stage2_unique_prices=1786 best_score=0 best_price=2.943955,4.148185 elapsed_sec=5564.54
[GA] phase=stage2_done generation=3/8 individual=9/12 evals=45 stage2_unique_prices=1787 best_score=0 best_price=2.943955,4.148185 elapsed_sec=5568.01
[GA] phase=objective_start generation=3/8 individual=9/12 evals=45 stage2_unique_prices=1787 best_score=0 best_price=2.943955,4.148185 elapsed_sec=5568.01
[GA] phase=individual_done generation=3/8 individual=9/12 evals=45 stage2_unique_prices=1837 best_score=0 best_price=2.943955,4.148185 elapsed_sec=5722.86
[GA] phase=individual_start generation=3/8 individual=10/12 evals=46 stage2_unique_prices=1837 best_score=0 best_price=2.943955,4.148185 elapsed_sec=5722.86
[GA] phase=stage2_start generation=3/8 individual=10/12 evals=46 stage2_unique_prices=1837 best_score=0 best_price=2.943955,4.148185 elapsed_sec=5722.86
[GA] phase=stage2_done generation=3/8 individual=10/12 evals=46 stage2_unique_prices=1838 best_score=0 best_price=2.943955,4.148185 elapsed_sec=5726.16
[GA] phase=objective_start generation=3/8 individual=10/12 evals=46 stage2_unique_prices=1838 best_score=0 best_price=2.943955,4.148185 elapsed_sec=5726.16
[GA] phase=individual_done generation=3/8 individual=10/12 evals=46 stage2_unique_prices=1888 best_score=0 best_price=2.943955,4.148185 elapsed_sec=5879.72
[GA] phase=individual_start generation=3/8 individual=11/12 evals=47 stage2_unique_prices=1888 best_score=0 best_price=2.943955,4.148185 elapsed_sec=5879.72
[GA] phase=stage2_start generation=3/8 individual=11/12 evals=47 stage2_unique_prices=1888 best_score=0 best_price=2.943955,4.148185 elapsed_sec=5879.72
[GA] phase=stage2_done generation=3/8 individual=11/12 evals=47 stage2_unique_prices=1889 best_score=0 best_price=2.943955,4.148185 elapsed_sec=5882.71
[GA] phase=objective_start generation=3/8 individual=11/12 evals=47 stage2_unique_prices=1889 best_score=0 best_price=2.943955,4.148185 elapsed_sec=5882.71
[GA] phase=individual_done generation=3/8 individual=11/12 evals=47 stage2_unique_prices=1914 best_score=0 best_price=2.943955,4.148185 elapsed_sec=5949.99
[GA] phase=individual_start generation=3/8 individual=12/12 evals=48 stage2_unique_prices=1914 best_score=0 best_price=2.943955,4.148185 elapsed_sec=5949.99
[GA] phase=stage2_start generation=3/8 individual=12/12 evals=48 stage2_unique_prices=1914 best_score=0 best_price=2.943955,4.148185 elapsed_sec=5949.99
[GA] phase=stage2_done generation=3/8 individual=12/12 evals=48 stage2_unique_prices=1915 best_score=0 best_price=2.943955,4.148185 elapsed_sec=5953.15
[GA] phase=objective_start generation=3/8 individual=12/12 evals=48 stage2_unique_prices=1915 best_score=0 best_price=2.943955,4.148185 elapsed_sec=5953.15
[GA] phase=individual_done generation=3/8 individual=12/12 evals=48 stage2_unique_prices=1940 best_score=0 best_price=2.943955,4.148185 elapsed_sec=6029.80
[GA] phase=population_done generation=3/8 evals=48 stage2_unique_prices=1940 best_score=0 best_price=2.943955,4.148185 elapsed_sec=6029.80
[GA] phase=population_start generation=4/8 evals=48 stage2_unique_prices=1940 best_score=0 best_price=2.943955,4.148185 elapsed_sec=6029.80
[GA] phase=individual_start generation=4/8 individual=1/12 evals=49 stage2_unique_prices=1940 best_score=0 best_price=2.943955,4.148185 elapsed_sec=6029.80
[GA] phase=stage2_cache_hit generation=4/8 individual=1/12 evals=49 stage2_unique_prices=1940 best_score=0 best_price=2.943955,4.148185 elapsed_sec=6029.80
[GA] phase=objective_start generation=4/8 individual=1/12 evals=49 stage2_unique_prices=1940 best_score=0 best_price=2.943955,4.148185 elapsed_sec=6029.80
[GA] phase=individual_done generation=4/8 individual=1/12 evals=49 stage2_unique_prices=1940 best_score=0 best_price=2.943955,4.148185 elapsed_sec=6029.80
[GA] phase=individual_start generation=4/8 individual=2/12 evals=50 stage2_unique_prices=1940 best_score=0 best_price=2.943955,4.148185 elapsed_sec=6029.80
[GA] phase=stage2_cache_hit generation=4/8 individual=2/12 evals=50 stage2_unique_prices=1940 best_score=0 best_price=2.943955,4.148185 elapsed_sec=6029.80
[GA] phase=objective_start generation=4/8 individual=2/12 evals=50 stage2_unique_prices=1940 best_score=0 best_price=2.943955,4.148185 elapsed_sec=6029.80
[GA] phase=individual_done generation=4/8 individual=2/12 evals=50 stage2_unique_prices=1940 best_score=0 best_price=2.943955,4.148185 elapsed_sec=6029.80
[GA] phase=individual_start generation=4/8 individual=3/12 evals=51 stage2_unique_prices=1940 best_score=0 best_price=2.943955,4.148185 elapsed_sec=6029.80
[GA] phase=stage2_cache_hit generation=4/8 individual=3/12 evals=51 stage2_unique_prices=1940 best_score=0 best_price=2.943955,4.148185 elapsed_sec=6029.80
[GA] phase=objective_start generation=4/8 individual=3/12 evals=51 stage2_unique_prices=1940 best_score=0 best_price=2.943955,4.148185 elapsed_sec=6029.80
[GA] phase=individual_done generation=4/8 individual=3/12 evals=51 stage2_unique_prices=1940 best_score=0 best_price=2.943955,4.148185 elapsed_sec=6029.80
[GA] phase=individual_start generation=4/8 individual=4/12 evals=52 stage2_unique_prices=1940 best_score=0 best_price=2.943955,4.148185 elapsed_sec=6029.80
[GA] phase=stage2_cache_hit generation=4/8 individual=4/12 evals=52 stage2_unique_prices=1940 best_score=0 best_price=2.943955,4.148185 elapsed_sec=6029.80
[GA] phase=objective_start generation=4/8 individual=4/12 evals=52 stage2_unique_prices=1940 best_score=0 best_price=2.943955,4.148185 elapsed_sec=6029.80
[GA] phase=individual_done generation=4/8 individual=4/12 evals=52 stage2_unique_prices=1940 best_score=0 best_price=2.943955,4.148185 elapsed_sec=6029.80
[GA] phase=individual_start generation=4/8 individual=5/12 evals=53 stage2_unique_prices=1940 best_score=0 best_price=2.943955,4.148185 elapsed_sec=6029.80
[GA] phase=stage2_cache_hit generation=4/8 individual=5/12 evals=53 stage2_unique_prices=1940 best_score=0 best_price=2.943955,4.148185 elapsed_sec=6029.80
[GA] phase=objective_start generation=4/8 individual=5/12 evals=53 stage2_unique_prices=1940 best_score=0 best_price=2.943955,4.148185 elapsed_sec=6029.80
[GA] phase=individual_done generation=4/8 individual=5/12 evals=53 stage2_unique_prices=1940 best_score=0 best_price=2.943955,4.148185 elapsed_sec=6029.80
[GA] phase=individual_start generation=4/8 individual=6/12 evals=54 stage2_unique_prices=1940 best_score=0 best_price=2.943955,4.148185 elapsed_sec=6029.80
[GA] phase=stage2_cache_hit generation=4/8 individual=6/12 evals=54 stage2_unique_prices=1940 best_score=0 best_price=2.943955,4.148185 elapsed_sec=6029.80
[GA] phase=objective_start generation=4/8 individual=6/12 evals=54 stage2_unique_prices=1940 best_score=0 best_price=2.943955,4.148185 elapsed_sec=6029.80
[GA] phase=individual_done generation=4/8 individual=6/12 evals=54 stage2_unique_prices=1940 best_score=0 best_price=2.943955,4.148185 elapsed_sec=6029.80
[GA] phase=individual_start generation=4/8 individual=7/12 evals=55 stage2_unique_prices=1940 best_score=0 best_price=2.943955,4.148185 elapsed_sec=6029.80
[GA] phase=stage2_start generation=4/8 individual=7/12 evals=55 stage2_unique_prices=1940 best_score=0 best_price=2.943955,4.148185 elapsed_sec=6029.80
[GA] phase=stage2_done generation=4/8 individual=7/12 evals=55 stage2_unique_prices=1941 best_score=0 best_price=2.943955,4.148185 elapsed_sec=6032.97
[GA] phase=objective_start generation=4/8 individual=7/12 evals=55 stage2_unique_prices=1941 best_score=0 best_price=2.943955,4.148185 elapsed_sec=6032.97
[GA] phase=individual_done generation=4/8 individual=7/12 evals=55 stage2_unique_prices=1991 best_score=0 best_price=2.943955,4.148185 elapsed_sec=6185.96
[GA] phase=individual_start generation=4/8 individual=8/12 evals=56 stage2_unique_prices=1991 best_score=0 best_price=2.943955,4.148185 elapsed_sec=6185.96
[GA] phase=stage2_start generation=4/8 individual=8/12 evals=56 stage2_unique_prices=1991 best_score=0 best_price=2.943955,4.148185 elapsed_sec=6185.96
[GA] phase=stage2_done generation=4/8 individual=8/12 evals=56 stage2_unique_prices=1992 best_score=0 best_price=2.943955,4.148185 elapsed_sec=6189.43
[GA] phase=objective_start generation=4/8 individual=8/12 evals=56 stage2_unique_prices=1992 best_score=0 best_price=2.943955,4.148185 elapsed_sec=6189.43
[GA] phase=individual_done generation=4/8 individual=8/12 evals=56 stage2_unique_prices=2042 best_score=0 best_price=2.943955,4.148185 elapsed_sec=6347.15
[GA] phase=individual_start generation=4/8 individual=9/12 evals=57 stage2_unique_prices=2042 best_score=0 best_price=2.943955,4.148185 elapsed_sec=6347.15
[GA] phase=stage2_start generation=4/8 individual=9/12 evals=57 stage2_unique_prices=2042 best_score=0 best_price=2.943955,4.148185 elapsed_sec=6347.15
[GA] phase=stage2_done generation=4/8 individual=9/12 evals=57 stage2_unique_prices=2043 best_score=0 best_price=2.943955,4.148185 elapsed_sec=6350.31
[GA] phase=objective_start generation=4/8 individual=9/12 evals=57 stage2_unique_prices=2043 best_score=0 best_price=2.943955,4.148185 elapsed_sec=6350.31
[GA] phase=individual_done generation=4/8 individual=9/12 evals=57 stage2_unique_prices=2093 best_score=0 best_price=2.943955,4.148185 elapsed_sec=6505.71
[GA] phase=individual_start generation=4/8 individual=10/12 evals=58 stage2_unique_prices=2093 best_score=0 best_price=2.943955,4.148185 elapsed_sec=6505.71
[GA] phase=stage2_start generation=4/8 individual=10/12 evals=58 stage2_unique_prices=2093 best_score=0 best_price=2.943955,4.148185 elapsed_sec=6505.71
[GA] phase=stage2_done generation=4/8 individual=10/12 evals=58 stage2_unique_prices=2094 best_score=0 best_price=2.943955,4.148185 elapsed_sec=6509.18
[GA] phase=objective_start generation=4/8 individual=10/12 evals=58 stage2_unique_prices=2094 best_score=0 best_price=2.943955,4.148185 elapsed_sec=6509.18
[GA] phase=individual_done generation=4/8 individual=10/12 evals=58 stage2_unique_prices=2144 best_score=0 best_price=2.943955,4.148185 elapsed_sec=6666.03
[GA] phase=individual_start generation=4/8 individual=11/12 evals=59 stage2_unique_prices=2144 best_score=0 best_price=2.943955,4.148185 elapsed_sec=6666.03
[GA] phase=stage2_start generation=4/8 individual=11/12 evals=59 stage2_unique_prices=2144 best_score=0 best_price=2.943955,4.148185 elapsed_sec=6666.03
[GA] phase=stage2_done generation=4/8 individual=11/12 evals=59 stage2_unique_prices=2145 best_score=0 best_price=2.943955,4.148185 elapsed_sec=6669.51
[GA] phase=objective_start generation=4/8 individual=11/12 evals=59 stage2_unique_prices=2145 best_score=0 best_price=2.943955,4.148185 elapsed_sec=6669.51
[GA] phase=individual_done generation=4/8 individual=11/12 evals=59 stage2_unique_prices=2195 best_score=0 best_price=2.943955,4.148185 elapsed_sec=6824.94
[GA] phase=individual_start generation=4/8 individual=12/12 evals=60 stage2_unique_prices=2195 best_score=0 best_price=2.943955,4.148185 elapsed_sec=6824.94
[GA] phase=stage2_start generation=4/8 individual=12/12 evals=60 stage2_unique_prices=2195 best_score=0 best_price=2.943955,4.148185 elapsed_sec=6824.94
[GA] phase=stage2_done generation=4/8 individual=12/12 evals=60 stage2_unique_prices=2196 best_score=0 best_price=2.943955,4.148185 elapsed_sec=6828.57
[GA] phase=objective_start generation=4/8 individual=12/12 evals=60 stage2_unique_prices=2196 best_score=0 best_price=2.943955,4.148185 elapsed_sec=6828.57
[GA] phase=individual_done generation=4/8 individual=12/12 evals=60 stage2_unique_prices=2246 best_score=0 best_price=2.943955,4.148185 elapsed_sec=6993.64
[GA] phase=population_done generation=4/8 evals=60 stage2_unique_prices=2246 best_score=0 best_price=2.943955,4.148185 elapsed_sec=6993.64
[GA] phase=population_start generation=5/8 evals=60 stage2_unique_prices=2246 best_score=0 best_price=2.943955,4.148185 elapsed_sec=6993.64
[GA] phase=individual_start generation=5/8 individual=1/12 evals=61 stage2_unique_prices=2246 best_score=0 best_price=2.943955,4.148185 elapsed_sec=6993.64
[GA] phase=stage2_cache_hit generation=5/8 individual=1/12 evals=61 stage2_unique_prices=2246 best_score=0 best_price=2.943955,4.148185 elapsed_sec=6993.64
[GA] phase=objective_start generation=5/8 individual=1/12 evals=61 stage2_unique_prices=2246 best_score=0 best_price=2.943955,4.148185 elapsed_sec=6993.64
[GA] phase=individual_done generation=5/8 individual=1/12 evals=61 stage2_unique_prices=2246 best_score=0 best_price=2.943955,4.148185 elapsed_sec=6993.64
[GA] phase=individual_start generation=5/8 individual=2/12 evals=62 stage2_unique_prices=2246 best_score=0 best_price=2.943955,4.148185 elapsed_sec=6993.64
[GA] phase=stage2_cache_hit generation=5/8 individual=2/12 evals=62 stage2_unique_prices=2246 best_score=0 best_price=2.943955,4.148185 elapsed_sec=6993.64
[GA] phase=objective_start generation=5/8 individual=2/12 evals=62 stage2_unique_prices=2246 best_score=0 best_price=2.943955,4.148185 elapsed_sec=6993.64
[GA] phase=individual_done generation=5/8 individual=2/12 evals=62 stage2_unique_prices=2246 best_score=0 best_price=2.943955,4.148185 elapsed_sec=6993.64
[GA] phase=individual_start generation=5/8 individual=3/12 evals=63 stage2_unique_prices=2246 best_score=0 best_price=2.943955,4.148185 elapsed_sec=6993.64
[GA] phase=stage2_start generation=5/8 individual=3/12 evals=63 stage2_unique_prices=2246 best_score=0 best_price=2.943955,4.148185 elapsed_sec=6993.64
[GA] phase=stage2_done generation=5/8 individual=3/12 evals=63 stage2_unique_prices=2247 best_score=0 best_price=2.943955,4.148185 elapsed_sec=6996.97
[GA] phase=objective_start generation=5/8 individual=3/12 evals=63 stage2_unique_prices=2247 best_score=0 best_price=2.943955,4.148185 elapsed_sec=6996.97
[GA] phase=individual_done generation=5/8 individual=3/12 evals=63 stage2_unique_prices=2297 best_score=0 best_price=2.943955,4.148185 elapsed_sec=7150.85
[GA] phase=individual_start generation=5/8 individual=4/12 evals=64 stage2_unique_prices=2297 best_score=0 best_price=2.943955,4.148185 elapsed_sec=7150.85
[GA] phase=stage2_start generation=5/8 individual=4/12 evals=64 stage2_unique_prices=2297 best_score=0 best_price=2.943955,4.148185 elapsed_sec=7150.85
[GA] phase=stage2_done generation=5/8 individual=4/12 evals=64 stage2_unique_prices=2298 best_score=0 best_price=2.943955,4.148185 elapsed_sec=7154.18
[GA] phase=objective_start generation=5/8 individual=4/12 evals=64 stage2_unique_prices=2298 best_score=0 best_price=2.943955,4.148185 elapsed_sec=7154.18
[GA] phase=individual_done generation=5/8 individual=4/12 evals=64 stage2_unique_prices=2348 best_score=0 best_price=2.943955,4.148185 elapsed_sec=7308.21
[GA] phase=individual_start generation=5/8 individual=5/12 evals=65 stage2_unique_prices=2348 best_score=0 best_price=2.943955,4.148185 elapsed_sec=7308.21
[GA] phase=stage2_start generation=5/8 individual=5/12 evals=65 stage2_unique_prices=2348 best_score=0 best_price=2.943955,4.148185 elapsed_sec=7308.21
[GA] phase=stage2_done generation=5/8 individual=5/12 evals=65 stage2_unique_prices=2349 best_score=0 best_price=2.943955,4.148185 elapsed_sec=7311.39
[GA] phase=objective_start generation=5/8 individual=5/12 evals=65 stage2_unique_prices=2349 best_score=0 best_price=2.943955,4.148185 elapsed_sec=7311.39
[GA] phase=individual_done generation=5/8 individual=5/12 evals=65 stage2_unique_prices=2374 best_score=0 best_price=2.943955,4.148185 elapsed_sec=7384.64
[GA] phase=individual_start generation=5/8 individual=6/12 evals=66 stage2_unique_prices=2374 best_score=0 best_price=2.943955,4.148185 elapsed_sec=7384.64
[GA] phase=stage2_start generation=5/8 individual=6/12 evals=66 stage2_unique_prices=2374 best_score=0 best_price=2.943955,4.148185 elapsed_sec=7384.64
[GA] phase=stage2_done generation=5/8 individual=6/12 evals=66 stage2_unique_prices=2375 best_score=0 best_price=2.943955,4.148185 elapsed_sec=7387.82
[GA] phase=objective_start generation=5/8 individual=6/12 evals=66 stage2_unique_prices=2375 best_score=0 best_price=2.943955,4.148185 elapsed_sec=7387.82
[GA] phase=individual_done generation=5/8 individual=6/12 evals=66 stage2_unique_prices=2425 best_score=0 best_price=2.943955,4.148185 elapsed_sec=7541.01
[GA] phase=individual_start generation=5/8 individual=7/12 evals=67 stage2_unique_prices=2425 best_score=0 best_price=2.943955,4.148185 elapsed_sec=7541.01
[GA] phase=stage2_start generation=5/8 individual=7/12 evals=67 stage2_unique_prices=2425 best_score=0 best_price=2.943955,4.148185 elapsed_sec=7541.01
[GA] phase=stage2_done generation=5/8 individual=7/12 evals=67 stage2_unique_prices=2426 best_score=0 best_price=2.943955,4.148185 elapsed_sec=7544.48
[GA] phase=objective_start generation=5/8 individual=7/12 evals=67 stage2_unique_prices=2426 best_score=0 best_price=2.943955,4.148185 elapsed_sec=7544.48
[GA] phase=individual_done generation=5/8 individual=7/12 evals=67 stage2_unique_prices=2476 best_score=0 best_price=2.943955,4.148185 elapsed_sec=7702.21
[GA] phase=individual_start generation=5/8 individual=8/12 evals=68 stage2_unique_prices=2476 best_score=0 best_price=2.943955,4.148185 elapsed_sec=7702.21
[GA] phase=stage2_start generation=5/8 individual=8/12 evals=68 stage2_unique_prices=2476 best_score=0 best_price=2.943955,4.148185 elapsed_sec=7702.21
[GA] phase=stage2_done generation=5/8 individual=8/12 evals=68 stage2_unique_prices=2477 best_score=0 best_price=2.943955,4.148185 elapsed_sec=7705.39
[GA] phase=objective_start generation=5/8 individual=8/12 evals=68 stage2_unique_prices=2477 best_score=0 best_price=2.943955,4.148185 elapsed_sec=7705.39
[GA] phase=individual_done generation=5/8 individual=8/12 evals=68 stage2_unique_prices=2527 best_score=0 best_price=2.943955,4.148185 elapsed_sec=7859.44
[GA] phase=individual_start generation=5/8 individual=9/12 evals=69 stage2_unique_prices=2527 best_score=0 best_price=2.943955,4.148185 elapsed_sec=7859.44
[GA] phase=stage2_start generation=5/8 individual=9/12 evals=69 stage2_unique_prices=2527 best_score=0 best_price=2.943955,4.148185 elapsed_sec=7859.44
[GA] phase=stage2_done generation=5/8 individual=9/12 evals=69 stage2_unique_prices=2528 best_score=0 best_price=2.943955,4.148185 elapsed_sec=7862.61
[GA] phase=objective_start generation=5/8 individual=9/12 evals=69 stage2_unique_prices=2528 best_score=0 best_price=2.943955,4.148185 elapsed_sec=7862.61
[GA] phase=individual_done generation=5/8 individual=9/12 evals=69 stage2_unique_prices=2578 best_score=0 best_price=2.943955,4.148185 elapsed_sec=8013.18
[GA] phase=individual_start generation=5/8 individual=10/12 evals=70 stage2_unique_prices=2578 best_score=0 best_price=2.943955,4.148185 elapsed_sec=8013.18
[GA] phase=stage2_start generation=5/8 individual=10/12 evals=70 stage2_unique_prices=2578 best_score=0 best_price=2.943955,4.148185 elapsed_sec=8013.19
[GA] phase=stage2_done generation=5/8 individual=10/12 evals=70 stage2_unique_prices=2579 best_score=0 best_price=2.943955,4.148185 elapsed_sec=8016.64
[GA] phase=objective_start generation=5/8 individual=10/12 evals=70 stage2_unique_prices=2579 best_score=0 best_price=2.943955,4.148185 elapsed_sec=8016.64
[GA] phase=individual_done generation=5/8 individual=10/12 evals=70 stage2_unique_prices=2629 best_score=0 best_price=2.943955,4.148185 elapsed_sec=8172.23
[GA] phase=individual_start generation=5/8 individual=11/12 evals=71 stage2_unique_prices=2629 best_score=0 best_price=2.943955,4.148185 elapsed_sec=8172.23
[GA] phase=stage2_cache_hit generation=5/8 individual=11/12 evals=71 stage2_unique_prices=2629 best_score=0 best_price=2.943955,4.148185 elapsed_sec=8172.23
[GA] phase=objective_start generation=5/8 individual=11/12 evals=71 stage2_unique_prices=2629 best_score=0 best_price=2.943955,4.148185 elapsed_sec=8172.23
[GA] phase=individual_done generation=5/8 individual=11/12 evals=71 stage2_unique_prices=2629 best_score=0 best_price=2.943955,4.148185 elapsed_sec=8172.23
[GA] phase=individual_start generation=5/8 individual=12/12 evals=72 stage2_unique_prices=2629 best_score=0 best_price=2.943955,4.148185 elapsed_sec=8172.23
[GA] phase=stage2_cache_hit generation=5/8 individual=12/12 evals=72 stage2_unique_prices=2629 best_score=0 best_price=2.943955,4.148185 elapsed_sec=8172.23
[GA] phase=objective_start generation=5/8 individual=12/12 evals=72 stage2_unique_prices=2629 best_score=0 best_price=2.943955,4.148185 elapsed_sec=8172.23
[GA] phase=individual_done generation=5/8 individual=12/12 evals=72 stage2_unique_prices=2629 best_score=0 best_price=2.943955,4.148185 elapsed_sec=8172.23
[GA] phase=population_done generation=5/8 evals=72 stage2_unique_prices=2629 best_score=0 best_price=2.943955,4.148185 elapsed_sec=8172.23
[GA] phase=population_start generation=6/8 evals=72 stage2_unique_prices=2629 best_score=0 best_price=2.943955,4.148185 elapsed_sec=8172.23
[GA] phase=individual_start generation=6/8 individual=1/12 evals=73 stage2_unique_prices=2629 best_score=0 best_price=2.943955,4.148185 elapsed_sec=8172.23
[GA] phase=stage2_cache_hit generation=6/8 individual=1/12 evals=73 stage2_unique_prices=2629 best_score=0 best_price=2.943955,4.148185 elapsed_sec=8172.23
[GA] phase=objective_start generation=6/8 individual=1/12 evals=73 stage2_unique_prices=2629 best_score=0 best_price=2.943955,4.148185 elapsed_sec=8172.23
[GA] phase=individual_done generation=6/8 individual=1/12 evals=73 stage2_unique_prices=2629 best_score=0 best_price=2.943955,4.148185 elapsed_sec=8172.23
[GA] phase=individual_start generation=6/8 individual=2/12 evals=74 stage2_unique_prices=2629 best_score=0 best_price=2.943955,4.148185 elapsed_sec=8172.23
[GA] phase=stage2_cache_hit generation=6/8 individual=2/12 evals=74 stage2_unique_prices=2629 best_score=0 best_price=2.943955,4.148185 elapsed_sec=8172.23
[GA] phase=objective_start generation=6/8 individual=2/12 evals=74 stage2_unique_prices=2629 best_score=0 best_price=2.943955,4.148185 elapsed_sec=8172.23
[GA] phase=individual_done generation=6/8 individual=2/12 evals=74 stage2_unique_prices=2629 best_score=0 best_price=2.943955,4.148185 elapsed_sec=8172.23
[GA] phase=individual_start generation=6/8 individual=3/12 evals=75 stage2_unique_prices=2629 best_score=0 best_price=2.943955,4.148185 elapsed_sec=8172.23
[GA] phase=stage2_cache_hit generation=6/8 individual=3/12 evals=75 stage2_unique_prices=2629 best_score=0 best_price=2.943955,4.148185 elapsed_sec=8172.23
[GA] phase=objective_start generation=6/8 individual=3/12 evals=75 stage2_unique_prices=2629 best_score=0 best_price=2.943955,4.148185 elapsed_sec=8172.23
[GA] phase=individual_done generation=6/8 individual=3/12 evals=75 stage2_unique_prices=2629 best_score=0 best_price=2.943955,4.148185 elapsed_sec=8172.23
[GA] phase=individual_start generation=6/8 individual=4/12 evals=76 stage2_unique_prices=2629 best_score=0 best_price=2.943955,4.148185 elapsed_sec=8172.23
[GA] phase=stage2_cache_hit generation=6/8 individual=4/12 evals=76 stage2_unique_prices=2629 best_score=0 best_price=2.943955,4.148185 elapsed_sec=8172.23
[GA] phase=objective_start generation=6/8 individual=4/12 evals=76 stage2_unique_prices=2629 best_score=0 best_price=2.943955,4.148185 elapsed_sec=8172.23
[GA] phase=individual_done generation=6/8 individual=4/12 evals=76 stage2_unique_prices=2629 best_score=0 best_price=2.943955,4.148185 elapsed_sec=8172.23
[GA] phase=individual_start generation=6/8 individual=5/12 evals=77 stage2_unique_prices=2629 best_score=0 best_price=2.943955,4.148185 elapsed_sec=8172.23
[GA] phase=stage2_cache_hit generation=6/8 individual=5/12 evals=77 stage2_unique_prices=2629 best_score=0 best_price=2.943955,4.148185 elapsed_sec=8172.23
[GA] phase=objective_start generation=6/8 individual=5/12 evals=77 stage2_unique_prices=2629 best_score=0 best_price=2.943955,4.148185 elapsed_sec=8172.23
[GA] phase=individual_done generation=6/8 individual=5/12 evals=77 stage2_unique_prices=2629 best_score=0 best_price=2.943955,4.148185 elapsed_sec=8172.23
[GA] phase=individual_start generation=6/8 individual=6/12 evals=78 stage2_unique_prices=2629 best_score=0 best_price=2.943955,4.148185 elapsed_sec=8172.23
[GA] phase=stage2_cache_hit generation=6/8 individual=6/12 evals=78 stage2_unique_prices=2629 best_score=0 best_price=2.943955,4.148185 elapsed_sec=8172.23
[GA] phase=objective_start generation=6/8 individual=6/12 evals=78 stage2_unique_prices=2629 best_score=0 best_price=2.943955,4.148185 elapsed_sec=8172.23
[GA] phase=individual_done generation=6/8 individual=6/12 evals=78 stage2_unique_prices=2629 best_score=0 best_price=2.943955,4.148185 elapsed_sec=8172.23
[GA] phase=individual_start generation=6/8 individual=7/12 evals=79 stage2_unique_prices=2629 best_score=0 best_price=2.943955,4.148185 elapsed_sec=8172.23
[GA] phase=stage2_start generation=6/8 individual=7/12 evals=79 stage2_unique_prices=2629 best_score=0 best_price=2.943955,4.148185 elapsed_sec=8172.23
[GA] phase=stage2_done generation=6/8 individual=7/12 evals=79 stage2_unique_prices=2630 best_score=0 best_price=2.943955,4.148185 elapsed_sec=8175.55
[GA] phase=objective_start generation=6/8 individual=7/12 evals=79 stage2_unique_prices=2630 best_score=0 best_price=2.943955,4.148185 elapsed_sec=8175.55
[GA] phase=individual_done generation=6/8 individual=7/12 evals=79 stage2_unique_prices=2680 best_score=0 best_price=2.943955,4.148185 elapsed_sec=8331.20
[GA] phase=individual_start generation=6/8 individual=8/12 evals=80 stage2_unique_prices=2680 best_score=0 best_price=2.943955,4.148185 elapsed_sec=8331.20
[GA] phase=stage2_start generation=6/8 individual=8/12 evals=80 stage2_unique_prices=2680 best_score=0 best_price=2.943955,4.148185 elapsed_sec=8331.20
[GA] phase=stage2_done generation=6/8 individual=8/12 evals=80 stage2_unique_prices=2681 best_score=0 best_price=2.943955,4.148185 elapsed_sec=8334.72
[GA] phase=objective_start generation=6/8 individual=8/12 evals=80 stage2_unique_prices=2681 best_score=0 best_price=2.943955,4.148185 elapsed_sec=8334.72
[GA] phase=individual_done generation=6/8 individual=8/12 evals=80 stage2_unique_prices=2731 best_score=0 best_price=2.943955,4.148185 elapsed_sec=8496.16
[GA] phase=individual_start generation=6/8 individual=9/12 evals=81 stage2_unique_prices=2731 best_score=0 best_price=2.943955,4.148185 elapsed_sec=8496.17
[GA] phase=stage2_cache_hit generation=6/8 individual=9/12 evals=81 stage2_unique_prices=2731 best_score=0 best_price=2.943955,4.148185 elapsed_sec=8496.17
[GA] phase=objective_start generation=6/8 individual=9/12 evals=81 stage2_unique_prices=2731 best_score=0 best_price=2.943955,4.148185 elapsed_sec=8496.17
[GA] phase=individual_done generation=6/8 individual=9/12 evals=81 stage2_unique_prices=2731 best_score=0 best_price=2.943955,4.148185 elapsed_sec=8496.17
[GA] phase=individual_start generation=6/8 individual=10/12 evals=82 stage2_unique_prices=2731 best_score=0 best_price=2.943955,4.148185 elapsed_sec=8496.17
[GA] phase=stage2_start generation=6/8 individual=10/12 evals=82 stage2_unique_prices=2731 best_score=0 best_price=2.943955,4.148185 elapsed_sec=8496.17
[GA] phase=stage2_done generation=6/8 individual=10/12 evals=82 stage2_unique_prices=2732 best_score=0 best_price=2.943955,4.148185 elapsed_sec=8499.00
[GA] phase=objective_start generation=6/8 individual=10/12 evals=82 stage2_unique_prices=2732 best_score=0 best_price=2.943955,4.148185 elapsed_sec=8499.00
[GA] phase=individual_done generation=6/8 individual=10/12 evals=82 stage2_unique_prices=2757 best_score=0 best_price=2.943955,4.148185 elapsed_sec=8563.45
[GA] phase=individual_start generation=6/8 individual=11/12 evals=83 stage2_unique_prices=2757 best_score=0 best_price=2.943955,4.148185 elapsed_sec=8563.45
[GA] phase=stage2_start generation=6/8 individual=11/12 evals=83 stage2_unique_prices=2757 best_score=0 best_price=2.943955,4.148185 elapsed_sec=8563.45
[GA] phase=stage2_done generation=6/8 individual=11/12 evals=83 stage2_unique_prices=2758 best_score=0 best_price=2.943955,4.148185 elapsed_sec=8566.92
[GA] phase=objective_start generation=6/8 individual=11/12 evals=83 stage2_unique_prices=2758 best_score=0 best_price=2.943955,4.148185 elapsed_sec=8566.92
[GA] phase=individual_done generation=6/8 individual=11/12 evals=83 stage2_unique_prices=2783 best_score=0 best_price=2.943955,4.148185 elapsed_sec=8645.76
[GA] phase=individual_start generation=6/8 individual=12/12 evals=84 stage2_unique_prices=2783 best_score=0 best_price=2.943955,4.148185 elapsed_sec=8645.76
[GA] phase=stage2_cache_hit generation=6/8 individual=12/12 evals=84 stage2_unique_prices=2783 best_score=0 best_price=2.943955,4.148185 elapsed_sec=8645.76
[GA] phase=objective_start generation=6/8 individual=12/12 evals=84 stage2_unique_prices=2783 best_score=0 best_price=2.943955,4.148185 elapsed_sec=8645.76
[GA] phase=individual_done generation=6/8 individual=12/12 evals=84 stage2_unique_prices=2783 best_score=0 best_price=2.943955,4.148185 elapsed_sec=8645.76
[GA] phase=population_done generation=6/8 evals=84 stage2_unique_prices=2783 best_score=0 best_price=2.943955,4.148185 elapsed_sec=8645.76
[GA] phase=population_start generation=7/8 evals=84 stage2_unique_prices=2783 best_score=0 best_price=2.943955,4.148185 elapsed_sec=8645.76
[GA] phase=individual_start generation=7/8 individual=1/12 evals=85 stage2_unique_prices=2783 best_score=0 best_price=2.943955,4.148185 elapsed_sec=8645.76
[GA] phase=stage2_cache_hit generation=7/8 individual=1/12 evals=85 stage2_unique_prices=2783 best_score=0 best_price=2.943955,4.148185 elapsed_sec=8645.76
[GA] phase=objective_start generation=7/8 individual=1/12 evals=85 stage2_unique_prices=2783 best_score=0 best_price=2.943955,4.148185 elapsed_sec=8645.76
[GA] phase=individual_done generation=7/8 individual=1/12 evals=85 stage2_unique_prices=2783 best_score=0 best_price=2.943955,4.148185 elapsed_sec=8645.76
[GA] phase=individual_start generation=7/8 individual=2/12 evals=86 stage2_unique_prices=2783 best_score=0 best_price=2.943955,4.148185 elapsed_sec=8645.76
[GA] phase=stage2_cache_hit generation=7/8 individual=2/12 evals=86 stage2_unique_prices=2783 best_score=0 best_price=2.943955,4.148185 elapsed_sec=8645.76
[GA] phase=objective_start generation=7/8 individual=2/12 evals=86 stage2_unique_prices=2783 best_score=0 best_price=2.943955,4.148185 elapsed_sec=8645.76
[GA] phase=individual_done generation=7/8 individual=2/12 evals=86 stage2_unique_prices=2783 best_score=0 best_price=2.943955,4.148185 elapsed_sec=8645.76
[GA] phase=individual_start generation=7/8 individual=3/12 evals=87 stage2_unique_prices=2783 best_score=0 best_price=2.943955,4.148185 elapsed_sec=8645.76
[GA] phase=stage2_cache_hit generation=7/8 individual=3/12 evals=87 stage2_unique_prices=2783 best_score=0 best_price=2.943955,4.148185 elapsed_sec=8645.76
[GA] phase=objective_start generation=7/8 individual=3/12 evals=87 stage2_unique_prices=2783 best_score=0 best_price=2.943955,4.148185 elapsed_sec=8645.76
[GA] phase=individual_done generation=7/8 individual=3/12 evals=87 stage2_unique_prices=2783 best_score=0 best_price=2.943955,4.148185 elapsed_sec=8645.76
[GA] phase=individual_start generation=7/8 individual=4/12 evals=88 stage2_unique_prices=2783 best_score=0 best_price=2.943955,4.148185 elapsed_sec=8645.76
[GA] phase=stage2_start generation=7/8 individual=4/12 evals=88 stage2_unique_prices=2783 best_score=0 best_price=2.943955,4.148185 elapsed_sec=8645.76
[GA] phase=stage2_done generation=7/8 individual=4/12 evals=88 stage2_unique_prices=2784 best_score=0 best_price=2.943955,4.148185 elapsed_sec=8649.10
[GA] phase=objective_start generation=7/8 individual=4/12 evals=88 stage2_unique_prices=2784 best_score=0 best_price=2.943955,4.148185 elapsed_sec=8649.10
[GA] phase=individual_done generation=7/8 individual=4/12 evals=88 stage2_unique_prices=2809 best_score=0 best_price=2.943955,4.148185 elapsed_sec=8724.93
[GA] phase=individual_start generation=7/8 individual=5/12 evals=89 stage2_unique_prices=2809 best_score=0 best_price=2.943955,4.148185 elapsed_sec=8724.93
[GA] phase=stage2_start generation=7/8 individual=5/12 evals=89 stage2_unique_prices=2809 best_score=0 best_price=2.943955,4.148185 elapsed_sec=8724.93
[GA] phase=stage2_done generation=7/8 individual=5/12 evals=89 stage2_unique_prices=2810 best_score=0 best_price=2.943955,4.148185 elapsed_sec=8728.38
[GA] phase=objective_start generation=7/8 individual=5/12 evals=89 stage2_unique_prices=2810 best_score=0 best_price=2.943955,4.148185 elapsed_sec=8728.38
[GA] phase=individual_done generation=7/8 individual=5/12 evals=89 stage2_unique_prices=2860 best_score=0 best_price=2.943955,4.148185 elapsed_sec=8883.56
[GA] phase=individual_start generation=7/8 individual=6/12 evals=90 stage2_unique_prices=2860 best_score=0 best_price=2.943955,4.148185 elapsed_sec=8883.56
[GA] phase=stage2_start generation=7/8 individual=6/12 evals=90 stage2_unique_prices=2860 best_score=0 best_price=2.943955,4.148185 elapsed_sec=8883.56
[GA] phase=stage2_done generation=7/8 individual=6/12 evals=90 stage2_unique_prices=2861 best_score=0 best_price=2.943955,4.148185 elapsed_sec=8887.02
[GA] phase=objective_start generation=7/8 individual=6/12 evals=90 stage2_unique_prices=2861 best_score=0 best_price=2.943955,4.148185 elapsed_sec=8887.02
[GA] phase=individual_done generation=7/8 individual=6/12 evals=90 stage2_unique_prices=2911 best_score=0 best_price=2.943955,4.148185 elapsed_sec=9044.07
[GA] phase=individual_start generation=7/8 individual=7/12 evals=91 stage2_unique_prices=2911 best_score=0 best_price=2.943955,4.148185 elapsed_sec=9044.07
[GA] phase=stage2_cache_hit generation=7/8 individual=7/12 evals=91 stage2_unique_prices=2911 best_score=0 best_price=2.943955,4.148185 elapsed_sec=9044.07
[GA] phase=objective_start generation=7/8 individual=7/12 evals=91 stage2_unique_prices=2911 best_score=0 best_price=2.943955,4.148185 elapsed_sec=9044.07
[GA] phase=individual_done generation=7/8 individual=7/12 evals=91 stage2_unique_prices=2911 best_score=0 best_price=2.943955,4.148185 elapsed_sec=9044.07
[GA] phase=individual_start generation=7/8 individual=8/12 evals=92 stage2_unique_prices=2911 best_score=0 best_price=2.943955,4.148185 elapsed_sec=9044.07
[GA] phase=stage2_start generation=7/8 individual=8/12 evals=92 stage2_unique_prices=2911 best_score=0 best_price=2.943955,4.148185 elapsed_sec=9044.07
[GA] phase=stage2_done generation=7/8 individual=8/12 evals=92 stage2_unique_prices=2912 best_score=0 best_price=2.943955,4.148185 elapsed_sec=9047.23
[GA] phase=objective_start generation=7/8 individual=8/12 evals=92 stage2_unique_prices=2912 best_score=0 best_price=2.943955,4.148185 elapsed_sec=9047.23
[GA] phase=individual_done generation=7/8 individual=8/12 evals=92 stage2_unique_prices=2937 best_score=0 best_price=2.943955,4.148185 elapsed_sec=9121.23
[GA] phase=individual_start generation=7/8 individual=9/12 evals=93 stage2_unique_prices=2937 best_score=0 best_price=2.943955,4.148185 elapsed_sec=9121.23
[GA] phase=stage2_start generation=7/8 individual=9/12 evals=93 stage2_unique_prices=2937 best_score=0 best_price=2.943955,4.148185 elapsed_sec=9121.23
[GA] phase=stage2_done generation=7/8 individual=9/12 evals=93 stage2_unique_prices=2938 best_score=0 best_price=2.943955,4.148185 elapsed_sec=9124.69
[GA] phase=objective_start generation=7/8 individual=9/12 evals=93 stage2_unique_prices=2938 best_score=0 best_price=2.943955,4.148185 elapsed_sec=9124.69
[GA] phase=individual_done generation=7/8 individual=9/12 evals=93 stage2_unique_prices=2988 best_score=0 best_price=2.943955,4.148185 elapsed_sec=9280.52
[GA] phase=individual_start generation=7/8 individual=10/12 evals=94 stage2_unique_prices=2988 best_score=0 best_price=2.943955,4.148185 elapsed_sec=9280.52
[GA] phase=stage2_start generation=7/8 individual=10/12 evals=94 stage2_unique_prices=2988 best_score=0 best_price=2.943955,4.148185 elapsed_sec=9280.52
[GA] phase=stage2_done generation=7/8 individual=10/12 evals=94 stage2_unique_prices=2989 best_score=0 best_price=2.943955,4.148185 elapsed_sec=9284.01
[GA] phase=objective_start generation=7/8 individual=10/12 evals=94 stage2_unique_prices=2989 best_score=0 best_price=2.943955,4.148185 elapsed_sec=9284.01
[GA] phase=individual_done generation=7/8 individual=10/12 evals=94 stage2_unique_prices=3039 best_score=0 best_price=2.943955,4.148185 elapsed_sec=9438.90
[GA] phase=individual_start generation=7/8 individual=11/12 evals=95 stage2_unique_prices=3039 best_score=0 best_price=2.943955,4.148185 elapsed_sec=9438.90
[GA] phase=stage2_start generation=7/8 individual=11/12 evals=95 stage2_unique_prices=3039 best_score=0 best_price=2.943955,4.148185 elapsed_sec=9438.90
[GA] phase=stage2_done generation=7/8 individual=11/12 evals=95 stage2_unique_prices=3040 best_score=0 best_price=2.943955,4.148185 elapsed_sec=9442.06
[GA] phase=objective_start generation=7/8 individual=11/12 evals=95 stage2_unique_prices=3040 best_score=0 best_price=2.943955,4.148185 elapsed_sec=9442.06
[GA] phase=individual_done generation=7/8 individual=11/12 evals=95 stage2_unique_prices=3065 best_score=0 best_price=2.943955,4.148185 elapsed_sec=9520.03
[GA] phase=individual_start generation=7/8 individual=12/12 evals=96 stage2_unique_prices=3065 best_score=0 best_price=2.943955,4.148185 elapsed_sec=9520.03
[GA] phase=stage2_start generation=7/8 individual=12/12 evals=96 stage2_unique_prices=3065 best_score=0 best_price=2.943955,4.148185 elapsed_sec=9520.03
[GA] phase=stage2_done generation=7/8 individual=12/12 evals=96 stage2_unique_prices=3066 best_score=0 best_price=2.943955,4.148185 elapsed_sec=9523.17
[GA] phase=objective_start generation=7/8 individual=12/12 evals=96 stage2_unique_prices=3066 best_score=0 best_price=2.943955,4.148185 elapsed_sec=9523.17
[GA] phase=individual_done generation=7/8 individual=12/12 evals=96 stage2_unique_prices=3091 best_score=0 best_price=2.943955,4.148185 elapsed_sec=9598.32
[GA] phase=population_done generation=7/8 evals=96 stage2_unique_prices=3091 best_score=0 best_price=2.943955,4.148185 elapsed_sec=9598.32
[GA] phase=population_start generation=8/8 evals=96 stage2_unique_prices=3091 best_score=0 best_price=2.943955,4.148185 elapsed_sec=9598.32
[GA] phase=individual_start generation=8/8 individual=1/12 evals=97 stage2_unique_prices=3091 best_score=0 best_price=2.943955,4.148185 elapsed_sec=9598.32
[GA] phase=stage2_cache_hit generation=8/8 individual=1/12 evals=97 stage2_unique_prices=3091 best_score=0 best_price=2.943955,4.148185 elapsed_sec=9598.32
[GA] phase=objective_start generation=8/8 individual=1/12 evals=97 stage2_unique_prices=3091 best_score=0 best_price=2.943955,4.148185 elapsed_sec=9598.32
[GA] phase=individual_done generation=8/8 individual=1/12 evals=97 stage2_unique_prices=3091 best_score=0 best_price=2.943955,4.148185 elapsed_sec=9598.33
[GA] phase=individual_start generation=8/8 individual=2/12 evals=98 stage2_unique_prices=3091 best_score=0 best_price=2.943955,4.148185 elapsed_sec=9598.33
[GA] phase=stage2_cache_hit generation=8/8 individual=2/12 evals=98 stage2_unique_prices=3091 best_score=0 best_price=2.943955,4.148185 elapsed_sec=9598.33
[GA] phase=objective_start generation=8/8 individual=2/12 evals=98 stage2_unique_prices=3091 best_score=0 best_price=2.943955,4.148185 elapsed_sec=9598.33
[GA] phase=individual_done generation=8/8 individual=2/12 evals=98 stage2_unique_prices=3091 best_score=0 best_price=2.943955,4.148185 elapsed_sec=9598.33
[GA] phase=individual_start generation=8/8 individual=3/12 evals=99 stage2_unique_prices=3091 best_score=0 best_price=2.943955,4.148185 elapsed_sec=9598.33
[GA] phase=stage2_cache_hit generation=8/8 individual=3/12 evals=99 stage2_unique_prices=3091 best_score=0 best_price=2.943955,4.148185 elapsed_sec=9598.33
[GA] phase=objective_start generation=8/8 individual=3/12 evals=99 stage2_unique_prices=3091 best_score=0 best_price=2.943955,4.148185 elapsed_sec=9598.33
[GA] phase=individual_done generation=8/8 individual=3/12 evals=99 stage2_unique_prices=3091 best_score=0 best_price=2.943955,4.148185 elapsed_sec=9598.33
[GA] phase=individual_start generation=8/8 individual=4/12 evals=100 stage2_unique_prices=3091 best_score=0 best_price=2.943955,4.148185 elapsed_sec=9598.33
[GA] phase=stage2_cache_hit generation=8/8 individual=4/12 evals=100 stage2_unique_prices=3091 best_score=0 best_price=2.943955,4.148185 elapsed_sec=9598.33
[GA] phase=objective_start generation=8/8 individual=4/12 evals=100 stage2_unique_prices=3091 best_score=0 best_price=2.943955,4.148185 elapsed_sec=9598.33
[GA] phase=individual_done generation=8/8 individual=4/12 evals=100 stage2_unique_prices=3091 best_score=0 best_price=2.943955,4.148185 elapsed_sec=9598.33
[GA] phase=individual_start generation=8/8 individual=5/12 evals=101 stage2_unique_prices=3091 best_score=0 best_price=2.943955,4.148185 elapsed_sec=9598.33
[GA] phase=stage2_cache_hit generation=8/8 individual=5/12 evals=101 stage2_unique_prices=3091 best_score=0 best_price=2.943955,4.148185 elapsed_sec=9598.33
[GA] phase=objective_start generation=8/8 individual=5/12 evals=101 stage2_unique_prices=3091 best_score=0 best_price=2.943955,4.148185 elapsed_sec=9598.33
[GA] phase=individual_done generation=8/8 individual=5/12 evals=101 stage2_unique_prices=3091 best_score=0 best_price=2.943955,4.148185 elapsed_sec=9598.33
[GA] phase=individual_start generation=8/8 individual=6/12 evals=102 stage2_unique_prices=3091 best_score=0 best_price=2.943955,4.148185 elapsed_sec=9598.33
[GA] phase=stage2_cache_hit generation=8/8 individual=6/12 evals=102 stage2_unique_prices=3091 best_score=0 best_price=2.943955,4.148185 elapsed_sec=9598.33
[GA] phase=objective_start generation=8/8 individual=6/12 evals=102 stage2_unique_prices=3091 best_score=0 best_price=2.943955,4.148185 elapsed_sec=9598.33
[GA] phase=individual_done generation=8/8 individual=6/12 evals=102 stage2_unique_prices=3091 best_score=0 best_price=2.943955,4.148185 elapsed_sec=9598.33
[GA] phase=individual_start generation=8/8 individual=7/12 evals=103 stage2_unique_prices=3091 best_score=0 best_price=2.943955,4.148185 elapsed_sec=9598.33
[GA] phase=stage2_start generation=8/8 individual=7/12 evals=103 stage2_unique_prices=3091 best_score=0 best_price=2.943955,4.148185 elapsed_sec=9598.33
[GA] phase=stage2_done generation=8/8 individual=7/12 evals=103 stage2_unique_prices=3092 best_score=0 best_price=2.943955,4.148185 elapsed_sec=9601.81
[GA] phase=objective_start generation=8/8 individual=7/12 evals=103 stage2_unique_prices=3092 best_score=0 best_price=2.943955,4.148185 elapsed_sec=9601.81
[GA] phase=individual_done generation=8/8 individual=7/12 evals=103 stage2_unique_prices=3142 best_score=0 best_price=2.943955,4.148185 elapsed_sec=9757.91
[GA] phase=individual_start generation=8/8 individual=8/12 evals=104 stage2_unique_prices=3142 best_score=0 best_price=2.943955,4.148185 elapsed_sec=9757.91
[GA] phase=stage2_start generation=8/8 individual=8/12 evals=104 stage2_unique_prices=3142 best_score=0 best_price=2.943955,4.148185 elapsed_sec=9757.91
[GA] phase=stage2_done generation=8/8 individual=8/12 evals=104 stage2_unique_prices=3143 best_score=0 best_price=2.943955,4.148185 elapsed_sec=9761.37
[GA] phase=objective_start generation=8/8 individual=8/12 evals=104 stage2_unique_prices=3143 best_score=0 best_price=2.943955,4.148185 elapsed_sec=9761.37
[GA] phase=individual_done generation=8/8 individual=8/12 evals=104 stage2_unique_prices=3193 best_score=0 best_price=2.943955,4.148185 elapsed_sec=9916.50
[GA] phase=individual_start generation=8/8 individual=9/12 evals=105 stage2_unique_prices=3193 best_score=0 best_price=2.943955,4.148185 elapsed_sec=9916.50
[GA] phase=stage2_start generation=8/8 individual=9/12 evals=105 stage2_unique_prices=3193 best_score=0 best_price=2.943955,4.148185 elapsed_sec=9916.50
[GA] phase=stage2_done generation=8/8 individual=9/12 evals=105 stage2_unique_prices=3194 best_score=0 best_price=2.943955,4.148185 elapsed_sec=9919.64
[GA] phase=objective_start generation=8/8 individual=9/12 evals=105 stage2_unique_prices=3194 best_score=0 best_price=2.943955,4.148185 elapsed_sec=9919.64
[GA] phase=individual_done generation=8/8 individual=9/12 evals=105 stage2_unique_prices=3244 best_score=0 best_price=2.943955,4.148185 elapsed_sec=10072.54
[GA] phase=individual_start generation=8/8 individual=10/12 evals=106 stage2_unique_prices=3244 best_score=0 best_price=2.943955,4.148185 elapsed_sec=10072.54
[GA] phase=stage2_start generation=8/8 individual=10/12 evals=106 stage2_unique_prices=3244 best_score=0 best_price=2.943955,4.148185 elapsed_sec=10072.54
[GA] phase=stage2_done generation=8/8 individual=10/12 evals=106 stage2_unique_prices=3245 best_score=0 best_price=2.943955,4.148185 elapsed_sec=10076.02
[GA] phase=objective_start generation=8/8 individual=10/12 evals=106 stage2_unique_prices=3245 best_score=0 best_price=2.943955,4.148185 elapsed_sec=10076.02
[GA] phase=individual_done generation=8/8 individual=10/12 evals=106 stage2_unique_prices=3295 best_score=0 best_price=2.943955,4.148185 elapsed_sec=10231.55
[GA] phase=individual_start generation=8/8 individual=11/12 evals=107 stage2_unique_prices=3295 best_score=0 best_price=2.943955,4.148185 elapsed_sec=10231.55
[GA] phase=stage2_cache_hit generation=8/8 individual=11/12 evals=107 stage2_unique_prices=3295 best_score=0 best_price=2.943955,4.148185 elapsed_sec=10231.55
[GA] phase=objective_start generation=8/8 individual=11/12 evals=107 stage2_unique_prices=3295 best_score=0 best_price=2.943955,4.148185 elapsed_sec=10231.55
[GA] phase=individual_done generation=8/8 individual=11/12 evals=107 stage2_unique_prices=3295 best_score=0 best_price=2.943955,4.148185 elapsed_sec=10231.55
[GA] phase=individual_start generation=8/8 individual=12/12 evals=108 stage2_unique_prices=3295 best_score=0 best_price=2.943955,4.148185 elapsed_sec=10231.55
[GA] phase=stage2_cache_hit generation=8/8 individual=12/12 evals=108 stage2_unique_prices=3295 best_score=0 best_price=2.943955,4.148185 elapsed_sec=10231.55
[GA] phase=objective_start generation=8/8 individual=12/12 evals=108 stage2_unique_prices=3295 best_score=0 best_price=2.943955,4.148185 elapsed_sec=10231.55
[GA] phase=individual_done generation=8/8 individual=12/12 evals=108 stage2_unique_prices=3295 best_score=0 best_price=2.943955,4.148185 elapsed_sec=10231.55
[GA] phase=population_done generation=8/8 evals=108 stage2_unique_prices=3295 best_score=0 best_price=2.943955,4.148185 elapsed_sec=10231.55
[165/200] phase=done n_users=200 trial=9/10 method=GA
[166/200] phase=start n_users=200 trial=9/10 method=BO-online
[166/200] phase=done n_users=200 trial=9/10 method=BO-online
[167/200] phase=start n_users=200 trial=9/10 method=MARL
[167/200] phase=done n_users=200 trial=9/10 method=MARL
[168/200] phase=start n_users=200 trial=10/10 method=GA
[GA] phase=population_start generation=initial/8 evals=0 stage2_unique_prices=0 elapsed_sec=0.00
[GA] phase=individual_start generation=initial/8 individual=1/12 evals=1 stage2_unique_prices=0 elapsed_sec=0.00
[GA] phase=stage2_start generation=initial/8 individual=1/12 evals=1 stage2_unique_prices=0 elapsed_sec=0.00
[GA] phase=stage2_done generation=initial/8 individual=1/12 evals=1 stage2_unique_prices=1 elapsed_sec=4.10
[GA] phase=objective_start generation=initial/8 individual=1/12 evals=1 stage2_unique_prices=1 elapsed_sec=4.10
[GA] phase=individual_done generation=initial/8 individual=1/12 evals=1 stage2_unique_prices=51 best_score=217.639057121 best_price=0.5,0.5 elapsed_sec=189.41
[GA] phase=individual_start generation=initial/8 individual=2/12 evals=2 stage2_unique_prices=51 best_score=217.639057121 best_price=0.5,0.5 elapsed_sec=189.41
[GA] phase=stage2_start generation=initial/8 individual=2/12 evals=2 stage2_unique_prices=51 best_score=217.639057121 best_price=0.5,0.5 elapsed_sec=189.41
[GA] phase=stage2_done generation=initial/8 individual=2/12 evals=2 stage2_unique_prices=52 best_score=217.639057121 best_price=0.5,0.5 elapsed_sec=193.43
[GA] phase=objective_start generation=initial/8 individual=2/12 evals=2 stage2_unique_prices=52 best_score=217.639057121 best_price=0.5,0.5 elapsed_sec=193.43
[GA] phase=individual_done generation=initial/8 individual=2/12 evals=2 stage2_unique_prices=102 best_score=147.127472286 best_price=0.121696,5.031579 elapsed_sec=364.41
[GA] phase=individual_start generation=initial/8 individual=3/12 evals=3 stage2_unique_prices=102 best_score=147.127472286 best_price=0.121696,5.031579 elapsed_sec=364.41
[GA] phase=stage2_start generation=initial/8 individual=3/12 evals=3 stage2_unique_prices=102 best_score=147.127472286 best_price=0.121696,5.031579 elapsed_sec=364.41
[GA] phase=stage2_done generation=initial/8 individual=3/12 evals=3 stage2_unique_prices=103 best_score=147.127472286 best_price=0.121696,5.031579 elapsed_sec=367.40
[GA] phase=objective_start generation=initial/8 individual=3/12 evals=3 stage2_unique_prices=103 best_score=147.127472286 best_price=0.121696,5.031579 elapsed_sec=367.40
[GA] phase=individual_done generation=initial/8 individual=3/12 evals=3 stage2_unique_prices=153 best_score=42.5586111276 best_price=4.144049,2.473006 elapsed_sec=518.92
[GA] phase=individual_start generation=initial/8 individual=4/12 evals=4 stage2_unique_prices=153 best_score=42.5586111276 best_price=4.144049,2.473006 elapsed_sec=518.92
[GA] phase=stage2_start generation=initial/8 individual=4/12 evals=4 stage2_unique_prices=153 best_score=42.5586111276 best_price=4.144049,2.473006 elapsed_sec=518.92
[GA] phase=stage2_done generation=initial/8 individual=4/12 evals=4 stage2_unique_prices=154 best_score=42.5586111276 best_price=4.144049,2.473006 elapsed_sec=521.07
[GA] phase=objective_start generation=initial/8 individual=4/12 evals=4 stage2_unique_prices=154 best_score=42.5586111276 best_price=4.144049,2.473006 elapsed_sec=521.07
[GA] phase=individual_done generation=initial/8 individual=4/12 evals=4 stage2_unique_prices=204 best_score=40.4565781855 best_price=3.643208,5.481398 elapsed_sec=659.81
[GA] phase=individual_start generation=initial/8 individual=5/12 evals=5 stage2_unique_prices=204 best_score=40.4565781855 best_price=3.643208,5.481398 elapsed_sec=659.81
[GA] phase=stage2_start generation=initial/8 individual=5/12 evals=5 stage2_unique_prices=204 best_score=40.4565781855 best_price=3.643208,5.481398 elapsed_sec=659.81
[GA] phase=stage2_done generation=initial/8 individual=5/12 evals=5 stage2_unique_prices=205 best_score=40.4565781855 best_price=3.643208,5.481398 elapsed_sec=663.86
[GA] phase=objective_start generation=initial/8 individual=5/12 evals=5 stage2_unique_prices=205 best_score=40.4565781855 best_price=3.643208,5.481398 elapsed_sec=663.86
[GA] phase=individual_done generation=initial/8 individual=5/12 evals=5 stage2_unique_prices=255 best_score=40.4565781855 best_price=3.643208,5.481398 elapsed_sec=849.49
[GA] phase=individual_start generation=initial/8 individual=6/12 evals=6 stage2_unique_prices=255 best_score=40.4565781855 best_price=3.643208,5.481398 elapsed_sec=849.49
[GA] phase=stage2_start generation=initial/8 individual=6/12 evals=6 stage2_unique_prices=255 best_score=40.4565781855 best_price=3.643208,5.481398 elapsed_sec=849.49
[GA] phase=stage2_done generation=initial/8 individual=6/12 evals=6 stage2_unique_prices=256 best_score=40.4565781855 best_price=3.643208,5.481398 elapsed_sec=853.53
[GA] phase=objective_start generation=initial/8 individual=6/12 evals=6 stage2_unique_prices=256 best_score=40.4565781855 best_price=3.643208,5.481398 elapsed_sec=853.53
[GA] phase=individual_done generation=initial/8 individual=6/12 evals=6 stage2_unique_prices=306 best_score=40.4565781855 best_price=3.643208,5.481398 elapsed_sec=1037.26
[GA] phase=individual_start generation=initial/8 individual=7/12 evals=7 stage2_unique_prices=306 best_score=40.4565781855 best_price=3.643208,5.481398 elapsed_sec=1037.26
[GA] phase=stage2_start generation=initial/8 individual=7/12 evals=7 stage2_unique_prices=306 best_score=40.4565781855 best_price=3.643208,5.481398 elapsed_sec=1037.26
[GA] phase=stage2_done generation=initial/8 individual=7/12 evals=7 stage2_unique_prices=307 best_score=40.4565781855 best_price=3.643208,5.481398 elapsed_sec=1040.25
[GA] phase=objective_start generation=initial/8 individual=7/12 evals=7 stage2_unique_prices=307 best_score=40.4565781855 best_price=3.643208,5.481398 elapsed_sec=1040.25
[GA] phase=individual_done generation=initial/8 individual=7/12 evals=7 stage2_unique_prices=357 best_score=40.4565781855 best_price=3.643208,5.481398 elapsed_sec=1192.51
[GA] phase=individual_start generation=initial/8 individual=8/12 evals=8 stage2_unique_prices=357 best_score=40.4565781855 best_price=3.643208,5.481398 elapsed_sec=1192.51
[GA] phase=stage2_start generation=initial/8 individual=8/12 evals=8 stage2_unique_prices=357 best_score=40.4565781855 best_price=3.643208,5.481398 elapsed_sec=1192.51
[GA] phase=stage2_done generation=initial/8 individual=8/12 evals=8 stage2_unique_prices=358 best_score=40.4565781855 best_price=3.643208,5.481398 elapsed_sec=1195.02
[GA] phase=objective_start generation=initial/8 individual=8/12 evals=8 stage2_unique_prices=358 best_score=40.4565781855 best_price=3.643208,5.481398 elapsed_sec=1195.02
[GA] phase=individual_done generation=initial/8 individual=8/12 evals=8 stage2_unique_prices=408 best_score=27.6632565637 best_price=3.647875,4.940528 elapsed_sec=1339.85
[GA] phase=individual_start generation=initial/8 individual=9/12 evals=9 stage2_unique_prices=408 best_score=27.6632565637 best_price=3.647875,4.940528 elapsed_sec=1339.85
[GA] phase=stage2_start generation=initial/8 individual=9/12 evals=9 stage2_unique_prices=408 best_score=27.6632565637 best_price=3.647875,4.940528 elapsed_sec=1339.85
[GA] phase=stage2_done generation=initial/8 individual=9/12 evals=9 stage2_unique_prices=409 best_score=27.6632565637 best_price=3.647875,4.940528 elapsed_sec=1343.32
[GA] phase=objective_start generation=initial/8 individual=9/12 evals=9 stage2_unique_prices=409 best_score=27.6632565637 best_price=3.647875,4.940528 elapsed_sec=1343.32
[GA] phase=individual_done generation=initial/8 individual=9/12 evals=9 stage2_unique_prices=459 best_score=0 best_price=2.482911,5.300653 elapsed_sec=1497.07
[GA] phase=individual_start generation=initial/8 individual=10/12 evals=10 stage2_unique_prices=459 best_score=0 best_price=2.482911,5.300653 elapsed_sec=1497.07
[GA] phase=stage2_start generation=initial/8 individual=10/12 evals=10 stage2_unique_prices=459 best_score=0 best_price=2.482911,5.300653 elapsed_sec=1497.07
[GA] phase=stage2_done generation=initial/8 individual=10/12 evals=10 stage2_unique_prices=460 best_score=0 best_price=2.482911,5.300653 elapsed_sec=1499.44
[GA] phase=objective_start generation=initial/8 individual=10/12 evals=10 stage2_unique_prices=460 best_score=0 best_price=2.482911,5.300653 elapsed_sec=1499.44
[GA] phase=individual_done generation=initial/8 individual=10/12 evals=10 stage2_unique_prices=510 best_score=0 best_price=2.482911,5.300653 elapsed_sec=1637.73
[GA] phase=individual_start generation=initial/8 individual=11/12 evals=11 stage2_unique_prices=510 best_score=0 best_price=2.482911,5.300653 elapsed_sec=1637.73
[GA] phase=stage2_start generation=initial/8 individual=11/12 evals=11 stage2_unique_prices=510 best_score=0 best_price=2.482911,5.300653 elapsed_sec=1637.73
[GA] phase=stage2_done generation=initial/8 individual=11/12 evals=11 stage2_unique_prices=511 best_score=0 best_price=2.482911,5.300653 elapsed_sec=1641.82
[GA] phase=objective_start generation=initial/8 individual=11/12 evals=11 stage2_unique_prices=511 best_score=0 best_price=2.482911,5.300653 elapsed_sec=1641.82
[GA] phase=individual_done generation=initial/8 individual=11/12 evals=11 stage2_unique_prices=561 best_score=0 best_price=2.482911,5.300653 elapsed_sec=1828.72
[GA] phase=individual_start generation=initial/8 individual=12/12 evals=12 stage2_unique_prices=561 best_score=0 best_price=2.482911,5.300653 elapsed_sec=1828.72
[GA] phase=stage2_start generation=initial/8 individual=12/12 evals=12 stage2_unique_prices=561 best_score=0 best_price=2.482911,5.300653 elapsed_sec=1828.72
[GA] phase=stage2_done generation=initial/8 individual=12/12 evals=12 stage2_unique_prices=562 best_score=0 best_price=2.482911,5.300653 elapsed_sec=1832.37
[GA] phase=objective_start generation=initial/8 individual=12/12 evals=12 stage2_unique_prices=562 best_score=0 best_price=2.482911,5.300653 elapsed_sec=1832.37
[GA] phase=individual_done generation=initial/8 individual=12/12 evals=12 stage2_unique_prices=612 best_score=0 best_price=2.482911,5.300653 elapsed_sec=1998.28
[GA] phase=population_done generation=initial/8 evals=12 stage2_unique_prices=612 best_score=0 best_price=2.482911,5.300653 elapsed_sec=1998.28
[GA] phase=population_start generation=1/8 evals=12 stage2_unique_prices=612 best_score=0 best_price=2.482911,5.300653 elapsed_sec=1998.28
[GA] phase=individual_start generation=1/8 individual=1/12 evals=13 stage2_unique_prices=612 best_score=0 best_price=2.482911,5.300653 elapsed_sec=1998.28
[GA] phase=stage2_cache_hit generation=1/8 individual=1/12 evals=13 stage2_unique_prices=612 best_score=0 best_price=2.482911,5.300653 elapsed_sec=1998.28
[GA] phase=objective_start generation=1/8 individual=1/12 evals=13 stage2_unique_prices=612 best_score=0 best_price=2.482911,5.300653 elapsed_sec=1998.28
[GA] phase=individual_done generation=1/8 individual=1/12 evals=13 stage2_unique_prices=612 best_score=0 best_price=2.482911,5.300653 elapsed_sec=1998.28
[GA] phase=individual_start generation=1/8 individual=2/12 evals=14 stage2_unique_prices=612 best_score=0 best_price=2.482911,5.300653 elapsed_sec=1998.28
[GA] phase=stage2_cache_hit generation=1/8 individual=2/12 evals=14 stage2_unique_prices=612 best_score=0 best_price=2.482911,5.300653 elapsed_sec=1998.28
[GA] phase=objective_start generation=1/8 individual=2/12 evals=14 stage2_unique_prices=612 best_score=0 best_price=2.482911,5.300653 elapsed_sec=1998.28
[GA] phase=individual_done generation=1/8 individual=2/12 evals=14 stage2_unique_prices=612 best_score=0 best_price=2.482911,5.300653 elapsed_sec=1998.28
[GA] phase=individual_start generation=1/8 individual=3/12 evals=15 stage2_unique_prices=612 best_score=0 best_price=2.482911,5.300653 elapsed_sec=1998.28
[GA] phase=stage2_start generation=1/8 individual=3/12 evals=15 stage2_unique_prices=612 best_score=0 best_price=2.482911,5.300653 elapsed_sec=1998.28
[GA] phase=stage2_done generation=1/8 individual=3/12 evals=15 stage2_unique_prices=613 best_score=0 best_price=2.482911,5.300653 elapsed_sec=2000.94
[GA] phase=objective_start generation=1/8 individual=3/12 evals=15 stage2_unique_prices=613 best_score=0 best_price=2.482911,5.300653 elapsed_sec=2000.94
[GA] phase=individual_done generation=1/8 individual=3/12 evals=15 stage2_unique_prices=663 best_score=0 best_price=2.482911,5.300653 elapsed_sec=2149.12
[GA] phase=individual_start generation=1/8 individual=4/12 evals=16 stage2_unique_prices=663 best_score=0 best_price=2.482911,5.300653 elapsed_sec=2149.12
[GA] phase=stage2_start generation=1/8 individual=4/12 evals=16 stage2_unique_prices=663 best_score=0 best_price=2.482911,5.300653 elapsed_sec=2149.12
[GA] phase=stage2_done generation=1/8 individual=4/12 evals=16 stage2_unique_prices=664 best_score=0 best_price=2.482911,5.300653 elapsed_sec=2152.65
[GA] phase=objective_start generation=1/8 individual=4/12 evals=16 stage2_unique_prices=664 best_score=0 best_price=2.482911,5.300653 elapsed_sec=2152.65
[GA] phase=individual_done generation=1/8 individual=4/12 evals=16 stage2_unique_prices=714 best_score=0 best_price=2.482911,5.300653 elapsed_sec=2313.03
[GA] phase=individual_start generation=1/8 individual=5/12 evals=17 stage2_unique_prices=714 best_score=0 best_price=2.482911,5.300653 elapsed_sec=2313.03
[GA] phase=stage2_start generation=1/8 individual=5/12 evals=17 stage2_unique_prices=714 best_score=0 best_price=2.482911,5.300653 elapsed_sec=2313.03
[GA] phase=stage2_done generation=1/8 individual=5/12 evals=17 stage2_unique_prices=715 best_score=0 best_price=2.482911,5.300653 elapsed_sec=2316.19
[GA] phase=objective_start generation=1/8 individual=5/12 evals=17 stage2_unique_prices=715 best_score=0 best_price=2.482911,5.300653 elapsed_sec=2316.19
[GA] phase=individual_done generation=1/8 individual=5/12 evals=17 stage2_unique_prices=765 best_score=0 best_price=2.482911,5.300653 elapsed_sec=2473.12
[GA] phase=individual_start generation=1/8 individual=6/12 evals=18 stage2_unique_prices=765 best_score=0 best_price=2.482911,5.300653 elapsed_sec=2473.12
[GA] phase=stage2_start generation=1/8 individual=6/12 evals=18 stage2_unique_prices=765 best_score=0 best_price=2.482911,5.300653 elapsed_sec=2473.12
[GA] phase=stage2_done generation=1/8 individual=6/12 evals=18 stage2_unique_prices=766 best_score=0 best_price=2.482911,5.300653 elapsed_sec=2476.61
[GA] phase=objective_start generation=1/8 individual=6/12 evals=18 stage2_unique_prices=766 best_score=0 best_price=2.482911,5.300653 elapsed_sec=2476.61
[GA] phase=individual_done generation=1/8 individual=6/12 evals=18 stage2_unique_prices=816 best_score=0 best_price=2.482911,5.300653 elapsed_sec=2640.87
[GA] phase=individual_start generation=1/8 individual=7/12 evals=19 stage2_unique_prices=816 best_score=0 best_price=2.482911,5.300653 elapsed_sec=2640.87
[GA] phase=stage2_start generation=1/8 individual=7/12 evals=19 stage2_unique_prices=816 best_score=0 best_price=2.482911,5.300653 elapsed_sec=2640.87
[GA] phase=stage2_done generation=1/8 individual=7/12 evals=19 stage2_unique_prices=817 best_score=0 best_price=2.482911,5.300653 elapsed_sec=2644.13
[GA] phase=objective_start generation=1/8 individual=7/12 evals=19 stage2_unique_prices=817 best_score=0 best_price=2.482911,5.300653 elapsed_sec=2644.13
[GA] phase=individual_done generation=1/8 individual=7/12 evals=19 stage2_unique_prices=867 best_score=0 best_price=2.482911,5.300653 elapsed_sec=2808.46
[GA] phase=individual_start generation=1/8 individual=8/12 evals=20 stage2_unique_prices=867 best_score=0 best_price=2.482911,5.300653 elapsed_sec=2808.46
[GA] phase=stage2_start generation=1/8 individual=8/12 evals=20 stage2_unique_prices=867 best_score=0 best_price=2.482911,5.300653 elapsed_sec=2808.46
[GA] phase=stage2_done generation=1/8 individual=8/12 evals=20 stage2_unique_prices=868 best_score=0 best_price=2.482911,5.300653 elapsed_sec=2812.06
[GA] phase=objective_start generation=1/8 individual=8/12 evals=20 stage2_unique_prices=868 best_score=0 best_price=2.482911,5.300653 elapsed_sec=2812.06
[GA] phase=individual_done generation=1/8 individual=8/12 evals=20 stage2_unique_prices=918 best_score=0 best_price=2.482911,5.300653 elapsed_sec=2966.80
[GA] phase=individual_start generation=1/8 individual=9/12 evals=21 stage2_unique_prices=918 best_score=0 best_price=2.482911,5.300653 elapsed_sec=2966.80
[GA] phase=stage2_start generation=1/8 individual=9/12 evals=21 stage2_unique_prices=918 best_score=0 best_price=2.482911,5.300653 elapsed_sec=2966.80
[GA] phase=stage2_done generation=1/8 individual=9/12 evals=21 stage2_unique_prices=919 best_score=0 best_price=2.482911,5.300653 elapsed_sec=2970.12
[GA] phase=objective_start generation=1/8 individual=9/12 evals=21 stage2_unique_prices=919 best_score=0 best_price=2.482911,5.300653 elapsed_sec=2970.12
[GA] phase=individual_done generation=1/8 individual=9/12 evals=21 stage2_unique_prices=969 best_score=0 best_price=2.482911,5.300653 elapsed_sec=3126.93
[GA] phase=individual_start generation=1/8 individual=10/12 evals=22 stage2_unique_prices=969 best_score=0 best_price=2.482911,5.300653 elapsed_sec=3126.93
[GA] phase=stage2_start generation=1/8 individual=10/12 evals=22 stage2_unique_prices=969 best_score=0 best_price=2.482911,5.300653 elapsed_sec=3126.93
[GA] phase=stage2_done generation=1/8 individual=10/12 evals=22 stage2_unique_prices=970 best_score=0 best_price=2.482911,5.300653 elapsed_sec=3129.92
[GA] phase=objective_start generation=1/8 individual=10/12 evals=22 stage2_unique_prices=970 best_score=0 best_price=2.482911,5.300653 elapsed_sec=3129.92
[GA] phase=individual_done generation=1/8 individual=10/12 evals=22 stage2_unique_prices=1020 best_score=0 best_price=2.482911,5.300653 elapsed_sec=3281.25
[GA] phase=individual_start generation=1/8 individual=11/12 evals=23 stage2_unique_prices=1020 best_score=0 best_price=2.482911,5.300653 elapsed_sec=3281.25
[GA] phase=stage2_start generation=1/8 individual=11/12 evals=23 stage2_unique_prices=1020 best_score=0 best_price=2.482911,5.300653 elapsed_sec=3281.25
[GA] phase=stage2_done generation=1/8 individual=11/12 evals=23 stage2_unique_prices=1021 best_score=0 best_price=2.482911,5.300653 elapsed_sec=3284.45
[GA] phase=objective_start generation=1/8 individual=11/12 evals=23 stage2_unique_prices=1021 best_score=0 best_price=2.482911,5.300653 elapsed_sec=3284.45
[GA] phase=individual_done generation=1/8 individual=11/12 evals=23 stage2_unique_prices=1071 best_score=0 best_price=2.482911,5.300653 elapsed_sec=3436.03
[GA] phase=individual_start generation=1/8 individual=12/12 evals=24 stage2_unique_prices=1071 best_score=0 best_price=2.482911,5.300653 elapsed_sec=3436.03
[GA] phase=stage2_start generation=1/8 individual=12/12 evals=24 stage2_unique_prices=1071 best_score=0 best_price=2.482911,5.300653 elapsed_sec=3436.03
[GA] phase=stage2_done generation=1/8 individual=12/12 evals=24 stage2_unique_prices=1072 best_score=0 best_price=2.482911,5.300653 elapsed_sec=3438.56
[GA] phase=objective_start generation=1/8 individual=12/12 evals=24 stage2_unique_prices=1072 best_score=0 best_price=2.482911,5.300653 elapsed_sec=3438.56
[GA] phase=individual_done generation=1/8 individual=12/12 evals=24 stage2_unique_prices=1122 best_score=0 best_price=2.482911,5.300653 elapsed_sec=3582.33
[GA] phase=population_done generation=1/8 evals=24 stage2_unique_prices=1122 best_score=0 best_price=2.482911,5.300653 elapsed_sec=3582.33
[GA] phase=population_start generation=2/8 evals=24 stage2_unique_prices=1122 best_score=0 best_price=2.482911,5.300653 elapsed_sec=3582.33
[GA] phase=individual_start generation=2/8 individual=1/12 evals=25 stage2_unique_prices=1122 best_score=0 best_price=2.482911,5.300653 elapsed_sec=3582.33
[GA] phase=stage2_cache_hit generation=2/8 individual=1/12 evals=25 stage2_unique_prices=1122 best_score=0 best_price=2.482911,5.300653 elapsed_sec=3582.33
[GA] phase=objective_start generation=2/8 individual=1/12 evals=25 stage2_unique_prices=1122 best_score=0 best_price=2.482911,5.300653 elapsed_sec=3582.33
[GA] phase=individual_done generation=2/8 individual=1/12 evals=25 stage2_unique_prices=1122 best_score=0 best_price=2.482911,5.300653 elapsed_sec=3582.33
[GA] phase=individual_start generation=2/8 individual=2/12 evals=26 stage2_unique_prices=1122 best_score=0 best_price=2.482911,5.300653 elapsed_sec=3582.33
[GA] phase=stage2_cache_hit generation=2/8 individual=2/12 evals=26 stage2_unique_prices=1122 best_score=0 best_price=2.482911,5.300653 elapsed_sec=3582.33
[GA] phase=objective_start generation=2/8 individual=2/12 evals=26 stage2_unique_prices=1122 best_score=0 best_price=2.482911,5.300653 elapsed_sec=3582.33
[GA] phase=individual_done generation=2/8 individual=2/12 evals=26 stage2_unique_prices=1122 best_score=0 best_price=2.482911,5.300653 elapsed_sec=3582.33
[GA] phase=individual_start generation=2/8 individual=3/12 evals=27 stage2_unique_prices=1122 best_score=0 best_price=2.482911,5.300653 elapsed_sec=3582.33
[GA] phase=stage2_start generation=2/8 individual=3/12 evals=27 stage2_unique_prices=1122 best_score=0 best_price=2.482911,5.300653 elapsed_sec=3582.33
[GA] phase=stage2_done generation=2/8 individual=3/12 evals=27 stage2_unique_prices=1123 best_score=0 best_price=2.482911,5.300653 elapsed_sec=3585.65
[GA] phase=objective_start generation=2/8 individual=3/12 evals=27 stage2_unique_prices=1123 best_score=0 best_price=2.482911,5.300653 elapsed_sec=3585.65
[GA] phase=individual_done generation=2/8 individual=3/12 evals=27 stage2_unique_prices=1173 best_score=0 best_price=2.482911,5.300653 elapsed_sec=3740.07
[GA] phase=individual_start generation=2/8 individual=4/12 evals=28 stage2_unique_prices=1173 best_score=0 best_price=2.482911,5.300653 elapsed_sec=3740.07
[GA] phase=stage2_start generation=2/8 individual=4/12 evals=28 stage2_unique_prices=1173 best_score=0 best_price=2.482911,5.300653 elapsed_sec=3740.07
[GA] phase=stage2_done generation=2/8 individual=4/12 evals=28 stage2_unique_prices=1174 best_score=0 best_price=2.482911,5.300653 elapsed_sec=3743.35
[GA] phase=objective_start generation=2/8 individual=4/12 evals=28 stage2_unique_prices=1174 best_score=0 best_price=2.482911,5.300653 elapsed_sec=3743.35
[GA] phase=individual_done generation=2/8 individual=4/12 evals=28 stage2_unique_prices=1224 best_score=0 best_price=2.482911,5.300653 elapsed_sec=3897.76
[GA] phase=individual_start generation=2/8 individual=5/12 evals=29 stage2_unique_prices=1224 best_score=0 best_price=2.482911,5.300653 elapsed_sec=3897.76
[GA] phase=stage2_start generation=2/8 individual=5/12 evals=29 stage2_unique_prices=1224 best_score=0 best_price=2.482911,5.300653 elapsed_sec=3897.76
[GA] phase=stage2_done generation=2/8 individual=5/12 evals=29 stage2_unique_prices=1225 best_score=0 best_price=2.482911,5.300653 elapsed_sec=3900.92
[GA] phase=objective_start generation=2/8 individual=5/12 evals=29 stage2_unique_prices=1225 best_score=0 best_price=2.482911,5.300653 elapsed_sec=3900.92
[GA] phase=individual_done generation=2/8 individual=5/12 evals=29 stage2_unique_prices=1275 best_score=0 best_price=2.482911,5.300653 elapsed_sec=4052.83
[GA] phase=individual_start generation=2/8 individual=6/12 evals=30 stage2_unique_prices=1275 best_score=0 best_price=2.482911,5.300653 elapsed_sec=4052.83
[GA] phase=stage2_start generation=2/8 individual=6/12 evals=30 stage2_unique_prices=1275 best_score=0 best_price=2.482911,5.300653 elapsed_sec=4052.83
[GA] phase=stage2_done generation=2/8 individual=6/12 evals=30 stage2_unique_prices=1276 best_score=0 best_price=2.482911,5.300653 elapsed_sec=4055.98
[GA] phase=objective_start generation=2/8 individual=6/12 evals=30 stage2_unique_prices=1276 best_score=0 best_price=2.482911,5.300653 elapsed_sec=4055.98
[GA] phase=individual_done generation=2/8 individual=6/12 evals=30 stage2_unique_prices=1326 best_score=0 best_price=2.482911,5.300653 elapsed_sec=4209.27
[GA] phase=individual_start generation=2/8 individual=7/12 evals=31 stage2_unique_prices=1326 best_score=0 best_price=2.482911,5.300653 elapsed_sec=4209.27
[GA] phase=stage2_start generation=2/8 individual=7/12 evals=31 stage2_unique_prices=1326 best_score=0 best_price=2.482911,5.300653 elapsed_sec=4209.27
[GA] phase=stage2_done generation=2/8 individual=7/12 evals=31 stage2_unique_prices=1327 best_score=0 best_price=2.482911,5.300653 elapsed_sec=4212.58
[GA] phase=objective_start generation=2/8 individual=7/12 evals=31 stage2_unique_prices=1327 best_score=0 best_price=2.482911,5.300653 elapsed_sec=4212.58
[GA] phase=individual_done generation=2/8 individual=7/12 evals=31 stage2_unique_prices=1352 best_score=0 best_price=2.482911,5.300653 elapsed_sec=4291.38
[GA] phase=individual_start generation=2/8 individual=8/12 evals=32 stage2_unique_prices=1352 best_score=0 best_price=2.482911,5.300653 elapsed_sec=4291.38
[GA] phase=stage2_cache_hit generation=2/8 individual=8/12 evals=32 stage2_unique_prices=1352 best_score=0 best_price=2.482911,5.300653 elapsed_sec=4291.38
[GA] phase=objective_start generation=2/8 individual=8/12 evals=32 stage2_unique_prices=1352 best_score=0 best_price=2.482911,5.300653 elapsed_sec=4291.38
[GA] phase=individual_done generation=2/8 individual=8/12 evals=32 stage2_unique_prices=1352 best_score=0 best_price=2.482911,5.300653 elapsed_sec=4291.38
[GA] phase=individual_start generation=2/8 individual=9/12 evals=33 stage2_unique_prices=1352 best_score=0 best_price=2.482911,5.300653 elapsed_sec=4291.38
[GA] phase=stage2_start generation=2/8 individual=9/12 evals=33 stage2_unique_prices=1352 best_score=0 best_price=2.482911,5.300653 elapsed_sec=4291.38
[GA] phase=stage2_done generation=2/8 individual=9/12 evals=33 stage2_unique_prices=1353 best_score=0 best_price=2.482911,5.300653 elapsed_sec=4294.52
[GA] phase=objective_start generation=2/8 individual=9/12 evals=33 stage2_unique_prices=1353 best_score=0 best_price=2.482911,5.300653 elapsed_sec=4294.52
[GA] phase=individual_done generation=2/8 individual=9/12 evals=33 stage2_unique_prices=1403 best_score=0 best_price=2.482911,5.300653 elapsed_sec=4445.67
[GA] phase=individual_start generation=2/8 individual=10/12 evals=34 stage2_unique_prices=1403 best_score=0 best_price=2.482911,5.300653 elapsed_sec=4445.67
[GA] phase=stage2_start generation=2/8 individual=10/12 evals=34 stage2_unique_prices=1403 best_score=0 best_price=2.482911,5.300653 elapsed_sec=4445.67
[GA] phase=stage2_done generation=2/8 individual=10/12 evals=34 stage2_unique_prices=1404 best_score=0 best_price=2.482911,5.300653 elapsed_sec=4448.64
[GA] phase=objective_start generation=2/8 individual=10/12 evals=34 stage2_unique_prices=1404 best_score=0 best_price=2.482911,5.300653 elapsed_sec=4448.64
[GA] phase=individual_done generation=2/8 individual=10/12 evals=34 stage2_unique_prices=1454 best_score=0 best_price=2.482911,5.300653 elapsed_sec=4600.29
[GA] phase=individual_start generation=2/8 individual=11/12 evals=35 stage2_unique_prices=1454 best_score=0 best_price=2.482911,5.300653 elapsed_sec=4600.29
[GA] phase=stage2_start generation=2/8 individual=11/12 evals=35 stage2_unique_prices=1454 best_score=0 best_price=2.482911,5.300653 elapsed_sec=4600.29
[GA] phase=stage2_done generation=2/8 individual=11/12 evals=35 stage2_unique_prices=1455 best_score=0 best_price=2.482911,5.300653 elapsed_sec=4603.44
[GA] phase=objective_start generation=2/8 individual=11/12 evals=35 stage2_unique_prices=1455 best_score=0 best_price=2.482911,5.300653 elapsed_sec=4603.44
[GA] phase=individual_done generation=2/8 individual=11/12 evals=35 stage2_unique_prices=1505 best_score=0 best_price=2.482911,5.300653 elapsed_sec=4755.25
[GA] phase=individual_start generation=2/8 individual=12/12 evals=36 stage2_unique_prices=1505 best_score=0 best_price=2.482911,5.300653 elapsed_sec=4755.25
[GA] phase=stage2_start generation=2/8 individual=12/12 evals=36 stage2_unique_prices=1505 best_score=0 best_price=2.482911,5.300653 elapsed_sec=4755.25
[GA] phase=stage2_done generation=2/8 individual=12/12 evals=36 stage2_unique_prices=1506 best_score=0 best_price=2.482911,5.300653 elapsed_sec=4758.07
[GA] phase=objective_start generation=2/8 individual=12/12 evals=36 stage2_unique_prices=1506 best_score=0 best_price=2.482911,5.300653 elapsed_sec=4758.07
[GA] phase=individual_done generation=2/8 individual=12/12 evals=36 stage2_unique_prices=1556 best_score=0 best_price=2.482911,5.300653 elapsed_sec=4905.74
[GA] phase=population_done generation=2/8 evals=36 stage2_unique_prices=1556 best_score=0 best_price=2.482911,5.300653 elapsed_sec=4905.74
[GA] phase=population_start generation=3/8 evals=36 stage2_unique_prices=1556 best_score=0 best_price=2.482911,5.300653 elapsed_sec=4905.74
[GA] phase=individual_start generation=3/8 individual=1/12 evals=37 stage2_unique_prices=1556 best_score=0 best_price=2.482911,5.300653 elapsed_sec=4905.74
[GA] phase=stage2_cache_hit generation=3/8 individual=1/12 evals=37 stage2_unique_prices=1556 best_score=0 best_price=2.482911,5.300653 elapsed_sec=4905.74
[GA] phase=objective_start generation=3/8 individual=1/12 evals=37 stage2_unique_prices=1556 best_score=0 best_price=2.482911,5.300653 elapsed_sec=4905.74
[GA] phase=individual_done generation=3/8 individual=1/12 evals=37 stage2_unique_prices=1556 best_score=0 best_price=2.482911,5.300653 elapsed_sec=4905.74
[GA] phase=individual_start generation=3/8 individual=2/12 evals=38 stage2_unique_prices=1556 best_score=0 best_price=2.482911,5.300653 elapsed_sec=4905.74
[GA] phase=stage2_cache_hit generation=3/8 individual=2/12 evals=38 stage2_unique_prices=1556 best_score=0 best_price=2.482911,5.300653 elapsed_sec=4905.74
[GA] phase=objective_start generation=3/8 individual=2/12 evals=38 stage2_unique_prices=1556 best_score=0 best_price=2.482911,5.300653 elapsed_sec=4905.74
[GA] phase=individual_done generation=3/8 individual=2/12 evals=38 stage2_unique_prices=1556 best_score=0 best_price=2.482911,5.300653 elapsed_sec=4905.74
[GA] phase=individual_start generation=3/8 individual=3/12 evals=39 stage2_unique_prices=1556 best_score=0 best_price=2.482911,5.300653 elapsed_sec=4905.74
[GA] phase=stage2_start generation=3/8 individual=3/12 evals=39 stage2_unique_prices=1556 best_score=0 best_price=2.482911,5.300653 elapsed_sec=4905.74
[GA] phase=stage2_done generation=3/8 individual=3/12 evals=39 stage2_unique_prices=1557 best_score=0 best_price=2.482911,5.300653 elapsed_sec=4909.07
[GA] phase=objective_start generation=3/8 individual=3/12 evals=39 stage2_unique_prices=1557 best_score=0 best_price=2.482911,5.300653 elapsed_sec=4909.07
[GA] phase=individual_done generation=3/8 individual=3/12 evals=39 stage2_unique_prices=1582 best_score=0 best_price=2.482911,5.300653 elapsed_sec=4986.69
[GA] phase=individual_start generation=3/8 individual=4/12 evals=40 stage2_unique_prices=1582 best_score=0 best_price=2.482911,5.300653 elapsed_sec=4986.69
[GA] phase=stage2_cache_hit generation=3/8 individual=4/12 evals=40 stage2_unique_prices=1582 best_score=0 best_price=2.482911,5.300653 elapsed_sec=4986.69
[GA] phase=objective_start generation=3/8 individual=4/12 evals=40 stage2_unique_prices=1582 best_score=0 best_price=2.482911,5.300653 elapsed_sec=4986.69
[GA] phase=individual_done generation=3/8 individual=4/12 evals=40 stage2_unique_prices=1582 best_score=0 best_price=2.482911,5.300653 elapsed_sec=4986.69
[GA] phase=individual_start generation=3/8 individual=5/12 evals=41 stage2_unique_prices=1582 best_score=0 best_price=2.482911,5.300653 elapsed_sec=4986.69
[GA] phase=stage2_start generation=3/8 individual=5/12 evals=41 stage2_unique_prices=1582 best_score=0 best_price=2.482911,5.300653 elapsed_sec=4986.69
[GA] phase=stage2_done generation=3/8 individual=5/12 evals=41 stage2_unique_prices=1583 best_score=0 best_price=2.482911,5.300653 elapsed_sec=4989.02
[GA] phase=objective_start generation=3/8 individual=5/12 evals=41 stage2_unique_prices=1583 best_score=0 best_price=2.482911,5.300653 elapsed_sec=4989.02
[GA] phase=individual_done generation=3/8 individual=5/12 evals=41 stage2_unique_prices=1633 best_score=0 best_price=2.482911,5.300653 elapsed_sec=5131.65
[GA] phase=individual_start generation=3/8 individual=6/12 evals=42 stage2_unique_prices=1633 best_score=0 best_price=2.482911,5.300653 elapsed_sec=5131.65
[GA] phase=stage2_start generation=3/8 individual=6/12 evals=42 stage2_unique_prices=1633 best_score=0 best_price=2.482911,5.300653 elapsed_sec=5131.65
[GA] phase=stage2_done generation=3/8 individual=6/12 evals=42 stage2_unique_prices=1634 best_score=0 best_price=2.482911,5.300653 elapsed_sec=5134.81
[GA] phase=objective_start generation=3/8 individual=6/12 evals=42 stage2_unique_prices=1634 best_score=0 best_price=2.482911,5.300653 elapsed_sec=5134.81
[GA] phase=individual_done generation=3/8 individual=6/12 evals=42 stage2_unique_prices=1684 best_score=0 best_price=2.482911,5.300653 elapsed_sec=5289.17
[GA] phase=individual_start generation=3/8 individual=7/12 evals=43 stage2_unique_prices=1684 best_score=0 best_price=2.482911,5.300653 elapsed_sec=5289.17
[GA] phase=stage2_start generation=3/8 individual=7/12 evals=43 stage2_unique_prices=1684 best_score=0 best_price=2.482911,5.300653 elapsed_sec=5289.17
[GA] phase=stage2_done generation=3/8 individual=7/12 evals=43 stage2_unique_prices=1685 best_score=0 best_price=2.482911,5.300653 elapsed_sec=5292.63
[GA] phase=objective_start generation=3/8 individual=7/12 evals=43 stage2_unique_prices=1685 best_score=0 best_price=2.482911,5.300653 elapsed_sec=5292.63
[GA] phase=individual_done generation=3/8 individual=7/12 evals=43 stage2_unique_prices=1735 best_score=0 best_price=2.482911,5.300653 elapsed_sec=5447.88
[GA] phase=individual_start generation=3/8 individual=8/12 evals=44 stage2_unique_prices=1735 best_score=0 best_price=2.482911,5.300653 elapsed_sec=5447.88
[GA] phase=stage2_start generation=3/8 individual=8/12 evals=44 stage2_unique_prices=1735 best_score=0 best_price=2.482911,5.300653 elapsed_sec=5447.88
[GA] phase=stage2_done generation=3/8 individual=8/12 evals=44 stage2_unique_prices=1736 best_score=0 best_price=2.482911,5.300653 elapsed_sec=5451.16
[GA] phase=objective_start generation=3/8 individual=8/12 evals=44 stage2_unique_prices=1736 best_score=0 best_price=2.482911,5.300653 elapsed_sec=5451.16
[GA] phase=individual_done generation=3/8 individual=8/12 evals=44 stage2_unique_prices=1786 best_score=0 best_price=2.482911,5.300653 elapsed_sec=5603.05
[GA] phase=individual_start generation=3/8 individual=9/12 evals=45 stage2_unique_prices=1786 best_score=0 best_price=2.482911,5.300653 elapsed_sec=5603.05
[GA] phase=stage2_start generation=3/8 individual=9/12 evals=45 stage2_unique_prices=1786 best_score=0 best_price=2.482911,5.300653 elapsed_sec=5603.05
[GA] phase=stage2_done generation=3/8 individual=9/12 evals=45 stage2_unique_prices=1787 best_score=0 best_price=2.482911,5.300653 elapsed_sec=5606.35
[GA] phase=objective_start generation=3/8 individual=9/12 evals=45 stage2_unique_prices=1787 best_score=0 best_price=2.482911,5.300653 elapsed_sec=5606.35
[GA] phase=individual_done generation=3/8 individual=9/12 evals=45 stage2_unique_prices=1837 best_score=0 best_price=2.482911,5.300653 elapsed_sec=5762.93
[GA] phase=individual_start generation=3/8 individual=10/12 evals=46 stage2_unique_prices=1837 best_score=0 best_price=2.482911,5.300653 elapsed_sec=5762.93
[GA] phase=stage2_start generation=3/8 individual=10/12 evals=46 stage2_unique_prices=1837 best_score=0 best_price=2.482911,5.300653 elapsed_sec=5762.93
[GA] phase=stage2_done generation=3/8 individual=10/12 evals=46 stage2_unique_prices=1838 best_score=0 best_price=2.482911,5.300653 elapsed_sec=5766.25
[GA] phase=objective_start generation=3/8 individual=10/12 evals=46 stage2_unique_prices=1838 best_score=0 best_price=2.482911,5.300653 elapsed_sec=5766.25
[GA] phase=individual_done generation=3/8 individual=10/12 evals=46 stage2_unique_prices=1888 best_score=0 best_price=2.482911,5.300653 elapsed_sec=5921.82
[GA] phase=individual_start generation=3/8 individual=11/12 evals=47 stage2_unique_prices=1888 best_score=0 best_price=2.482911,5.300653 elapsed_sec=5921.82
[GA] phase=stage2_start generation=3/8 individual=11/12 evals=47 stage2_unique_prices=1888 best_score=0 best_price=2.482911,5.300653 elapsed_sec=5921.82
[GA] phase=stage2_done generation=3/8 individual=11/12 evals=47 stage2_unique_prices=1889 best_score=0 best_price=2.482911,5.300653 elapsed_sec=5924.69
[GA] phase=objective_start generation=3/8 individual=11/12 evals=47 stage2_unique_prices=1889 best_score=0 best_price=2.482911,5.300653 elapsed_sec=5924.69
[GA] phase=individual_done generation=3/8 individual=11/12 evals=47 stage2_unique_prices=1939 best_score=0 best_price=2.482911,5.300653 elapsed_sec=6079.68
[GA] phase=individual_start generation=3/8 individual=12/12 evals=48 stage2_unique_prices=1939 best_score=0 best_price=2.482911,5.300653 elapsed_sec=6079.68
[GA] phase=stage2_start generation=3/8 individual=12/12 evals=48 stage2_unique_prices=1939 best_score=0 best_price=2.482911,5.300653 elapsed_sec=6079.68
[GA] phase=stage2_done generation=3/8 individual=12/12 evals=48 stage2_unique_prices=1940 best_score=0 best_price=2.482911,5.300653 elapsed_sec=6083.13
[GA] phase=objective_start generation=3/8 individual=12/12 evals=48 stage2_unique_prices=1940 best_score=0 best_price=2.482911,5.300653 elapsed_sec=6083.13
[GA] phase=individual_done generation=3/8 individual=12/12 evals=48 stage2_unique_prices=1990 best_score=0 best_price=2.482911,5.300653 elapsed_sec=6257.51
[GA] phase=population_done generation=3/8 evals=48 stage2_unique_prices=1990 best_score=0 best_price=2.482911,5.300653 elapsed_sec=6257.51
[GA] phase=population_start generation=4/8 evals=48 stage2_unique_prices=1990 best_score=0 best_price=2.482911,5.300653 elapsed_sec=6257.51
[GA] phase=individual_start generation=4/8 individual=1/12 evals=49 stage2_unique_prices=1990 best_score=0 best_price=2.482911,5.300653 elapsed_sec=6257.51
[GA] phase=stage2_cache_hit generation=4/8 individual=1/12 evals=49 stage2_unique_prices=1990 best_score=0 best_price=2.482911,5.300653 elapsed_sec=6257.51
[GA] phase=objective_start generation=4/8 individual=1/12 evals=49 stage2_unique_prices=1990 best_score=0 best_price=2.482911,5.300653 elapsed_sec=6257.51
[GA] phase=individual_done generation=4/8 individual=1/12 evals=49 stage2_unique_prices=1990 best_score=0 best_price=2.482911,5.300653 elapsed_sec=6257.51
[GA] phase=individual_start generation=4/8 individual=2/12 evals=50 stage2_unique_prices=1990 best_score=0 best_price=2.482911,5.300653 elapsed_sec=6257.51
[GA] phase=stage2_cache_hit generation=4/8 individual=2/12 evals=50 stage2_unique_prices=1990 best_score=0 best_price=2.482911,5.300653 elapsed_sec=6257.51
[GA] phase=objective_start generation=4/8 individual=2/12 evals=50 stage2_unique_prices=1990 best_score=0 best_price=2.482911,5.300653 elapsed_sec=6257.51
[GA] phase=individual_done generation=4/8 individual=2/12 evals=50 stage2_unique_prices=1990 best_score=0 best_price=2.482911,5.300653 elapsed_sec=6257.51
[GA] phase=individual_start generation=4/8 individual=3/12 evals=51 stage2_unique_prices=1990 best_score=0 best_price=2.482911,5.300653 elapsed_sec=6257.51
[GA] phase=stage2_cache_hit generation=4/8 individual=3/12 evals=51 stage2_unique_prices=1990 best_score=0 best_price=2.482911,5.300653 elapsed_sec=6257.51
[GA] phase=objective_start generation=4/8 individual=3/12 evals=51 stage2_unique_prices=1990 best_score=0 best_price=2.482911,5.300653 elapsed_sec=6257.51
[GA] phase=individual_done generation=4/8 individual=3/12 evals=51 stage2_unique_prices=1990 best_score=0 best_price=2.482911,5.300653 elapsed_sec=6257.51
[GA] phase=individual_start generation=4/8 individual=4/12 evals=52 stage2_unique_prices=1990 best_score=0 best_price=2.482911,5.300653 elapsed_sec=6257.51
[GA] phase=stage2_cache_hit generation=4/8 individual=4/12 evals=52 stage2_unique_prices=1990 best_score=0 best_price=2.482911,5.300653 elapsed_sec=6257.51
[GA] phase=objective_start generation=4/8 individual=4/12 evals=52 stage2_unique_prices=1990 best_score=0 best_price=2.482911,5.300653 elapsed_sec=6257.51
[GA] phase=individual_done generation=4/8 individual=4/12 evals=52 stage2_unique_prices=1990 best_score=0 best_price=2.482911,5.300653 elapsed_sec=6257.51
[GA] phase=individual_start generation=4/8 individual=5/12 evals=53 stage2_unique_prices=1990 best_score=0 best_price=2.482911,5.300653 elapsed_sec=6257.51
[GA] phase=stage2_cache_hit generation=4/8 individual=5/12 evals=53 stage2_unique_prices=1990 best_score=0 best_price=2.482911,5.300653 elapsed_sec=6257.51
[GA] phase=objective_start generation=4/8 individual=5/12 evals=53 stage2_unique_prices=1990 best_score=0 best_price=2.482911,5.300653 elapsed_sec=6257.51
[GA] phase=individual_done generation=4/8 individual=5/12 evals=53 stage2_unique_prices=1990 best_score=0 best_price=2.482911,5.300653 elapsed_sec=6257.51
[GA] phase=individual_start generation=4/8 individual=6/12 evals=54 stage2_unique_prices=1990 best_score=0 best_price=2.482911,5.300653 elapsed_sec=6257.51
[GA] phase=stage2_cache_hit generation=4/8 individual=6/12 evals=54 stage2_unique_prices=1990 best_score=0 best_price=2.482911,5.300653 elapsed_sec=6257.51
[GA] phase=objective_start generation=4/8 individual=6/12 evals=54 stage2_unique_prices=1990 best_score=0 best_price=2.482911,5.300653 elapsed_sec=6257.51
[GA] phase=individual_done generation=4/8 individual=6/12 evals=54 stage2_unique_prices=1990 best_score=0 best_price=2.482911,5.300653 elapsed_sec=6257.51
[GA] phase=individual_start generation=4/8 individual=7/12 evals=55 stage2_unique_prices=1990 best_score=0 best_price=2.482911,5.300653 elapsed_sec=6257.51
[GA] phase=stage2_cache_hit generation=4/8 individual=7/12 evals=55 stage2_unique_prices=1990 best_score=0 best_price=2.482911,5.300653 elapsed_sec=6257.51
[GA] phase=objective_start generation=4/8 individual=7/12 evals=55 stage2_unique_prices=1990 best_score=0 best_price=2.482911,5.300653 elapsed_sec=6257.51
[GA] phase=individual_done generation=4/8 individual=7/12 evals=55 stage2_unique_prices=1990 best_score=0 best_price=2.482911,5.300653 elapsed_sec=6257.51
[GA] phase=individual_start generation=4/8 individual=8/12 evals=56 stage2_unique_prices=1990 best_score=0 best_price=2.482911,5.300653 elapsed_sec=6257.51
[GA] phase=stage2_start generation=4/8 individual=8/12 evals=56 stage2_unique_prices=1990 best_score=0 best_price=2.482911,5.300653 elapsed_sec=6257.51
[GA] phase=stage2_done generation=4/8 individual=8/12 evals=56 stage2_unique_prices=1991 best_score=0 best_price=2.482911,5.300653 elapsed_sec=6261.54
[GA] phase=objective_start generation=4/8 individual=8/12 evals=56 stage2_unique_prices=1991 best_score=0 best_price=2.482911,5.300653 elapsed_sec=6261.54
[GA] phase=individual_done generation=4/8 individual=8/12 evals=56 stage2_unique_prices=2016 best_score=0 best_price=2.482911,5.300653 elapsed_sec=6356.60
[GA] phase=individual_start generation=4/8 individual=9/12 evals=57 stage2_unique_prices=2016 best_score=0 best_price=2.482911,5.300653 elapsed_sec=6356.60
[GA] phase=stage2_start generation=4/8 individual=9/12 evals=57 stage2_unique_prices=2016 best_score=0 best_price=2.482911,5.300653 elapsed_sec=6356.60
[GA] phase=stage2_done generation=4/8 individual=9/12 evals=57 stage2_unique_prices=2017 best_score=0 best_price=2.482911,5.300653 elapsed_sec=6359.74
[GA] phase=objective_start generation=4/8 individual=9/12 evals=57 stage2_unique_prices=2017 best_score=0 best_price=2.482911,5.300653 elapsed_sec=6359.74
[GA] phase=individual_done generation=4/8 individual=9/12 evals=57 stage2_unique_prices=2067 best_score=0 best_price=2.482911,5.300653 elapsed_sec=6513.72
[GA] phase=individual_start generation=4/8 individual=10/12 evals=58 stage2_unique_prices=2067 best_score=0 best_price=2.482911,5.300653 elapsed_sec=6513.72
[GA] phase=stage2_start generation=4/8 individual=10/12 evals=58 stage2_unique_prices=2067 best_score=0 best_price=2.482911,5.300653 elapsed_sec=6513.72
[GA] phase=stage2_done generation=4/8 individual=10/12 evals=58 stage2_unique_prices=2068 best_score=0 best_price=2.482911,5.300653 elapsed_sec=6517.03
[GA] phase=objective_start generation=4/8 individual=10/12 evals=58 stage2_unique_prices=2068 best_score=0 best_price=2.482911,5.300653 elapsed_sec=6517.03
[GA] phase=individual_done generation=4/8 individual=10/12 evals=58 stage2_unique_prices=2118 best_score=0 best_price=2.482911,5.300653 elapsed_sec=6672.67
[GA] phase=individual_start generation=4/8 individual=11/12 evals=59 stage2_unique_prices=2118 best_score=0 best_price=2.482911,5.300653 elapsed_sec=6672.67
[GA] phase=stage2_cache_hit generation=4/8 individual=11/12 evals=59 stage2_unique_prices=2118 best_score=0 best_price=2.482911,5.300653 elapsed_sec=6672.67
[GA] phase=objective_start generation=4/8 individual=11/12 evals=59 stage2_unique_prices=2118 best_score=0 best_price=2.482911,5.300653 elapsed_sec=6672.67
[GA] phase=individual_done generation=4/8 individual=11/12 evals=59 stage2_unique_prices=2118 best_score=0 best_price=2.482911,5.300653 elapsed_sec=6672.67
[GA] phase=individual_start generation=4/8 individual=12/12 evals=60 stage2_unique_prices=2118 best_score=0 best_price=2.482911,5.300653 elapsed_sec=6672.67
[GA] phase=stage2_start generation=4/8 individual=12/12 evals=60 stage2_unique_prices=2118 best_score=0 best_price=2.482911,5.300653 elapsed_sec=6672.67
[GA] phase=stage2_done generation=4/8 individual=12/12 evals=60 stage2_unique_prices=2119 best_score=0 best_price=2.482911,5.300653 elapsed_sec=6676.73
[GA] phase=objective_start generation=4/8 individual=12/12 evals=60 stage2_unique_prices=2119 best_score=0 best_price=2.482911,5.300653 elapsed_sec=6676.73
[GA] phase=individual_done generation=4/8 individual=12/12 evals=60 stage2_unique_prices=2144 best_score=0 best_price=2.482911,5.300653 elapsed_sec=6774.63
[GA] phase=population_done generation=4/8 evals=60 stage2_unique_prices=2144 best_score=0 best_price=2.482911,5.300653 elapsed_sec=6774.63
[GA] phase=population_start generation=5/8 evals=60 stage2_unique_prices=2144 best_score=0 best_price=2.482911,5.300653 elapsed_sec=6774.63
[GA] phase=individual_start generation=5/8 individual=1/12 evals=61 stage2_unique_prices=2144 best_score=0 best_price=2.482911,5.300653 elapsed_sec=6774.63
[GA] phase=stage2_cache_hit generation=5/8 individual=1/12 evals=61 stage2_unique_prices=2144 best_score=0 best_price=2.482911,5.300653 elapsed_sec=6774.63
[GA] phase=objective_start generation=5/8 individual=1/12 evals=61 stage2_unique_prices=2144 best_score=0 best_price=2.482911,5.300653 elapsed_sec=6774.63
[GA] phase=individual_done generation=5/8 individual=1/12 evals=61 stage2_unique_prices=2144 best_score=0 best_price=2.482911,5.300653 elapsed_sec=6774.63
[GA] phase=individual_start generation=5/8 individual=2/12 evals=62 stage2_unique_prices=2144 best_score=0 best_price=2.482911,5.300653 elapsed_sec=6774.63
[GA] phase=stage2_cache_hit generation=5/8 individual=2/12 evals=62 stage2_unique_prices=2144 best_score=0 best_price=2.482911,5.300653 elapsed_sec=6774.63
[GA] phase=objective_start generation=5/8 individual=2/12 evals=62 stage2_unique_prices=2144 best_score=0 best_price=2.482911,5.300653 elapsed_sec=6774.63
[GA] phase=individual_done generation=5/8 individual=2/12 evals=62 stage2_unique_prices=2144 best_score=0 best_price=2.482911,5.300653 elapsed_sec=6774.63
[GA] phase=individual_start generation=5/8 individual=3/12 evals=63 stage2_unique_prices=2144 best_score=0 best_price=2.482911,5.300653 elapsed_sec=6774.63
[GA] phase=stage2_cache_hit generation=5/8 individual=3/12 evals=63 stage2_unique_prices=2144 best_score=0 best_price=2.482911,5.300653 elapsed_sec=6774.63
[GA] phase=objective_start generation=5/8 individual=3/12 evals=63 stage2_unique_prices=2144 best_score=0 best_price=2.482911,5.300653 elapsed_sec=6774.63
[GA] phase=individual_done generation=5/8 individual=3/12 evals=63 stage2_unique_prices=2144 best_score=0 best_price=2.482911,5.300653 elapsed_sec=6774.63
[GA] phase=individual_start generation=5/8 individual=4/12 evals=64 stage2_unique_prices=2144 best_score=0 best_price=2.482911,5.300653 elapsed_sec=6774.63
[GA] phase=stage2_cache_hit generation=5/8 individual=4/12 evals=64 stage2_unique_prices=2144 best_score=0 best_price=2.482911,5.300653 elapsed_sec=6774.63
[GA] phase=objective_start generation=5/8 individual=4/12 evals=64 stage2_unique_prices=2144 best_score=0 best_price=2.482911,5.300653 elapsed_sec=6774.63
[GA] phase=individual_done generation=5/8 individual=4/12 evals=64 stage2_unique_prices=2144 best_score=0 best_price=2.482911,5.300653 elapsed_sec=6774.63
[GA] phase=individual_start generation=5/8 individual=5/12 evals=65 stage2_unique_prices=2144 best_score=0 best_price=2.482911,5.300653 elapsed_sec=6774.63
[GA] phase=stage2_start generation=5/8 individual=5/12 evals=65 stage2_unique_prices=2144 best_score=0 best_price=2.482911,5.300653 elapsed_sec=6774.63
[GA] phase=stage2_done generation=5/8 individual=5/12 evals=65 stage2_unique_prices=2145 best_score=0 best_price=2.482911,5.300653 elapsed_sec=6777.79
[GA] phase=objective_start generation=5/8 individual=5/12 evals=65 stage2_unique_prices=2145 best_score=0 best_price=2.482911,5.300653 elapsed_sec=6777.79
[GA] phase=individual_done generation=5/8 individual=5/12 evals=65 stage2_unique_prices=2170 best_score=0 best_price=2.482911,5.300653 elapsed_sec=6842.97
[GA] phase=individual_start generation=5/8 individual=6/12 evals=66 stage2_unique_prices=2170 best_score=0 best_price=2.482911,5.300653 elapsed_sec=6842.97
[GA] phase=stage2_start generation=5/8 individual=6/12 evals=66 stage2_unique_prices=2170 best_score=0 best_price=2.482911,5.300653 elapsed_sec=6842.97
[GA] phase=stage2_done generation=5/8 individual=6/12 evals=66 stage2_unique_prices=2171 best_score=0 best_price=2.482911,5.300653 elapsed_sec=6846.12
[GA] phase=objective_start generation=5/8 individual=6/12 evals=66 stage2_unique_prices=2171 best_score=0 best_price=2.482911,5.300653 elapsed_sec=6846.12
[GA] phase=individual_done generation=5/8 individual=6/12 evals=66 stage2_unique_prices=2221 best_score=0 best_price=2.482911,5.300653 elapsed_sec=6998.95
[GA] phase=individual_start generation=5/8 individual=7/12 evals=67 stage2_unique_prices=2221 best_score=0 best_price=2.482911,5.300653 elapsed_sec=6998.95
[GA] phase=stage2_start generation=5/8 individual=7/12 evals=67 stage2_unique_prices=2221 best_score=0 best_price=2.482911,5.300653 elapsed_sec=6998.95
[GA] phase=stage2_done generation=5/8 individual=7/12 evals=67 stage2_unique_prices=2222 best_score=0 best_price=2.482911,5.300653 elapsed_sec=7002.41
[GA] phase=objective_start generation=5/8 individual=7/12 evals=67 stage2_unique_prices=2222 best_score=0 best_price=2.482911,5.300653 elapsed_sec=7002.41
[GA] phase=individual_done generation=5/8 individual=7/12 evals=67 stage2_unique_prices=2247 best_score=0 best_price=2.482911,5.300653 elapsed_sec=7091.66
[GA] phase=individual_start generation=5/8 individual=8/12 evals=68 stage2_unique_prices=2247 best_score=0 best_price=2.482911,5.300653 elapsed_sec=7091.66
[GA] phase=stage2_start generation=5/8 individual=8/12 evals=68 stage2_unique_prices=2247 best_score=0 best_price=2.482911,5.300653 elapsed_sec=7091.66
[GA] phase=stage2_done generation=5/8 individual=8/12 evals=68 stage2_unique_prices=2248 best_score=0 best_price=2.482911,5.300653 elapsed_sec=7094.95
[GA] phase=objective_start generation=5/8 individual=8/12 evals=68 stage2_unique_prices=2248 best_score=0 best_price=2.482911,5.300653 elapsed_sec=7094.95
[GA] phase=individual_done generation=5/8 individual=8/12 evals=68 stage2_unique_prices=2273 best_score=0 best_price=2.482911,5.300653 elapsed_sec=7162.67
[GA] phase=individual_start generation=5/8 individual=9/12 evals=69 stage2_unique_prices=2273 best_score=0 best_price=2.482911,5.300653 elapsed_sec=7162.67
[GA] phase=stage2_start generation=5/8 individual=9/12 evals=69 stage2_unique_prices=2273 best_score=0 best_price=2.482911,5.300653 elapsed_sec=7162.67
[GA] phase=stage2_done generation=5/8 individual=9/12 evals=69 stage2_unique_prices=2274 best_score=0 best_price=2.482911,5.300653 elapsed_sec=7165.50
[GA] phase=objective_start generation=5/8 individual=9/12 evals=69 stage2_unique_prices=2274 best_score=0 best_price=2.482911,5.300653 elapsed_sec=7165.50
[GA] phase=individual_done generation=5/8 individual=9/12 evals=69 stage2_unique_prices=2299 best_score=0 best_price=2.482911,5.300653 elapsed_sec=7248.55
[GA] phase=individual_start generation=5/8 individual=10/12 evals=70 stage2_unique_prices=2299 best_score=0 best_price=2.482911,5.300653 elapsed_sec=7248.55
[GA] phase=stage2_cache_hit generation=5/8 individual=10/12 evals=70 stage2_unique_prices=2299 best_score=0 best_price=2.482911,5.300653 elapsed_sec=7248.55
[GA] phase=objective_start generation=5/8 individual=10/12 evals=70 stage2_unique_prices=2299 best_score=0 best_price=2.482911,5.300653 elapsed_sec=7248.55
[GA] phase=individual_done generation=5/8 individual=10/12 evals=70 stage2_unique_prices=2299 best_score=0 best_price=2.482911,5.300653 elapsed_sec=7248.55
[GA] phase=individual_start generation=5/8 individual=11/12 evals=71 stage2_unique_prices=2299 best_score=0 best_price=2.482911,5.300653 elapsed_sec=7248.55
[GA] phase=stage2_cache_hit generation=5/8 individual=11/12 evals=71 stage2_unique_prices=2299 best_score=0 best_price=2.482911,5.300653 elapsed_sec=7248.55
[GA] phase=objective_start generation=5/8 individual=11/12 evals=71 stage2_unique_prices=2299 best_score=0 best_price=2.482911,5.300653 elapsed_sec=7248.55
[GA] phase=individual_done generation=5/8 individual=11/12 evals=71 stage2_unique_prices=2299 best_score=0 best_price=2.482911,5.300653 elapsed_sec=7248.55
[GA] phase=individual_start generation=5/8 individual=12/12 evals=72 stage2_unique_prices=2299 best_score=0 best_price=2.482911,5.300653 elapsed_sec=7248.55
[GA] phase=stage2_cache_hit generation=5/8 individual=12/12 evals=72 stage2_unique_prices=2299 best_score=0 best_price=2.482911,5.300653 elapsed_sec=7248.55
[GA] phase=objective_start generation=5/8 individual=12/12 evals=72 stage2_unique_prices=2299 best_score=0 best_price=2.482911,5.300653 elapsed_sec=7248.55
[GA] phase=individual_done generation=5/8 individual=12/12 evals=72 stage2_unique_prices=2299 best_score=0 best_price=2.482911,5.300653 elapsed_sec=7248.55
[GA] phase=population_done generation=5/8 evals=72 stage2_unique_prices=2299 best_score=0 best_price=2.482911,5.300653 elapsed_sec=7248.55
[GA] phase=population_start generation=6/8 evals=72 stage2_unique_prices=2299 best_score=0 best_price=2.482911,5.300653 elapsed_sec=7248.55
[GA] phase=individual_start generation=6/8 individual=1/12 evals=73 stage2_unique_prices=2299 best_score=0 best_price=2.482911,5.300653 elapsed_sec=7248.55
[GA] phase=stage2_cache_hit generation=6/8 individual=1/12 evals=73 stage2_unique_prices=2299 best_score=0 best_price=2.482911,5.300653 elapsed_sec=7248.55
[GA] phase=objective_start generation=6/8 individual=1/12 evals=73 stage2_unique_prices=2299 best_score=0 best_price=2.482911,5.300653 elapsed_sec=7248.55
[GA] phase=individual_done generation=6/8 individual=1/12 evals=73 stage2_unique_prices=2299 best_score=0 best_price=2.482911,5.300653 elapsed_sec=7248.55
[GA] phase=individual_start generation=6/8 individual=2/12 evals=74 stage2_unique_prices=2299 best_score=0 best_price=2.482911,5.300653 elapsed_sec=7248.55
[GA] phase=stage2_cache_hit generation=6/8 individual=2/12 evals=74 stage2_unique_prices=2299 best_score=0 best_price=2.482911,5.300653 elapsed_sec=7248.55
[GA] phase=objective_start generation=6/8 individual=2/12 evals=74 stage2_unique_prices=2299 best_score=0 best_price=2.482911,5.300653 elapsed_sec=7248.55
[GA] phase=individual_done generation=6/8 individual=2/12 evals=74 stage2_unique_prices=2299 best_score=0 best_price=2.482911,5.300653 elapsed_sec=7248.55
[GA] phase=individual_start generation=6/8 individual=3/12 evals=75 stage2_unique_prices=2299 best_score=0 best_price=2.482911,5.300653 elapsed_sec=7248.55
[GA] phase=stage2_cache_hit generation=6/8 individual=3/12 evals=75 stage2_unique_prices=2299 best_score=0 best_price=2.482911,5.300653 elapsed_sec=7248.55
[GA] phase=objective_start generation=6/8 individual=3/12 evals=75 stage2_unique_prices=2299 best_score=0 best_price=2.482911,5.300653 elapsed_sec=7248.55
[GA] phase=individual_done generation=6/8 individual=3/12 evals=75 stage2_unique_prices=2299 best_score=0 best_price=2.482911,5.300653 elapsed_sec=7248.55
[GA] phase=individual_start generation=6/8 individual=4/12 evals=76 stage2_unique_prices=2299 best_score=0 best_price=2.482911,5.300653 elapsed_sec=7248.55
[GA] phase=stage2_cache_hit generation=6/8 individual=4/12 evals=76 stage2_unique_prices=2299 best_score=0 best_price=2.482911,5.300653 elapsed_sec=7248.55
[GA] phase=objective_start generation=6/8 individual=4/12 evals=76 stage2_unique_prices=2299 best_score=0 best_price=2.482911,5.300653 elapsed_sec=7248.55
[GA] phase=individual_done generation=6/8 individual=4/12 evals=76 stage2_unique_prices=2299 best_score=0 best_price=2.482911,5.300653 elapsed_sec=7248.55
[GA] phase=individual_start generation=6/8 individual=5/12 evals=77 stage2_unique_prices=2299 best_score=0 best_price=2.482911,5.300653 elapsed_sec=7248.55
[GA] phase=stage2_start generation=6/8 individual=5/12 evals=77 stage2_unique_prices=2299 best_score=0 best_price=2.482911,5.300653 elapsed_sec=7248.55
[GA] phase=stage2_done generation=6/8 individual=5/12 evals=77 stage2_unique_prices=2300 best_score=0 best_price=2.482911,5.300653 elapsed_sec=7251.86
[GA] phase=objective_start generation=6/8 individual=5/12 evals=77 stage2_unique_prices=2300 best_score=0 best_price=2.482911,5.300653 elapsed_sec=7251.86
[GA] phase=individual_done generation=6/8 individual=5/12 evals=77 stage2_unique_prices=2350 best_score=0 best_price=2.482911,5.300653 elapsed_sec=7404.38
[GA] phase=individual_start generation=6/8 individual=6/12 evals=78 stage2_unique_prices=2350 best_score=0 best_price=2.482911,5.300653 elapsed_sec=7404.38
[GA] phase=stage2_start generation=6/8 individual=6/12 evals=78 stage2_unique_prices=2350 best_score=0 best_price=2.482911,5.300653 elapsed_sec=7404.38
[GA] phase=stage2_done generation=6/8 individual=6/12 evals=78 stage2_unique_prices=2351 best_score=0 best_price=2.482911,5.300653 elapsed_sec=7407.66
[GA] phase=objective_start generation=6/8 individual=6/12 evals=78 stage2_unique_prices=2351 best_score=0 best_price=2.482911,5.300653 elapsed_sec=7407.66
[GA] phase=individual_done generation=6/8 individual=6/12 evals=78 stage2_unique_prices=2401 best_score=0 best_price=2.482911,5.300653 elapsed_sec=7564.42
[GA] phase=individual_start generation=6/8 individual=7/12 evals=79 stage2_unique_prices=2401 best_score=0 best_price=2.482911,5.300653 elapsed_sec=7564.42
[GA] phase=stage2_start generation=6/8 individual=7/12 evals=79 stage2_unique_prices=2401 best_score=0 best_price=2.482911,5.300653 elapsed_sec=7564.42
[GA] phase=stage2_done generation=6/8 individual=7/12 evals=79 stage2_unique_prices=2402 best_score=0 best_price=2.482911,5.300653 elapsed_sec=7567.59
[GA] phase=objective_start generation=6/8 individual=7/12 evals=79 stage2_unique_prices=2402 best_score=0 best_price=2.482911,5.300653 elapsed_sec=7567.59
[GA] phase=individual_done generation=6/8 individual=7/12 evals=79 stage2_unique_prices=2452 best_score=0 best_price=2.482911,5.300653 elapsed_sec=7721.72
[GA] phase=individual_start generation=6/8 individual=8/12 evals=80 stage2_unique_prices=2452 best_score=0 best_price=2.482911,5.300653 elapsed_sec=7721.72
[GA] phase=stage2_start generation=6/8 individual=8/12 evals=80 stage2_unique_prices=2452 best_score=0 best_price=2.482911,5.300653 elapsed_sec=7721.72
[GA] phase=stage2_done generation=6/8 individual=8/12 evals=80 stage2_unique_prices=2453 best_score=0 best_price=2.482911,5.300653 elapsed_sec=7725.51
[GA] phase=objective_start generation=6/8 individual=8/12 evals=80 stage2_unique_prices=2453 best_score=0 best_price=2.482911,5.300653 elapsed_sec=7725.51
[GA] phase=individual_done generation=6/8 individual=8/12 evals=80 stage2_unique_prices=2503 best_score=0 best_price=2.482911,5.300653 elapsed_sec=7891.35
[GA] phase=individual_start generation=6/8 individual=9/12 evals=81 stage2_unique_prices=2503 best_score=0 best_price=2.482911,5.300653 elapsed_sec=7891.35
[GA] phase=stage2_cache_hit generation=6/8 individual=9/12 evals=81 stage2_unique_prices=2503 best_score=0 best_price=2.482911,5.300653 elapsed_sec=7891.35
[GA] phase=objective_start generation=6/8 individual=9/12 evals=81 stage2_unique_prices=2503 best_score=0 best_price=2.482911,5.300653 elapsed_sec=7891.35
[GA] phase=individual_done generation=6/8 individual=9/12 evals=81 stage2_unique_prices=2503 best_score=0 best_price=2.482911,5.300653 elapsed_sec=7891.35
[GA] phase=individual_start generation=6/8 individual=10/12 evals=82 stage2_unique_prices=2503 best_score=0 best_price=2.482911,5.300653 elapsed_sec=7891.35
[GA] phase=stage2_start generation=6/8 individual=10/12 evals=82 stage2_unique_prices=2503 best_score=0 best_price=2.482911,5.300653 elapsed_sec=7891.35
[GA] phase=stage2_done generation=6/8 individual=10/12 evals=82 stage2_unique_prices=2504 best_score=0 best_price=2.482911,5.300653 elapsed_sec=7894.33
[GA] phase=objective_start generation=6/8 individual=10/12 evals=82 stage2_unique_prices=2504 best_score=0 best_price=2.482911,5.300653 elapsed_sec=7894.33
[GA] phase=individual_done generation=6/8 individual=10/12 evals=82 stage2_unique_prices=2529 best_score=0 best_price=2.482911,5.300653 elapsed_sec=8017.30
[GA] phase=individual_start generation=6/8 individual=11/12 evals=83 stage2_unique_prices=2529 best_score=0 best_price=2.482911,5.300653 elapsed_sec=8017.30
[GA] phase=stage2_start generation=6/8 individual=11/12 evals=83 stage2_unique_prices=2529 best_score=0 best_price=2.482911,5.300653 elapsed_sec=8017.30
[GA] phase=stage2_done generation=6/8 individual=11/12 evals=83 stage2_unique_prices=2530 best_score=0 best_price=2.482911,5.300653 elapsed_sec=8024.04
[GA] phase=objective_start generation=6/8 individual=11/12 evals=83 stage2_unique_prices=2530 best_score=0 best_price=2.482911,5.300653 elapsed_sec=8024.04
[GA] phase=individual_done generation=6/8 individual=11/12 evals=83 stage2_unique_prices=2555 best_score=0 best_price=2.482911,5.300653 elapsed_sec=8163.86
[GA] phase=individual_start generation=6/8 individual=12/12 evals=84 stage2_unique_prices=2555 best_score=0 best_price=2.482911,5.300653 elapsed_sec=8163.86
[GA] phase=stage2_cache_hit generation=6/8 individual=12/12 evals=84 stage2_unique_prices=2555 best_score=0 best_price=2.482911,5.300653 elapsed_sec=8163.86
[GA] phase=objective_start generation=6/8 individual=12/12 evals=84 stage2_unique_prices=2555 best_score=0 best_price=2.482911,5.300653 elapsed_sec=8163.86
[GA] phase=individual_done generation=6/8 individual=12/12 evals=84 stage2_unique_prices=2555 best_score=0 best_price=2.482911,5.300653 elapsed_sec=8163.86
[GA] phase=population_done generation=6/8 evals=84 stage2_unique_prices=2555 best_score=0 best_price=2.482911,5.300653 elapsed_sec=8163.86
[GA] phase=population_start generation=7/8 evals=84 stage2_unique_prices=2555 best_score=0 best_price=2.482911,5.300653 elapsed_sec=8163.86
[GA] phase=individual_start generation=7/8 individual=1/12 evals=85 stage2_unique_prices=2555 best_score=0 best_price=2.482911,5.300653 elapsed_sec=8163.86
[GA] phase=stage2_cache_hit generation=7/8 individual=1/12 evals=85 stage2_unique_prices=2555 best_score=0 best_price=2.482911,5.300653 elapsed_sec=8163.86
[GA] phase=objective_start generation=7/8 individual=1/12 evals=85 stage2_unique_prices=2555 best_score=0 best_price=2.482911,5.300653 elapsed_sec=8163.86
[GA] phase=individual_done generation=7/8 individual=1/12 evals=85 stage2_unique_prices=2555 best_score=0 best_price=2.482911,5.300653 elapsed_sec=8163.86
[GA] phase=individual_start generation=7/8 individual=2/12 evals=86 stage2_unique_prices=2555 best_score=0 best_price=2.482911,5.300653 elapsed_sec=8163.86
[GA] phase=stage2_cache_hit generation=7/8 individual=2/12 evals=86 stage2_unique_prices=2555 best_score=0 best_price=2.482911,5.300653 elapsed_sec=8163.86
[GA] phase=objective_start generation=7/8 individual=2/12 evals=86 stage2_unique_prices=2555 best_score=0 best_price=2.482911,5.300653 elapsed_sec=8163.86
[GA] phase=individual_done generation=7/8 individual=2/12 evals=86 stage2_unique_prices=2555 best_score=0 best_price=2.482911,5.300653 elapsed_sec=8163.86
[GA] phase=individual_start generation=7/8 individual=3/12 evals=87 stage2_unique_prices=2555 best_score=0 best_price=2.482911,5.300653 elapsed_sec=8163.86
[GA] phase=stage2_cache_hit generation=7/8 individual=3/12 evals=87 stage2_unique_prices=2555 best_score=0 best_price=2.482911,5.300653 elapsed_sec=8163.86
[GA] phase=objective_start generation=7/8 individual=3/12 evals=87 stage2_unique_prices=2555 best_score=0 best_price=2.482911,5.300653 elapsed_sec=8163.86
[GA] phase=individual_done generation=7/8 individual=3/12 evals=87 stage2_unique_prices=2555 best_score=0 best_price=2.482911,5.300653 elapsed_sec=8163.86
[GA] phase=individual_start generation=7/8 individual=4/12 evals=88 stage2_unique_prices=2555 best_score=0 best_price=2.482911,5.300653 elapsed_sec=8163.86
[GA] phase=stage2_start generation=7/8 individual=4/12 evals=88 stage2_unique_prices=2555 best_score=0 best_price=2.482911,5.300653 elapsed_sec=8163.86
[GA] phase=stage2_done generation=7/8 individual=4/12 evals=88 stage2_unique_prices=2556 best_score=0 best_price=2.482911,5.300653 elapsed_sec=8170.25
[GA] phase=objective_start generation=7/8 individual=4/12 evals=88 stage2_unique_prices=2556 best_score=0 best_price=2.482911,5.300653 elapsed_sec=8170.25
[GA] phase=individual_done generation=7/8 individual=4/12 evals=88 stage2_unique_prices=2581 best_score=0 best_price=2.482911,5.300653 elapsed_sec=8300.35
[GA] phase=individual_start generation=7/8 individual=5/12 evals=89 stage2_unique_prices=2581 best_score=0 best_price=2.482911,5.300653 elapsed_sec=8300.35
[GA] phase=stage2_cache_hit generation=7/8 individual=5/12 evals=89 stage2_unique_prices=2581 best_score=0 best_price=2.482911,5.300653 elapsed_sec=8300.35
[GA] phase=objective_start generation=7/8 individual=5/12 evals=89 stage2_unique_prices=2581 best_score=0 best_price=2.482911,5.300653 elapsed_sec=8300.35
[GA] phase=individual_done generation=7/8 individual=5/12 evals=89 stage2_unique_prices=2581 best_score=0 best_price=2.482911,5.300653 elapsed_sec=8300.35
[GA] phase=individual_start generation=7/8 individual=6/12 evals=90 stage2_unique_prices=2581 best_score=0 best_price=2.482911,5.300653 elapsed_sec=8300.35
[GA] phase=stage2_start generation=7/8 individual=6/12 evals=90 stage2_unique_prices=2581 best_score=0 best_price=2.482911,5.300653 elapsed_sec=8300.35
[GA] phase=stage2_done generation=7/8 individual=6/12 evals=90 stage2_unique_prices=2582 best_score=0 best_price=2.482911,5.300653 elapsed_sec=8307.04
[GA] phase=objective_start generation=7/8 individual=6/12 evals=90 stage2_unique_prices=2582 best_score=0 best_price=2.482911,5.300653 elapsed_sec=8307.04
[GA] phase=individual_done generation=7/8 individual=6/12 evals=90 stage2_unique_prices=2607 best_score=0 best_price=2.482911,5.300653 elapsed_sec=8443.63
[GA] phase=individual_start generation=7/8 individual=7/12 evals=91 stage2_unique_prices=2607 best_score=0 best_price=2.482911,5.300653 elapsed_sec=8443.63
[GA] phase=stage2_start generation=7/8 individual=7/12 evals=91 stage2_unique_prices=2607 best_score=0 best_price=2.482911,5.300653 elapsed_sec=8443.63
[GA] phase=stage2_done generation=7/8 individual=7/12 evals=91 stage2_unique_prices=2608 best_score=0 best_price=2.482911,5.300653 elapsed_sec=8450.31
[GA] phase=objective_start generation=7/8 individual=7/12 evals=91 stage2_unique_prices=2608 best_score=0 best_price=2.482911,5.300653 elapsed_sec=8450.31
[GA] phase=individual_done generation=7/8 individual=7/12 evals=91 stage2_unique_prices=2658 best_score=0 best_price=2.495884,5.28152 elapsed_sec=8749.60
[GA] phase=individual_start generation=7/8 individual=8/12 evals=92 stage2_unique_prices=2658 best_score=0 best_price=2.495884,5.28152 elapsed_sec=8749.60
[GA] phase=stage2_start generation=7/8 individual=8/12 evals=92 stage2_unique_prices=2658 best_score=0 best_price=2.495884,5.28152 elapsed_sec=8749.60
[GA] phase=stage2_done generation=7/8 individual=8/12 evals=92 stage2_unique_prices=2659 best_score=0 best_price=2.495884,5.28152 elapsed_sec=8755.64
[GA] phase=objective_start generation=7/8 individual=8/12 evals=92 stage2_unique_prices=2659 best_score=0 best_price=2.495884,5.28152 elapsed_sec=8755.64
[GA] phase=individual_done generation=7/8 individual=8/12 evals=92 stage2_unique_prices=2709 best_score=0 best_price=2.495884,5.28152 elapsed_sec=9048.23
[GA] phase=individual_start generation=7/8 individual=9/12 evals=93 stage2_unique_prices=2709 best_score=0 best_price=2.495884,5.28152 elapsed_sec=9048.23
[GA] phase=stage2_cache_hit generation=7/8 individual=9/12 evals=93 stage2_unique_prices=2709 best_score=0 best_price=2.495884,5.28152 elapsed_sec=9048.23
[GA] phase=objective_start generation=7/8 individual=9/12 evals=93 stage2_unique_prices=2709 best_score=0 best_price=2.495884,5.28152 elapsed_sec=9048.23
[GA] phase=individual_done generation=7/8 individual=9/12 evals=93 stage2_unique_prices=2709 best_score=0 best_price=2.495884,5.28152 elapsed_sec=9048.23
[GA] phase=individual_start generation=7/8 individual=10/12 evals=94 stage2_unique_prices=2709 best_score=0 best_price=2.495884,5.28152 elapsed_sec=9048.23
[GA] phase=stage2_cache_hit generation=7/8 individual=10/12 evals=94 stage2_unique_prices=2709 best_score=0 best_price=2.495884,5.28152 elapsed_sec=9048.23
[GA] phase=objective_start generation=7/8 individual=10/12 evals=94 stage2_unique_prices=2709 best_score=0 best_price=2.495884,5.28152 elapsed_sec=9048.23
[GA] phase=individual_done generation=7/8 individual=10/12 evals=94 stage2_unique_prices=2709 best_score=0 best_price=2.495884,5.28152 elapsed_sec=9048.23
[GA] phase=individual_start generation=7/8 individual=11/12 evals=95 stage2_unique_prices=2709 best_score=0 best_price=2.495884,5.28152 elapsed_sec=9048.23
[GA] phase=stage2_start generation=7/8 individual=11/12 evals=95 stage2_unique_prices=2709 best_score=0 best_price=2.495884,5.28152 elapsed_sec=9048.23
[GA] phase=stage2_done generation=7/8 individual=11/12 evals=95 stage2_unique_prices=2710 best_score=0 best_price=2.495884,5.28152 elapsed_sec=9054.36
[GA] phase=objective_start generation=7/8 individual=11/12 evals=95 stage2_unique_prices=2710 best_score=0 best_price=2.495884,5.28152 elapsed_sec=9054.36
[GA] phase=individual_done generation=7/8 individual=11/12 evals=95 stage2_unique_prices=2760 best_score=0 best_price=2.495884,5.28152 elapsed_sec=9353.17
[GA] phase=individual_start generation=7/8 individual=12/12 evals=96 stage2_unique_prices=2760 best_score=0 best_price=2.495884,5.28152 elapsed_sec=9353.17
[GA] phase=stage2_start generation=7/8 individual=12/12 evals=96 stage2_unique_prices=2760 best_score=0 best_price=2.495884,5.28152 elapsed_sec=9353.17
[GA] phase=stage2_done generation=7/8 individual=12/12 evals=96 stage2_unique_prices=2761 best_score=0 best_price=2.495884,5.28152 elapsed_sec=9359.32
[GA] phase=objective_start generation=7/8 individual=12/12 evals=96 stage2_unique_prices=2761 best_score=0 best_price=2.495884,5.28152 elapsed_sec=9359.32
[GA] phase=individual_done generation=7/8 individual=12/12 evals=96 stage2_unique_prices=2811 best_score=0 best_price=2.495884,5.28152 elapsed_sec=9653.90
[GA] phase=population_done generation=7/8 evals=96 stage2_unique_prices=2811 best_score=0 best_price=2.495884,5.28152 elapsed_sec=9653.90
[GA] phase=population_start generation=8/8 evals=96 stage2_unique_prices=2811 best_score=0 best_price=2.495884,5.28152 elapsed_sec=9653.90
[GA] phase=individual_start generation=8/8 individual=1/12 evals=97 stage2_unique_prices=2811 best_score=0 best_price=2.495884,5.28152 elapsed_sec=9653.90
[GA] phase=stage2_cache_hit generation=8/8 individual=1/12 evals=97 stage2_unique_prices=2811 best_score=0 best_price=2.495884,5.28152 elapsed_sec=9653.90
[GA] phase=objective_start generation=8/8 individual=1/12 evals=97 stage2_unique_prices=2811 best_score=0 best_price=2.495884,5.28152 elapsed_sec=9653.90
[GA] phase=individual_done generation=8/8 individual=1/12 evals=97 stage2_unique_prices=2811 best_score=0 best_price=2.495884,5.28152 elapsed_sec=9653.90
[GA] phase=individual_start generation=8/8 individual=2/12 evals=98 stage2_unique_prices=2811 best_score=0 best_price=2.495884,5.28152 elapsed_sec=9653.90
[GA] phase=stage2_cache_hit generation=8/8 individual=2/12 evals=98 stage2_unique_prices=2811 best_score=0 best_price=2.495884,5.28152 elapsed_sec=9653.90
[GA] phase=objective_start generation=8/8 individual=2/12 evals=98 stage2_unique_prices=2811 best_score=0 best_price=2.495884,5.28152 elapsed_sec=9653.90
[GA] phase=individual_done generation=8/8 individual=2/12 evals=98 stage2_unique_prices=2811 best_score=0 best_price=2.495884,5.28152 elapsed_sec=9653.90
[GA] phase=individual_start generation=8/8 individual=3/12 evals=99 stage2_unique_prices=2811 best_score=0 best_price=2.495884,5.28152 elapsed_sec=9653.90
[GA] phase=stage2_cache_hit generation=8/8 individual=3/12 evals=99 stage2_unique_prices=2811 best_score=0 best_price=2.495884,5.28152 elapsed_sec=9653.90
[GA] phase=objective_start generation=8/8 individual=3/12 evals=99 stage2_unique_prices=2811 best_score=0 best_price=2.495884,5.28152 elapsed_sec=9653.90
[GA] phase=individual_done generation=8/8 individual=3/12 evals=99 stage2_unique_prices=2811 best_score=0 best_price=2.495884,5.28152 elapsed_sec=9653.90
[GA] phase=individual_start generation=8/8 individual=4/12 evals=100 stage2_unique_prices=2811 best_score=0 best_price=2.495884,5.28152 elapsed_sec=9653.90
[GA] phase=stage2_cache_hit generation=8/8 individual=4/12 evals=100 stage2_unique_prices=2811 best_score=0 best_price=2.495884,5.28152 elapsed_sec=9653.90
[GA] phase=objective_start generation=8/8 individual=4/12 evals=100 stage2_unique_prices=2811 best_score=0 best_price=2.495884,5.28152 elapsed_sec=9653.90
[GA] phase=individual_done generation=8/8 individual=4/12 evals=100 stage2_unique_prices=2811 best_score=0 best_price=2.495884,5.28152 elapsed_sec=9653.90
[GA] phase=individual_start generation=8/8 individual=5/12 evals=101 stage2_unique_prices=2811 best_score=0 best_price=2.495884,5.28152 elapsed_sec=9653.90
[GA] phase=stage2_cache_hit generation=8/8 individual=5/12 evals=101 stage2_unique_prices=2811 best_score=0 best_price=2.495884,5.28152 elapsed_sec=9653.90
[GA] phase=objective_start generation=8/8 individual=5/12 evals=101 stage2_unique_prices=2811 best_score=0 best_price=2.495884,5.28152 elapsed_sec=9653.90
[GA] phase=individual_done generation=8/8 individual=5/12 evals=101 stage2_unique_prices=2811 best_score=0 best_price=2.495884,5.28152 elapsed_sec=9653.90
[GA] phase=individual_start generation=8/8 individual=6/12 evals=102 stage2_unique_prices=2811 best_score=0 best_price=2.495884,5.28152 elapsed_sec=9653.90
[GA] phase=stage2_cache_hit generation=8/8 individual=6/12 evals=102 stage2_unique_prices=2811 best_score=0 best_price=2.495884,5.28152 elapsed_sec=9653.90
[GA] phase=objective_start generation=8/8 individual=6/12 evals=102 stage2_unique_prices=2811 best_score=0 best_price=2.495884,5.28152 elapsed_sec=9653.90
[GA] phase=individual_done generation=8/8 individual=6/12 evals=102 stage2_unique_prices=2811 best_score=0 best_price=2.495884,5.28152 elapsed_sec=9653.90
[GA] phase=individual_start generation=8/8 individual=7/12 evals=103 stage2_unique_prices=2811 best_score=0 best_price=2.495884,5.28152 elapsed_sec=9653.90
[GA] phase=stage2_start generation=8/8 individual=7/12 evals=103 stage2_unique_prices=2811 best_score=0 best_price=2.495884,5.28152 elapsed_sec=9653.90
[GA] phase=stage2_done generation=8/8 individual=7/12 evals=103 stage2_unique_prices=2812 best_score=0 best_price=2.495884,5.28152 elapsed_sec=9660.57
[GA] phase=objective_start generation=8/8 individual=7/12 evals=103 stage2_unique_prices=2812 best_score=0 best_price=2.495884,5.28152 elapsed_sec=9660.57
[GA] phase=individual_done generation=8/8 individual=7/12 evals=103 stage2_unique_prices=2862 best_score=0 best_price=2.495884,5.28152 elapsed_sec=9955.58
[GA] phase=individual_start generation=8/8 individual=8/12 evals=104 stage2_unique_prices=2862 best_score=0 best_price=2.495884,5.28152 elapsed_sec=9955.58
[GA] phase=stage2_start generation=8/8 individual=8/12 evals=104 stage2_unique_prices=2862 best_score=0 best_price=2.495884,5.28152 elapsed_sec=9955.58
[GA] phase=stage2_done generation=8/8 individual=8/12 evals=104 stage2_unique_prices=2863 best_score=0 best_price=2.495884,5.28152 elapsed_sec=9962.23
[GA] phase=objective_start generation=8/8 individual=8/12 evals=104 stage2_unique_prices=2863 best_score=0 best_price=2.495884,5.28152 elapsed_sec=9962.23
[GA] phase=individual_done generation=8/8 individual=8/12 evals=104 stage2_unique_prices=2913 best_score=0 best_price=2.495884,5.28152 elapsed_sec=10257.64
[GA] phase=individual_start generation=8/8 individual=9/12 evals=105 stage2_unique_prices=2913 best_score=0 best_price=2.495884,5.28152 elapsed_sec=10257.64
[GA] phase=stage2_start generation=8/8 individual=9/12 evals=105 stage2_unique_prices=2913 best_score=0 best_price=2.495884,5.28152 elapsed_sec=10257.64
[GA] phase=stage2_done generation=8/8 individual=9/12 evals=105 stage2_unique_prices=2914 best_score=0 best_price=2.495884,5.28152 elapsed_sec=10263.78
[GA] phase=objective_start generation=8/8 individual=9/12 evals=105 stage2_unique_prices=2914 best_score=0 best_price=2.495884,5.28152 elapsed_sec=10263.78
[GA] phase=individual_done generation=8/8 individual=9/12 evals=105 stage2_unique_prices=2964 best_score=0 best_price=2.495884,5.28152 elapsed_sec=10554.43
[GA] phase=individual_start generation=8/8 individual=10/12 evals=106 stage2_unique_prices=2964 best_score=0 best_price=2.495884,5.28152 elapsed_sec=10554.43
[GA] phase=stage2_start generation=8/8 individual=10/12 evals=106 stage2_unique_prices=2964 best_score=0 best_price=2.495884,5.28152 elapsed_sec=10554.43
[GA] phase=stage2_done generation=8/8 individual=10/12 evals=106 stage2_unique_prices=2965 best_score=0 best_price=2.495884,5.28152 elapsed_sec=10561.19
[GA] phase=objective_start generation=8/8 individual=10/12 evals=106 stage2_unique_prices=2965 best_score=0 best_price=2.495884,5.28152 elapsed_sec=10561.19
[GA] phase=individual_done generation=8/8 individual=10/12 evals=106 stage2_unique_prices=3015 best_score=0 best_price=2.495884,5.28152 elapsed_sec=10862.25
[GA] phase=individual_start generation=8/8 individual=11/12 evals=107 stage2_unique_prices=3015 best_score=0 best_price=2.495884,5.28152 elapsed_sec=10862.25
[GA] phase=stage2_start generation=8/8 individual=11/12 evals=107 stage2_unique_prices=3015 best_score=0 best_price=2.495884,5.28152 elapsed_sec=10862.25
[GA] phase=stage2_done generation=8/8 individual=11/12 evals=107 stage2_unique_prices=3016 best_score=0 best_price=2.495884,5.28152 elapsed_sec=10870.42
[GA] phase=objective_start generation=8/8 individual=11/12 evals=107 stage2_unique_prices=3016 best_score=0 best_price=2.495884,5.28152 elapsed_sec=10870.42
[GA] phase=individual_done generation=8/8 individual=11/12 evals=107 stage2_unique_prices=3066 best_score=0 best_price=2.495884,5.28152 elapsed_sec=11187.06
[GA] phase=individual_start generation=8/8 individual=12/12 evals=108 stage2_unique_prices=3066 best_score=0 best_price=2.495884,5.28152 elapsed_sec=11187.06
[GA] phase=stage2_start generation=8/8 individual=12/12 evals=108 stage2_unique_prices=3066 best_score=0 best_price=2.495884,5.28152 elapsed_sec=11187.06
[GA] phase=stage2_done generation=8/8 individual=12/12 evals=108 stage2_unique_prices=3067 best_score=0 best_price=2.495884,5.28152 elapsed_sec=11197.66
[GA] phase=objective_start generation=8/8 individual=12/12 evals=108 stage2_unique_prices=3067 best_score=0 best_price=2.495884,5.28152 elapsed_sec=11197.66
[GA] phase=individual_done generation=8/8 individual=12/12 evals=108 stage2_unique_prices=3117 best_score=0 best_price=2.495884,5.28152 elapsed_sec=11509.44
[GA] phase=population_done generation=8/8 evals=108 stage2_unique_prices=3117 best_score=0 best_price=2.495884,5.28152 elapsed_sec=11509.44
[168/200] phase=done n_users=200 trial=10/10 method=GA
[169/200] phase=start n_users=200 trial=10/10 method=BO-online
[169/200] phase=start n_users=200 trial=10/10 method=BO-online
[169/200] phase=done n_users=200 trial=10/10 method=BO-online
[170/200] phase=start n_users=200 trial=10/10 method=MARL
[170/200] phase=done n_users=200 trial=10/10 method=MARL
[171/200] phase=start n_users=250 trial=1/10 method=GA
[GA] phase=population_start generation=initial/8 evals=0 stage2_unique_prices=0 elapsed_sec=0.00
[GA] phase=individual_start generation=initial/8 individual=1/12 evals=1 stage2_unique_prices=0 elapsed_sec=0.00
[GA] phase=stage2_start generation=initial/8 individual=1/12 evals=1 stage2_unique_prices=0 elapsed_sec=0.00
[GA] phase=stage2_done generation=initial/8 individual=1/12 evals=1 stage2_unique_prices=1 elapsed_sec=7.99
[GA] phase=objective_start generation=initial/8 individual=1/12 evals=1 stage2_unique_prices=1 elapsed_sec=7.99
[GA] phase=individual_done generation=initial/8 individual=1/12 evals=1 stage2_unique_prices=51 best_score=200.38769218 best_price=0.5,0.5 elapsed_sec=351.27
[GA] phase=individual_start generation=initial/8 individual=2/12 evals=2 stage2_unique_prices=51 best_score=200.38769218 best_price=0.5,0.5 elapsed_sec=351.27
[GA] phase=stage2_start generation=initial/8 individual=2/12 evals=2 stage2_unique_prices=51 best_score=200.38769218 best_price=0.5,0.5 elapsed_sec=351.27
[GA] phase=stage2_done generation=initial/8 individual=2/12 evals=2 stage2_unique_prices=52 best_score=200.38769218 best_price=0.5,0.5 elapsed_sec=358.94
[GA] phase=objective_start generation=initial/8 individual=2/12 evals=2 stage2_unique_prices=52 best_score=200.38769218 best_price=0.5,0.5 elapsed_sec=358.94
[GA] phase=individual_done generation=initial/8 individual=2/12 evals=2 stage2_unique_prices=102 best_score=125.758540038 best_price=0.121696,5.031579 elapsed_sec=665.40
[GA] phase=individual_start generation=initial/8 individual=3/12 evals=3 stage2_unique_prices=102 best_score=125.758540038 best_price=0.121696,5.031579 elapsed_sec=665.40
[GA] phase=stage2_start generation=initial/8 individual=3/12 evals=3 stage2_unique_prices=102 best_score=125.758540038 best_price=0.121696,5.031579 elapsed_sec=665.40
[GA] phase=stage2_done generation=initial/8 individual=3/12 evals=3 stage2_unique_prices=103 best_score=125.758540038 best_price=0.121696,5.031579 elapsed_sec=670.99
[GA] phase=objective_start generation=initial/8 individual=3/12 evals=3 stage2_unique_prices=103 best_score=125.758540038 best_price=0.121696,5.031579 elapsed_sec=670.99
[GA] phase=individual_done generation=initial/8 individual=3/12 evals=3 stage2_unique_prices=153 best_score=26.2439206349 best_price=4.144049,2.473006 elapsed_sec=937.06
[GA] phase=individual_start generation=initial/8 individual=4/12 evals=4 stage2_unique_prices=153 best_score=26.2439206349 best_price=4.144049,2.473006 elapsed_sec=937.06
[GA] phase=stage2_start generation=initial/8 individual=4/12 evals=4 stage2_unique_prices=153 best_score=26.2439206349 best_price=4.144049,2.473006 elapsed_sec=937.06
[GA] phase=stage2_done generation=initial/8 individual=4/12 evals=4 stage2_unique_prices=154 best_score=26.2439206349 best_price=4.144049,2.473006 elapsed_sec=940.45
[GA] phase=objective_start generation=initial/8 individual=4/12 evals=4 stage2_unique_prices=154 best_score=26.2439206349 best_price=4.144049,2.473006 elapsed_sec=940.45
[GA] phase=individual_done generation=initial/8 individual=4/12 evals=4 stage2_unique_prices=204 best_score=26.2439206349 best_price=4.144049,2.473006 elapsed_sec=1177.03
[GA] phase=individual_start generation=initial/8 individual=5/12 evals=5 stage2_unique_prices=204 best_score=26.2439206349 best_price=4.144049,2.473006 elapsed_sec=1177.03
[GA] phase=stage2_start generation=initial/8 individual=5/12 evals=5 stage2_unique_prices=204 best_score=26.2439206349 best_price=4.144049,2.473006 elapsed_sec=1177.03
[GA] phase=stage2_done generation=initial/8 individual=5/12 evals=5 stage2_unique_prices=205 best_score=26.2439206349 best_price=4.144049,2.473006 elapsed_sec=1184.35
[GA] phase=objective_start generation=initial/8 individual=5/12 evals=5 stage2_unique_prices=205 best_score=26.2439206349 best_price=4.144049,2.473006 elapsed_sec=1184.35
[GA] phase=individual_done generation=initial/8 individual=5/12 evals=5 stage2_unique_prices=255 best_score=26.2439206349 best_price=4.144049,2.473006 elapsed_sec=1522.66
[GA] phase=individual_start generation=initial/8 individual=6/12 evals=6 stage2_unique_prices=255 best_score=26.2439206349 best_price=4.144049,2.473006 elapsed_sec=1522.66
[GA] phase=stage2_start generation=initial/8 individual=6/12 evals=6 stage2_unique_prices=255 best_score=26.2439206349 best_price=4.144049,2.473006 elapsed_sec=1522.66
[GA] phase=stage2_done generation=initial/8 individual=6/12 evals=6 stage2_unique_prices=256 best_score=26.2439206349 best_price=4.144049,2.473006 elapsed_sec=1529.95
[GA] phase=objective_start generation=initial/8 individual=6/12 evals=6 stage2_unique_prices=256 best_score=26.2439206349 best_price=4.144049,2.473006 elapsed_sec=1529.95
[GA] phase=individual_done generation=initial/8 individual=6/12 evals=6 stage2_unique_prices=306 best_score=26.2439206349 best_price=4.144049,2.473006 elapsed_sec=1858.71
[GA] phase=individual_start generation=initial/8 individual=7/12 evals=7 stage2_unique_prices=306 best_score=26.2439206349 best_price=4.144049,2.473006 elapsed_sec=1858.71
[GA] phase=stage2_start generation=initial/8 individual=7/12 evals=7 stage2_unique_prices=306 best_score=26.2439206349 best_price=4.144049,2.473006 elapsed_sec=1858.71
[GA] phase=stage2_done generation=initial/8 individual=7/12 evals=7 stage2_unique_prices=307 best_score=26.2439206349 best_price=4.144049,2.473006 elapsed_sec=1864.25
[GA] phase=objective_start generation=initial/8 individual=7/12 evals=7 stage2_unique_prices=307 best_score=26.2439206349 best_price=4.144049,2.473006 elapsed_sec=1864.25
[GA] phase=individual_done generation=initial/8 individual=7/12 evals=7 stage2_unique_prices=357 best_score=26.2439206349 best_price=4.144049,2.473006 elapsed_sec=2130.69
[GA] phase=individual_start generation=initial/8 individual=8/12 evals=8 stage2_unique_prices=357 best_score=26.2439206349 best_price=4.144049,2.473006 elapsed_sec=2130.69
[GA] phase=stage2_start generation=initial/8 individual=8/12 evals=8 stage2_unique_prices=357 best_score=26.2439206349 best_price=4.144049,2.473006 elapsed_sec=2130.69
[GA] phase=stage2_done generation=initial/8 individual=8/12 evals=8 stage2_unique_prices=358 best_score=26.2439206349 best_price=4.144049,2.473006 elapsed_sec=2134.07
[GA] phase=objective_start generation=initial/8 individual=8/12 evals=8 stage2_unique_prices=358 best_score=26.2439206349 best_price=4.144049,2.473006 elapsed_sec=2134.07
[GA] phase=individual_done generation=initial/8 individual=8/12 evals=8 stage2_unique_prices=408 best_score=26.2439206349 best_price=4.144049,2.473006 elapsed_sec=2378.37
[GA] phase=individual_start generation=initial/8 individual=9/12 evals=9 stage2_unique_prices=408 best_score=26.2439206349 best_price=4.144049,2.473006 elapsed_sec=2378.37
[GA] phase=stage2_start generation=initial/8 individual=9/12 evals=9 stage2_unique_prices=408 best_score=26.2439206349 best_price=4.144049,2.473006 elapsed_sec=2378.37
[GA] phase=stage2_done generation=initial/8 individual=9/12 evals=9 stage2_unique_prices=409 best_score=26.2439206349 best_price=4.144049,2.473006 elapsed_sec=2383.32
[GA] phase=objective_start generation=initial/8 individual=9/12 evals=9 stage2_unique_prices=409 best_score=26.2439206349 best_price=4.144049,2.473006 elapsed_sec=2383.32
[GA] phase=individual_done generation=initial/8 individual=9/12 evals=9 stage2_unique_prices=459 best_score=25.4612280958 best_price=2.482911,5.300653 elapsed_sec=2644.49
[GA] phase=individual_start generation=initial/8 individual=10/12 evals=10 stage2_unique_prices=459 best_score=25.4612280958 best_price=2.482911,5.300653 elapsed_sec=2644.49
[GA] phase=stage2_start generation=initial/8 individual=10/12 evals=10 stage2_unique_prices=459 best_score=25.4612280958 best_price=2.482911,5.300653 elapsed_sec=2644.49
[GA] phase=stage2_done generation=initial/8 individual=10/12 evals=10 stage2_unique_prices=460 best_score=25.4612280958 best_price=2.482911,5.300653 elapsed_sec=2647.87
[GA] phase=objective_start generation=initial/8 individual=10/12 evals=10 stage2_unique_prices=460 best_score=25.4612280958 best_price=2.482911,5.300653 elapsed_sec=2647.87
[GA] phase=individual_done generation=initial/8 individual=10/12 evals=10 stage2_unique_prices=510 best_score=25.4612280958 best_price=2.482911,5.300653 elapsed_sec=2879.69
[GA] phase=individual_start generation=initial/8 individual=11/12 evals=11 stage2_unique_prices=510 best_score=25.4612280958 best_price=2.482911,5.300653 elapsed_sec=2879.69
[GA] phase=stage2_start generation=initial/8 individual=11/12 evals=11 stage2_unique_prices=510 best_score=25.4612280958 best_price=2.482911,5.300653 elapsed_sec=2879.69
[GA] phase=stage2_done generation=initial/8 individual=11/12 evals=11 stage2_unique_prices=511 best_score=25.4612280958 best_price=2.482911,5.300653 elapsed_sec=2886.98
[GA] phase=objective_start generation=initial/8 individual=11/12 evals=11 stage2_unique_prices=511 best_score=25.4612280958 best_price=2.482911,5.300653 elapsed_sec=2886.98
[GA] phase=individual_done generation=initial/8 individual=11/12 evals=11 stage2_unique_prices=561 best_score=25.4612280958 best_price=2.482911,5.300653 elapsed_sec=3219.94
[GA] phase=individual_start generation=initial/8 individual=12/12 evals=12 stage2_unique_prices=561 best_score=25.4612280958 best_price=2.482911,5.300653 elapsed_sec=3219.94
[GA] phase=stage2_start generation=initial/8 individual=12/12 evals=12 stage2_unique_prices=561 best_score=25.4612280958 best_price=2.482911,5.300653 elapsed_sec=3219.94
[GA] phase=stage2_done generation=initial/8 individual=12/12 evals=12 stage2_unique_prices=562 best_score=25.4612280958 best_price=2.482911,5.300653 elapsed_sec=3225.79
[GA] phase=objective_start generation=initial/8 individual=12/12 evals=12 stage2_unique_prices=562 best_score=25.4612280958 best_price=2.482911,5.300653 elapsed_sec=3225.79
[GA] phase=individual_done generation=initial/8 individual=12/12 evals=12 stage2_unique_prices=612 best_score=16.9150068834 best_price=2.05289,4.459988 elapsed_sec=3508.20
[GA] phase=population_done generation=initial/8 evals=12 stage2_unique_prices=612 best_score=16.9150068834 best_price=2.05289,4.459988 elapsed_sec=3508.20
[GA] phase=population_start generation=1/8 evals=12 stage2_unique_prices=612 best_score=16.9150068834 best_price=2.05289,4.459988 elapsed_sec=3508.20
[GA] phase=individual_start generation=1/8 individual=1/12 evals=13 stage2_unique_prices=612 best_score=16.9150068834 best_price=2.05289,4.459988 elapsed_sec=3508.20
[GA] phase=stage2_cache_hit generation=1/8 individual=1/12 evals=13 stage2_unique_prices=612 best_score=16.9150068834 best_price=2.05289,4.459988 elapsed_sec=3508.20
[GA] phase=objective_start generation=1/8 individual=1/12 evals=13 stage2_unique_prices=612 best_score=16.9150068834 best_price=2.05289,4.459988 elapsed_sec=3508.20
[GA] phase=individual_done generation=1/8 individual=1/12 evals=13 stage2_unique_prices=612 best_score=16.9150068834 best_price=2.05289,4.459988 elapsed_sec=3508.20
[GA] phase=individual_start generation=1/8 individual=2/12 evals=14 stage2_unique_prices=612 best_score=16.9150068834 best_price=2.05289,4.459988 elapsed_sec=3508.20
[GA] phase=stage2_cache_hit generation=1/8 individual=2/12 evals=14 stage2_unique_prices=612 best_score=16.9150068834 best_price=2.05289,4.459988 elapsed_sec=3508.20
[GA] phase=objective_start generation=1/8 individual=2/12 evals=14 stage2_unique_prices=612 best_score=16.9150068834 best_price=2.05289,4.459988 elapsed_sec=3508.20
[GA] phase=individual_done generation=1/8 individual=2/12 evals=14 stage2_unique_prices=612 best_score=16.9150068834 best_price=2.05289,4.459988 elapsed_sec=3508.20
[GA] phase=individual_start generation=1/8 individual=3/12 evals=15 stage2_unique_prices=612 best_score=16.9150068834 best_price=2.05289,4.459988 elapsed_sec=3508.20
[GA] phase=stage2_start generation=1/8 individual=3/12 evals=15 stage2_unique_prices=612 best_score=16.9150068834 best_price=2.05289,4.459988 elapsed_sec=3508.20
[GA] phase=stage2_done generation=1/8 individual=3/12 evals=15 stage2_unique_prices=613 best_score=16.9150068834 best_price=2.05289,4.459988 elapsed_sec=3513.74
[GA] phase=objective_start generation=1/8 individual=3/12 evals=15 stage2_unique_prices=613 best_score=16.9150068834 best_price=2.05289,4.459988 elapsed_sec=3513.74
[GA] phase=individual_done generation=1/8 individual=3/12 evals=15 stage2_unique_prices=663 best_score=16.9150068834 best_price=2.05289,4.459988 elapsed_sec=3782.51
[GA] phase=individual_start generation=1/8 individual=4/12 evals=16 stage2_unique_prices=663 best_score=16.9150068834 best_price=2.05289,4.459988 elapsed_sec=3782.52
[GA] phase=stage2_start generation=1/8 individual=4/12 evals=16 stage2_unique_prices=663 best_score=16.9150068834 best_price=2.05289,4.459988 elapsed_sec=3782.52
[GA] phase=stage2_done generation=1/8 individual=4/12 evals=16 stage2_unique_prices=664 best_score=16.9150068834 best_price=2.05289,4.459988 elapsed_sec=3788.34
[GA] phase=objective_start generation=1/8 individual=4/12 evals=16 stage2_unique_prices=664 best_score=16.9150068834 best_price=2.05289,4.459988 elapsed_sec=3788.34
[GA] phase=individual_done generation=1/8 individual=4/12 evals=16 stage2_unique_prices=714 best_score=14.419823977 best_price=2.352411,4.148378 elapsed_sec=4066.33
[GA] phase=individual_start generation=1/8 individual=5/12 evals=17 stage2_unique_prices=714 best_score=14.419823977 best_price=2.352411,4.148378 elapsed_sec=4066.33
[GA] phase=stage2_start generation=1/8 individual=5/12 evals=17 stage2_unique_prices=714 best_score=14.419823977 best_price=2.352411,4.148378 elapsed_sec=4066.33
[GA] phase=stage2_done generation=1/8 individual=5/12 evals=17 stage2_unique_prices=715 best_score=14.419823977 best_price=2.352411,4.148378 elapsed_sec=4071.86
[GA] phase=objective_start generation=1/8 individual=5/12 evals=17 stage2_unique_prices=715 best_score=14.419823977 best_price=2.352411,4.148378 elapsed_sec=4071.86
[GA] phase=individual_done generation=1/8 individual=5/12 evals=17 stage2_unique_prices=765 best_score=14.419823977 best_price=2.352411,4.148378 elapsed_sec=4340.26
[GA] phase=individual_start generation=1/8 individual=6/12 evals=18 stage2_unique_prices=765 best_score=14.419823977 best_price=2.352411,4.148378 elapsed_sec=4340.26
[GA] phase=stage2_start generation=1/8 individual=6/12 evals=18 stage2_unique_prices=765 best_score=14.419823977 best_price=2.352411,4.148378 elapsed_sec=4340.26
[GA] phase=stage2_done generation=1/8 individual=6/12 evals=18 stage2_unique_prices=766 best_score=14.419823977 best_price=2.352411,4.148378 elapsed_sec=4346.08
[GA] phase=objective_start generation=1/8 individual=6/12 evals=18 stage2_unique_prices=766 best_score=14.419823977 best_price=2.352411,4.148378 elapsed_sec=4346.08
[GA] phase=individual_done generation=1/8 individual=6/12 evals=18 stage2_unique_prices=816 best_score=9.04153640193 best_price=2.550775,3.986907 elapsed_sec=4623.61
[GA] phase=individual_start generation=1/8 individual=7/12 evals=19 stage2_unique_prices=816 best_score=9.04153640193 best_price=2.550775,3.986907 elapsed_sec=4623.61
[GA] phase=stage2_start generation=1/8 individual=7/12 evals=19 stage2_unique_prices=816 best_score=9.04153640193 best_price=2.550775,3.986907 elapsed_sec=4623.61
[GA] phase=stage2_done generation=1/8 individual=7/12 evals=19 stage2_unique_prices=817 best_score=9.04153640193 best_price=2.550775,3.986907 elapsed_sec=4629.15
[GA] phase=objective_start generation=1/8 individual=7/12 evals=19 stage2_unique_prices=817 best_score=9.04153640193 best_price=2.550775,3.986907 elapsed_sec=4629.15
[GA] phase=individual_done generation=1/8 individual=7/12 evals=19 stage2_unique_prices=867 best_score=9.04153640193 best_price=2.550775,3.986907 elapsed_sec=4894.48
[GA] phase=individual_start generation=1/8 individual=8/12 evals=20 stage2_unique_prices=867 best_score=9.04153640193 best_price=2.550775,3.986907 elapsed_sec=4894.48
[GA] phase=stage2_start generation=1/8 individual=8/12 evals=20 stage2_unique_prices=867 best_score=9.04153640193 best_price=2.550775,3.986907 elapsed_sec=4894.48
[GA] phase=stage2_done generation=1/8 individual=8/12 evals=20 stage2_unique_prices=868 best_score=9.04153640193 best_price=2.550775,3.986907 elapsed_sec=4900.07
[GA] phase=objective_start generation=1/8 individual=8/12 evals=20 stage2_unique_prices=868 best_score=9.04153640193 best_price=2.550775,3.986907 elapsed_sec=4900.07
[GA] phase=individual_done generation=1/8 individual=8/12 evals=20 stage2_unique_prices=918 best_score=9.04153640193 best_price=2.550775,3.986907 elapsed_sec=5167.69
[GA] phase=individual_start generation=1/8 individual=9/12 evals=21 stage2_unique_prices=918 best_score=9.04153640193 best_price=2.550775,3.986907 elapsed_sec=5167.69
[GA] phase=stage2_start generation=1/8 individual=9/12 evals=21 stage2_unique_prices=918 best_score=9.04153640193 best_price=2.550775,3.986907 elapsed_sec=5167.69
[GA] phase=stage2_done generation=1/8 individual=9/12 evals=21 stage2_unique_prices=919 best_score=9.04153640193 best_price=2.550775,3.986907 elapsed_sec=5173.25
[GA] phase=objective_start generation=1/8 individual=9/12 evals=21 stage2_unique_prices=919 best_score=9.04153640193 best_price=2.550775,3.986907 elapsed_sec=5173.25
[GA] phase=individual_done generation=1/8 individual=9/12 evals=21 stage2_unique_prices=969 best_score=0 best_price=3.264387,4.14808 elapsed_sec=5434.88
[GA] phase=individual_start generation=1/8 individual=10/12 evals=22 stage2_unique_prices=969 best_score=0 best_price=3.264387,4.14808 elapsed_sec=5434.88
[GA] phase=stage2_start generation=1/8 individual=10/12 evals=22 stage2_unique_prices=969 best_score=0 best_price=3.264387,4.14808 elapsed_sec=5434.88
[GA] phase=stage2_done generation=1/8 individual=10/12 evals=22 stage2_unique_prices=970 best_score=0 best_price=3.264387,4.14808 elapsed_sec=5438.92
[GA] phase=objective_start generation=1/8 individual=10/12 evals=22 stage2_unique_prices=970 best_score=0 best_price=3.264387,4.14808 elapsed_sec=5438.92
[GA] phase=individual_done generation=1/8 individual=10/12 evals=22 stage2_unique_prices=1020 best_score=0 best_price=3.264387,4.14808 elapsed_sec=5695.73
[GA] phase=individual_start generation=1/8 individual=11/12 evals=23 stage2_unique_prices=1020 best_score=0 best_price=3.264387,4.14808 elapsed_sec=5695.73
[GA] phase=stage2_start generation=1/8 individual=11/12 evals=23 stage2_unique_prices=1020 best_score=0 best_price=3.264387,4.14808 elapsed_sec=5695.73
[GA] phase=stage2_done generation=1/8 individual=11/12 evals=23 stage2_unique_prices=1021 best_score=0 best_price=3.264387,4.14808 elapsed_sec=5700.08
[GA] phase=objective_start generation=1/8 individual=11/12 evals=23 stage2_unique_prices=1021 best_score=0 best_price=3.264387,4.14808 elapsed_sec=5700.08
[GA] phase=individual_done generation=1/8 individual=11/12 evals=23 stage2_unique_prices=1071 best_score=0 best_price=3.264387,4.14808 elapsed_sec=5956.38
[GA] phase=individual_start generation=1/8 individual=12/12 evals=24 stage2_unique_prices=1071 best_score=0 best_price=3.264387,4.14808 elapsed_sec=5956.38
[GA] phase=stage2_start generation=1/8 individual=12/12 evals=24 stage2_unique_prices=1071 best_score=0 best_price=3.264387,4.14808 elapsed_sec=5956.38
[GA] phase=stage2_done generation=1/8 individual=12/12 evals=24 stage2_unique_prices=1072 best_score=0 best_price=3.264387,4.14808 elapsed_sec=5959.77
[GA] phase=objective_start generation=1/8 individual=12/12 evals=24 stage2_unique_prices=1072 best_score=0 best_price=3.264387,4.14808 elapsed_sec=5959.77
[GA] phase=individual_done generation=1/8 individual=12/12 evals=24 stage2_unique_prices=1122 best_score=0 best_price=3.264387,4.14808 elapsed_sec=6201.35
[GA] phase=population_done generation=1/8 evals=24 stage2_unique_prices=1122 best_score=0 best_price=3.264387,4.14808 elapsed_sec=6201.35
[GA] phase=population_start generation=2/8 evals=24 stage2_unique_prices=1122 best_score=0 best_price=3.264387,4.14808 elapsed_sec=6201.35
[GA] phase=individual_start generation=2/8 individual=1/12 evals=25 stage2_unique_prices=1122 best_score=0 best_price=3.264387,4.14808 elapsed_sec=6201.35
[GA] phase=stage2_cache_hit generation=2/8 individual=1/12 evals=25 stage2_unique_prices=1122 best_score=0 best_price=3.264387,4.14808 elapsed_sec=6201.35
[GA] phase=objective_start generation=2/8 individual=1/12 evals=25 stage2_unique_prices=1122 best_score=0 best_price=3.264387,4.14808 elapsed_sec=6201.35
[GA] phase=individual_done generation=2/8 individual=1/12 evals=25 stage2_unique_prices=1122 best_score=0 best_price=3.264387,4.14808 elapsed_sec=6201.35
[GA] phase=individual_start generation=2/8 individual=2/12 evals=26 stage2_unique_prices=1122 best_score=0 best_price=3.264387,4.14808 elapsed_sec=6201.35
[GA] phase=stage2_cache_hit generation=2/8 individual=2/12 evals=26 stage2_unique_prices=1122 best_score=0 best_price=3.264387,4.14808 elapsed_sec=6201.35
[GA] phase=objective_start generation=2/8 individual=2/12 evals=26 stage2_unique_prices=1122 best_score=0 best_price=3.264387,4.14808 elapsed_sec=6201.35
[GA] phase=individual_done generation=2/8 individual=2/12 evals=26 stage2_unique_prices=1122 best_score=0 best_price=3.264387,4.14808 elapsed_sec=6201.35
[GA] phase=individual_start generation=2/8 individual=3/12 evals=27 stage2_unique_prices=1122 best_score=0 best_price=3.264387,4.14808 elapsed_sec=6201.35
[GA] phase=stage2_start generation=2/8 individual=3/12 evals=27 stage2_unique_prices=1122 best_score=0 best_price=3.264387,4.14808 elapsed_sec=6201.35
[GA] phase=stage2_done generation=2/8 individual=3/12 evals=27 stage2_unique_prices=1123 best_score=0 best_price=3.264387,4.14808 elapsed_sec=6206.94
[GA] phase=objective_start generation=2/8 individual=3/12 evals=27 stage2_unique_prices=1123 best_score=0 best_price=3.264387,4.14808 elapsed_sec=6206.94
[GA] phase=individual_done generation=2/8 individual=3/12 evals=27 stage2_unique_prices=1173 best_score=0 best_price=3.264387,4.14808 elapsed_sec=6472.27
[GA] phase=individual_start generation=2/8 individual=4/12 evals=28 stage2_unique_prices=1173 best_score=0 best_price=3.264387,4.14808 elapsed_sec=6472.27
[GA] phase=stage2_start generation=2/8 individual=4/12 evals=28 stage2_unique_prices=1173 best_score=0 best_price=3.264387,4.14808 elapsed_sec=6472.27
[GA] phase=stage2_done generation=2/8 individual=4/12 evals=28 stage2_unique_prices=1174 best_score=0 best_price=3.264387,4.14808 elapsed_sec=6478.14
[GA] phase=objective_start generation=2/8 individual=4/12 evals=28 stage2_unique_prices=1174 best_score=0 best_price=3.264387,4.14808 elapsed_sec=6478.14
[GA] phase=individual_done generation=2/8 individual=4/12 evals=28 stage2_unique_prices=1224 best_score=0 best_price=3.264387,4.14808 elapsed_sec=6753.37
[GA] phase=individual_start generation=2/8 individual=5/12 evals=29 stage2_unique_prices=1224 best_score=0 best_price=3.264387,4.14808 elapsed_sec=6753.37
[GA] phase=stage2_start generation=2/8 individual=5/12 evals=29 stage2_unique_prices=1224 best_score=0 best_price=3.264387,4.14808 elapsed_sec=6753.37
[GA] phase=stage2_done generation=2/8 individual=5/12 evals=29 stage2_unique_prices=1225 best_score=0 best_price=3.264387,4.14808 elapsed_sec=6758.03
[GA] phase=objective_start generation=2/8 individual=5/12 evals=29 stage2_unique_prices=1225 best_score=0 best_price=3.264387,4.14808 elapsed_sec=6758.03
[GA] phase=individual_done generation=2/8 individual=5/12 evals=29 stage2_unique_prices=1275 best_score=0 best_price=3.264387,4.14808 elapsed_sec=7016.18
[GA] phase=individual_start generation=2/8 individual=6/12 evals=30 stage2_unique_prices=1275 best_score=0 best_price=3.264387,4.14808 elapsed_sec=7016.18
[GA] phase=stage2_start generation=2/8 individual=6/12 evals=30 stage2_unique_prices=1275 best_score=0 best_price=3.264387,4.14808 elapsed_sec=7016.18
[GA] phase=stage2_done generation=2/8 individual=6/12 evals=30 stage2_unique_prices=1276 best_score=0 best_price=3.264387,4.14808 elapsed_sec=7021.44
[GA] phase=objective_start generation=2/8 individual=6/12 evals=30 stage2_unique_prices=1276 best_score=0 best_price=3.264387,4.14808 elapsed_sec=7021.44
[GA] phase=individual_done generation=2/8 individual=6/12 evals=30 stage2_unique_prices=1326 best_score=0 best_price=3.264387,4.14808 elapsed_sec=7286.84
[GA] phase=individual_start generation=2/8 individual=7/12 evals=31 stage2_unique_prices=1326 best_score=0 best_price=3.264387,4.14808 elapsed_sec=7286.84
[GA] phase=stage2_start generation=2/8 individual=7/12 evals=31 stage2_unique_prices=1326 best_score=0 best_price=3.264387,4.14808 elapsed_sec=7286.84
[GA] phase=stage2_done generation=2/8 individual=7/12 evals=31 stage2_unique_prices=1327 best_score=0 best_price=3.264387,4.14808 elapsed_sec=7292.41
[GA] phase=objective_start generation=2/8 individual=7/12 evals=31 stage2_unique_prices=1327 best_score=0 best_price=3.264387,4.14808 elapsed_sec=7292.41
[GA] phase=individual_done generation=2/8 individual=7/12 evals=31 stage2_unique_prices=1352 best_score=0 best_price=3.264387,4.14808 elapsed_sec=7423.73
[GA] phase=individual_start generation=2/8 individual=8/12 evals=32 stage2_unique_prices=1352 best_score=0 best_price=3.264387,4.14808 elapsed_sec=7423.73
[GA] phase=stage2_cache_hit generation=2/8 individual=8/12 evals=32 stage2_unique_prices=1352 best_score=0 best_price=3.264387,4.14808 elapsed_sec=7423.73
[GA] phase=objective_start generation=2/8 individual=8/12 evals=32 stage2_unique_prices=1352 best_score=0 best_price=3.264387,4.14808 elapsed_sec=7423.73
[GA] phase=individual_done generation=2/8 individual=8/12 evals=32 stage2_unique_prices=1352 best_score=0 best_price=3.264387,4.14808 elapsed_sec=7423.73
[GA] phase=individual_start generation=2/8 individual=9/12 evals=33 stage2_unique_prices=1352 best_score=0 best_price=3.264387,4.14808 elapsed_sec=7423.73
[GA] phase=stage2_start generation=2/8 individual=9/12 evals=33 stage2_unique_prices=1352 best_score=0 best_price=3.264387,4.14808 elapsed_sec=7423.73
[GA] phase=stage2_done generation=2/8 individual=9/12 evals=33 stage2_unique_prices=1353 best_score=0 best_price=3.264387,4.14808 elapsed_sec=7429.34
[GA] phase=objective_start generation=2/8 individual=9/12 evals=33 stage2_unique_prices=1353 best_score=0 best_price=3.264387,4.14808 elapsed_sec=7429.34
[GA] phase=individual_done generation=2/8 individual=9/12 evals=33 stage2_unique_prices=1403 best_score=0 best_price=3.264387,4.14808 elapsed_sec=7702.92
[GA] phase=individual_start generation=2/8 individual=10/12 evals=34 stage2_unique_prices=1403 best_score=0 best_price=3.264387,4.14808 elapsed_sec=7702.92
[GA] phase=stage2_start generation=2/8 individual=10/12 evals=34 stage2_unique_prices=1403 best_score=0 best_price=3.264387,4.14808 elapsed_sec=7702.92
[GA] phase=stage2_done generation=2/8 individual=10/12 evals=34 stage2_unique_prices=1404 best_score=0 best_price=3.264387,4.14808 elapsed_sec=7708.52
[GA] phase=objective_start generation=2/8 individual=10/12 evals=34 stage2_unique_prices=1404 best_score=0 best_price=3.264387,4.14808 elapsed_sec=7708.52
[GA] phase=individual_done generation=2/8 individual=10/12 evals=34 stage2_unique_prices=1454 best_score=0 best_price=3.264387,4.14808 elapsed_sec=7983.62
[GA] phase=individual_start generation=2/8 individual=11/12 evals=35 stage2_unique_prices=1454 best_score=0 best_price=3.264387,4.14808 elapsed_sec=7983.62
[GA] phase=stage2_start generation=2/8 individual=11/12 evals=35 stage2_unique_prices=1454 best_score=0 best_price=3.264387,4.14808 elapsed_sec=7983.62
[GA] phase=stage2_done generation=2/8 individual=11/12 evals=35 stage2_unique_prices=1455 best_score=0 best_price=3.264387,4.14808 elapsed_sec=7989.30
[GA] phase=objective_start generation=2/8 individual=11/12 evals=35 stage2_unique_prices=1455 best_score=0 best_price=3.264387,4.14808 elapsed_sec=7989.30
[GA] phase=individual_done generation=2/8 individual=11/12 evals=35 stage2_unique_prices=1505 best_score=0 best_price=3.264387,4.14808 elapsed_sec=8262.39
[GA] phase=individual_start generation=2/8 individual=12/12 evals=36 stage2_unique_prices=1505 best_score=0 best_price=3.264387,4.14808 elapsed_sec=8262.39
[GA] phase=stage2_start generation=2/8 individual=12/12 evals=36 stage2_unique_prices=1505 best_score=0 best_price=3.264387,4.14808 elapsed_sec=8262.39
[GA] phase=stage2_done generation=2/8 individual=12/12 evals=36 stage2_unique_prices=1506 best_score=0 best_price=3.264387,4.14808 elapsed_sec=8268.03
[GA] phase=objective_start generation=2/8 individual=12/12 evals=36 stage2_unique_prices=1506 best_score=0 best_price=3.264387,4.14808 elapsed_sec=8268.03
[GA] phase=individual_done generation=2/8 individual=12/12 evals=36 stage2_unique_prices=1556 best_score=0 best_price=3.264387,4.14808 elapsed_sec=8535.99
[GA] phase=population_done generation=2/8 evals=36 stage2_unique_prices=1556 best_score=0 best_price=3.264387,4.14808 elapsed_sec=8535.99
[GA] phase=population_start generation=3/8 evals=36 stage2_unique_prices=1556 best_score=0 best_price=3.264387,4.14808 elapsed_sec=8535.99
[GA] phase=individual_start generation=3/8 individual=1/12 evals=37 stage2_unique_prices=1556 best_score=0 best_price=3.264387,4.14808 elapsed_sec=8535.99
[GA] phase=stage2_cache_hit generation=3/8 individual=1/12 evals=37 stage2_unique_prices=1556 best_score=0 best_price=3.264387,4.14808 elapsed_sec=8535.99
[GA] phase=objective_start generation=3/8 individual=1/12 evals=37 stage2_unique_prices=1556 best_score=0 best_price=3.264387,4.14808 elapsed_sec=8535.99
[GA] phase=individual_done generation=3/8 individual=1/12 evals=37 stage2_unique_prices=1556 best_score=0 best_price=3.264387,4.14808 elapsed_sec=8535.99
[GA] phase=individual_start generation=3/8 individual=2/12 evals=38 stage2_unique_prices=1556 best_score=0 best_price=3.264387,4.14808 elapsed_sec=8535.99
[GA] phase=stage2_cache_hit generation=3/8 individual=2/12 evals=38 stage2_unique_prices=1556 best_score=0 best_price=3.264387,4.14808 elapsed_sec=8535.99
[GA] phase=objective_start generation=3/8 individual=2/12 evals=38 stage2_unique_prices=1556 best_score=0 best_price=3.264387,4.14808 elapsed_sec=8535.99
[GA] phase=individual_done generation=3/8 individual=2/12 evals=38 stage2_unique_prices=1556 best_score=0 best_price=3.264387,4.14808 elapsed_sec=8535.99
[GA] phase=individual_start generation=3/8 individual=3/12 evals=39 stage2_unique_prices=1556 best_score=0 best_price=3.264387,4.14808 elapsed_sec=8535.99
[GA] phase=stage2_start generation=3/8 individual=3/12 evals=39 stage2_unique_prices=1556 best_score=0 best_price=3.264387,4.14808 elapsed_sec=8535.99
[GA] phase=stage2_done generation=3/8 individual=3/12 evals=39 stage2_unique_prices=1557 best_score=0 best_price=3.264387,4.14808 elapsed_sec=8541.61
[GA] phase=objective_start generation=3/8 individual=3/12 evals=39 stage2_unique_prices=1557 best_score=0 best_price=3.264387,4.14808 elapsed_sec=8541.61
[GA] phase=individual_done generation=3/8 individual=3/12 evals=39 stage2_unique_prices=1582 best_score=0 best_price=3.264387,4.14808 elapsed_sec=8676.08
[GA] phase=individual_start generation=3/8 individual=4/12 evals=40 stage2_unique_prices=1582 best_score=0 best_price=3.264387,4.14808 elapsed_sec=8676.08
[GA] phase=stage2_cache_hit generation=3/8 individual=4/12 evals=40 stage2_unique_prices=1582 best_score=0 best_price=3.264387,4.14808 elapsed_sec=8676.08
[GA] phase=objective_start generation=3/8 individual=4/12 evals=40 stage2_unique_prices=1582 best_score=0 best_price=3.264387,4.14808 elapsed_sec=8676.08
[GA] phase=individual_done generation=3/8 individual=4/12 evals=40 stage2_unique_prices=1582 best_score=0 best_price=3.264387,4.14808 elapsed_sec=8676.08
[GA] phase=individual_start generation=3/8 individual=5/12 evals=41 stage2_unique_prices=1582 best_score=0 best_price=3.264387,4.14808 elapsed_sec=8676.08
[GA] phase=stage2_start generation=3/8 individual=5/12 evals=41 stage2_unique_prices=1582 best_score=0 best_price=3.264387,4.14808 elapsed_sec=8676.08
[GA] phase=stage2_done generation=3/8 individual=5/12 evals=41 stage2_unique_prices=1583 best_score=0 best_price=3.264387,4.14808 elapsed_sec=8679.87
[GA] phase=objective_start generation=3/8 individual=5/12 evals=41 stage2_unique_prices=1583 best_score=0 best_price=3.264387,4.14808 elapsed_sec=8679.87
[GA] phase=individual_done generation=3/8 individual=5/12 evals=41 stage2_unique_prices=1633 best_score=0 best_price=3.264387,4.14808 elapsed_sec=8937.71
[GA] phase=individual_start generation=3/8 individual=6/12 evals=42 stage2_unique_prices=1633 best_score=0 best_price=3.264387,4.14808 elapsed_sec=8937.71
[GA] phase=stage2_start generation=3/8 individual=6/12 evals=42 stage2_unique_prices=1633 best_score=0 best_price=3.264387,4.14808 elapsed_sec=8937.71
[GA] phase=stage2_done generation=3/8 individual=6/12 evals=42 stage2_unique_prices=1634 best_score=0 best_price=3.264387,4.14808 elapsed_sec=8943.36
[GA] phase=objective_start generation=3/8 individual=6/12 evals=42 stage2_unique_prices=1634 best_score=0 best_price=3.264387,4.14808 elapsed_sec=8943.36
[GA] phase=individual_done generation=3/8 individual=6/12 evals=42 stage2_unique_prices=1684 best_score=0 best_price=3.264387,4.14808 elapsed_sec=9211.55
[GA] phase=individual_start generation=3/8 individual=7/12 evals=43 stage2_unique_prices=1684 best_score=0 best_price=3.264387,4.14808 elapsed_sec=9211.55
[GA] phase=stage2_start generation=3/8 individual=7/12 evals=43 stage2_unique_prices=1684 best_score=0 best_price=3.264387,4.14808 elapsed_sec=9211.55
[GA] phase=stage2_done generation=3/8 individual=7/12 evals=43 stage2_unique_prices=1685 best_score=0 best_price=3.264387,4.14808 elapsed_sec=9217.19
[GA] phase=objective_start generation=3/8 individual=7/12 evals=43 stage2_unique_prices=1685 best_score=0 best_price=3.264387,4.14808 elapsed_sec=9217.19
[GA] phase=individual_done generation=3/8 individual=7/12 evals=43 stage2_unique_prices=1735 best_score=0 best_price=3.264387,4.14808 elapsed_sec=9488.18
[GA] phase=individual_start generation=3/8 individual=8/12 evals=44 stage2_unique_prices=1735 best_score=0 best_price=3.264387,4.14808 elapsed_sec=9488.18
[GA] phase=stage2_start generation=3/8 individual=8/12 evals=44 stage2_unique_prices=1735 best_score=0 best_price=3.264387,4.14808 elapsed_sec=9488.18
[GA] phase=stage2_done generation=3/8 individual=8/12 evals=44 stage2_unique_prices=1736 best_score=0 best_price=3.264387,4.14808 elapsed_sec=9493.83
[GA] phase=objective_start generation=3/8 individual=8/12 evals=44 stage2_unique_prices=1736 best_score=0 best_price=3.264387,4.14808 elapsed_sec=9493.83
[GA] phase=individual_done generation=3/8 individual=8/12 evals=44 stage2_unique_prices=1786 best_score=0 best_price=3.264387,4.14808 elapsed_sec=9761.85
[GA] phase=individual_start generation=3/8 individual=9/12 evals=45 stage2_unique_prices=1786 best_score=0 best_price=3.264387,4.14808 elapsed_sec=9761.85
[GA] phase=stage2_start generation=3/8 individual=9/12 evals=45 stage2_unique_prices=1786 best_score=0 best_price=3.264387,4.14808 elapsed_sec=9761.85
[GA] phase=stage2_done generation=3/8 individual=9/12 evals=45 stage2_unique_prices=1787 best_score=0 best_price=3.264387,4.14808 elapsed_sec=9767.49
[GA] phase=objective_start generation=3/8 individual=9/12 evals=45 stage2_unique_prices=1787 best_score=0 best_price=3.264387,4.14808 elapsed_sec=9767.49
[GA] phase=individual_done generation=3/8 individual=9/12 evals=45 stage2_unique_prices=1837 best_score=0 best_price=3.264387,4.14808 elapsed_sec=10037.56
[GA] phase=individual_start generation=3/8 individual=10/12 evals=46 stage2_unique_prices=1837 best_score=0 best_price=3.264387,4.14808 elapsed_sec=10037.56
[GA] phase=stage2_start generation=3/8 individual=10/12 evals=46 stage2_unique_prices=1837 best_score=0 best_price=3.264387,4.14808 elapsed_sec=10037.56
[GA] phase=stage2_done generation=3/8 individual=10/12 evals=46 stage2_unique_prices=1838 best_score=0 best_price=3.264387,4.14808 elapsed_sec=10043.23
[GA] phase=objective_start generation=3/8 individual=10/12 evals=46 stage2_unique_prices=1838 best_score=0 best_price=3.264387,4.14808 elapsed_sec=10043.23
[GA] phase=individual_done generation=3/8 individual=10/12 evals=46 stage2_unique_prices=1888 best_score=0 best_price=3.264387,4.14808 elapsed_sec=10311.02
[GA] phase=individual_start generation=3/8 individual=11/12 evals=47 stage2_unique_prices=1888 best_score=0 best_price=3.264387,4.14808 elapsed_sec=10311.02
[GA] phase=stage2_start generation=3/8 individual=11/12 evals=47 stage2_unique_prices=1888 best_score=0 best_price=3.264387,4.14808 elapsed_sec=10311.02
[GA] phase=stage2_done generation=3/8 individual=11/12 evals=47 stage2_unique_prices=1889 best_score=0 best_price=3.264387,4.14808 elapsed_sec=10314.78
[GA] phase=objective_start generation=3/8 individual=11/12 evals=47 stage2_unique_prices=1889 best_score=0 best_price=3.264387,4.14808 elapsed_sec=10314.78
[GA] phase=individual_done generation=3/8 individual=11/12 evals=47 stage2_unique_prices=1914 best_score=0 best_price=3.264387,4.14808 elapsed_sec=10438.69
[GA] phase=individual_start generation=3/8 individual=12/12 evals=48 stage2_unique_prices=1914 best_score=0 best_price=3.264387,4.14808 elapsed_sec=10438.69
[GA] phase=stage2_start generation=3/8 individual=12/12 evals=48 stage2_unique_prices=1914 best_score=0 best_price=3.264387,4.14808 elapsed_sec=10438.69
[GA] phase=stage2_done generation=3/8 individual=12/12 evals=48 stage2_unique_prices=1915 best_score=0 best_price=3.264387,4.14808 elapsed_sec=10442.77
[GA] phase=objective_start generation=3/8 individual=12/12 evals=48 stage2_unique_prices=1915 best_score=0 best_price=3.264387,4.14808 elapsed_sec=10442.77
[GA] phase=individual_done generation=3/8 individual=12/12 evals=48 stage2_unique_prices=1965 best_score=0 best_price=3.264387,4.14808 elapsed_sec=10699.64
[GA] phase=population_done generation=3/8 evals=48 stage2_unique_prices=1965 best_score=0 best_price=3.264387,4.14808 elapsed_sec=10699.64
[GA] phase=population_start generation=4/8 evals=48 stage2_unique_prices=1965 best_score=0 best_price=3.264387,4.14808 elapsed_sec=10699.64
[GA] phase=individual_start generation=4/8 individual=1/12 evals=49 stage2_unique_prices=1965 best_score=0 best_price=3.264387,4.14808 elapsed_sec=10699.64
[GA] phase=stage2_cache_hit generation=4/8 individual=1/12 evals=49 stage2_unique_prices=1965 best_score=0 best_price=3.264387,4.14808 elapsed_sec=10699.64
[GA] phase=objective_start generation=4/8 individual=1/12 evals=49 stage2_unique_prices=1965 best_score=0 best_price=3.264387,4.14808 elapsed_sec=10699.64
[GA] phase=individual_done generation=4/8 individual=1/12 evals=49 stage2_unique_prices=1965 best_score=0 best_price=3.264387,4.14808 elapsed_sec=10699.64
[GA] phase=individual_start generation=4/8 individual=2/12 evals=50 stage2_unique_prices=1965 best_score=0 best_price=3.264387,4.14808 elapsed_sec=10699.64
[GA] phase=stage2_cache_hit generation=4/8 individual=2/12 evals=50 stage2_unique_prices=1965 best_score=0 best_price=3.264387,4.14808 elapsed_sec=10699.64
[GA] phase=objective_start generation=4/8 individual=2/12 evals=50 stage2_unique_prices=1965 best_score=0 best_price=3.264387,4.14808 elapsed_sec=10699.64
[GA] phase=individual_done generation=4/8 individual=2/12 evals=50 stage2_unique_prices=1965 best_score=0 best_price=3.264387,4.14808 elapsed_sec=10699.64
[GA] phase=individual_start generation=4/8 individual=3/12 evals=51 stage2_unique_prices=1965 best_score=0 best_price=3.264387,4.14808 elapsed_sec=10699.64
[GA] phase=stage2_cache_hit generation=4/8 individual=3/12 evals=51 stage2_unique_prices=1965 best_score=0 best_price=3.264387,4.14808 elapsed_sec=10699.64
[GA] phase=objective_start generation=4/8 individual=3/12 evals=51 stage2_unique_prices=1965 best_score=0 best_price=3.264387,4.14808 elapsed_sec=10699.64
[GA] phase=individual_done generation=4/8 individual=3/12 evals=51 stage2_unique_prices=1965 best_score=0 best_price=3.264387,4.14808 elapsed_sec=10699.64
[GA] phase=individual_start generation=4/8 individual=4/12 evals=52 stage2_unique_prices=1965 best_score=0 best_price=3.264387,4.14808 elapsed_sec=10699.64
[GA] phase=stage2_cache_hit generation=4/8 individual=4/12 evals=52 stage2_unique_prices=1965 best_score=0 best_price=3.264387,4.14808 elapsed_sec=10699.64
[GA] phase=objective_start generation=4/8 individual=4/12 evals=52 stage2_unique_prices=1965 best_score=0 best_price=3.264387,4.14808 elapsed_sec=10699.64
[GA] phase=individual_done generation=4/8 individual=4/12 evals=52 stage2_unique_prices=1965 best_score=0 best_price=3.264387,4.14808 elapsed_sec=10699.64
[GA] phase=individual_start generation=4/8 individual=5/12 evals=53 stage2_unique_prices=1965 best_score=0 best_price=3.264387,4.14808 elapsed_sec=10699.64
[GA] phase=stage2_cache_hit generation=4/8 individual=5/12 evals=53 stage2_unique_prices=1965 best_score=0 best_price=3.264387,4.14808 elapsed_sec=10699.64
[GA] phase=objective_start generation=4/8 individual=5/12 evals=53 stage2_unique_prices=1965 best_score=0 best_price=3.264387,4.14808 elapsed_sec=10699.64
[GA] phase=individual_done generation=4/8 individual=5/12 evals=53 stage2_unique_prices=1965 best_score=0 best_price=3.264387,4.14808 elapsed_sec=10699.64
[GA] phase=individual_start generation=4/8 individual=6/12 evals=54 stage2_unique_prices=1965 best_score=0 best_price=3.264387,4.14808 elapsed_sec=10699.64
[GA] phase=stage2_cache_hit generation=4/8 individual=6/12 evals=54 stage2_unique_prices=1965 best_score=0 best_price=3.264387,4.14808 elapsed_sec=10699.64
[GA] phase=objective_start generation=4/8 individual=6/12 evals=54 stage2_unique_prices=1965 best_score=0 best_price=3.264387,4.14808 elapsed_sec=10699.64
[GA] phase=individual_done generation=4/8 individual=6/12 evals=54 stage2_unique_prices=1965 best_score=0 best_price=3.264387,4.14808 elapsed_sec=10699.64
[GA] phase=individual_start generation=4/8 individual=7/12 evals=55 stage2_unique_prices=1965 best_score=0 best_price=3.264387,4.14808 elapsed_sec=10699.64
[GA] phase=stage2_cache_hit generation=4/8 individual=7/12 evals=55 stage2_unique_prices=1965 best_score=0 best_price=3.264387,4.14808 elapsed_sec=10699.64
[GA] phase=objective_start generation=4/8 individual=7/12 evals=55 stage2_unique_prices=1965 best_score=0 best_price=3.264387,4.14808 elapsed_sec=10699.64
[GA] phase=individual_done generation=4/8 individual=7/12 evals=55 stage2_unique_prices=1965 best_score=0 best_price=3.264387,4.14808 elapsed_sec=10699.64
[GA] phase=individual_start generation=4/8 individual=8/12 evals=56 stage2_unique_prices=1965 best_score=0 best_price=3.264387,4.14808 elapsed_sec=10699.64
[GA] phase=stage2_start generation=4/8 individual=8/12 evals=56 stage2_unique_prices=1965 best_score=0 best_price=3.264387,4.14808 elapsed_sec=10699.64
[GA] phase=stage2_done generation=4/8 individual=8/12 evals=56 stage2_unique_prices=1966 best_score=0 best_price=3.264387,4.14808 elapsed_sec=10705.28
[GA] phase=objective_start generation=4/8 individual=8/12 evals=56 stage2_unique_prices=1966 best_score=0 best_price=3.264387,4.14808 elapsed_sec=10705.28
[GA] phase=individual_done generation=4/8 individual=8/12 evals=56 stage2_unique_prices=1991 best_score=0 best_price=3.264387,4.14808 elapsed_sec=10839.49
[GA] phase=individual_start generation=4/8 individual=9/12 evals=57 stage2_unique_prices=1991 best_score=0 best_price=3.264387,4.14808 elapsed_sec=10839.49
[GA] phase=stage2_start generation=4/8 individual=9/12 evals=57 stage2_unique_prices=1991 best_score=0 best_price=3.264387,4.14808 elapsed_sec=10839.49
[GA] phase=stage2_done generation=4/8 individual=9/12 evals=57 stage2_unique_prices=1992 best_score=0 best_price=3.264387,4.14808 elapsed_sec=10844.50
[GA] phase=objective_start generation=4/8 individual=9/12 evals=57 stage2_unique_prices=1992 best_score=0 best_price=3.264387,4.14808 elapsed_sec=10844.50
[GA] phase=individual_done generation=4/8 individual=9/12 evals=57 stage2_unique_prices=2042 best_score=0 best_price=3.264387,4.14808 elapsed_sec=11108.30
[GA] phase=individual_start generation=4/8 individual=10/12 evals=58 stage2_unique_prices=2042 best_score=0 best_price=3.264387,4.14808 elapsed_sec=11108.30
[GA] phase=stage2_start generation=4/8 individual=10/12 evals=58 stage2_unique_prices=2042 best_score=0 best_price=3.264387,4.14808 elapsed_sec=11108.30
[GA] phase=stage2_done generation=4/8 individual=10/12 evals=58 stage2_unique_prices=2043 best_score=0 best_price=3.264387,4.14808 elapsed_sec=11114.12
[GA] phase=objective_start generation=4/8 individual=10/12 evals=58 stage2_unique_prices=2043 best_score=0 best_price=3.264387,4.14808 elapsed_sec=11114.13
[GA] phase=individual_done generation=4/8 individual=10/12 evals=58 stage2_unique_prices=2068 best_score=0 best_price=3.264387,4.14808 elapsed_sec=11245.85
[GA] phase=individual_start generation=4/8 individual=11/12 evals=59 stage2_unique_prices=2068 best_score=0 best_price=3.264387,4.14808 elapsed_sec=11245.85
[GA] phase=stage2_cache_hit generation=4/8 individual=11/12 evals=59 stage2_unique_prices=2068 best_score=0 best_price=3.264387,4.14808 elapsed_sec=11245.85
[GA] phase=objective_start generation=4/8 individual=11/12 evals=59 stage2_unique_prices=2068 best_score=0 best_price=3.264387,4.14808 elapsed_sec=11245.85
[GA] phase=individual_done generation=4/8 individual=11/12 evals=59 stage2_unique_prices=2068 best_score=0 best_price=3.264387,4.14808 elapsed_sec=11245.85
[GA] phase=individual_start generation=4/8 individual=12/12 evals=60 stage2_unique_prices=2068 best_score=0 best_price=3.264387,4.14808 elapsed_sec=11245.85
[GA] phase=stage2_start generation=4/8 individual=12/12 evals=60 stage2_unique_prices=2068 best_score=0 best_price=3.264387,4.14808 elapsed_sec=11245.85
[GA] phase=stage2_done generation=4/8 individual=12/12 evals=60 stage2_unique_prices=2069 best_score=0 best_price=3.264387,4.14808 elapsed_sec=11251.77
[GA] phase=objective_start generation=4/8 individual=12/12 evals=60 stage2_unique_prices=2069 best_score=0 best_price=3.264387,4.14808 elapsed_sec=11251.77
[GA] phase=individual_done generation=4/8 individual=12/12 evals=60 stage2_unique_prices=2094 best_score=0 best_price=3.264387,4.14808 elapsed_sec=11402.12
[GA] phase=population_done generation=4/8 evals=60 stage2_unique_prices=2094 best_score=0 best_price=3.264387,4.14808 elapsed_sec=11402.12
[GA] phase=population_start generation=5/8 evals=60 stage2_unique_prices=2094 best_score=0 best_price=3.264387,4.14808 elapsed_sec=11402.12
[GA] phase=individual_start generation=5/8 individual=1/12 evals=61 stage2_unique_prices=2094 best_score=0 best_price=3.264387,4.14808 elapsed_sec=11402.12
[GA] phase=stage2_cache_hit generation=5/8 individual=1/12 evals=61 stage2_unique_prices=2094 best_score=0 best_price=3.264387,4.14808 elapsed_sec=11402.12
[GA] phase=objective_start generation=5/8 individual=1/12 evals=61 stage2_unique_prices=2094 best_score=0 best_price=3.264387,4.14808 elapsed_sec=11402.12
[GA] phase=individual_done generation=5/8 individual=1/12 evals=61 stage2_unique_prices=2094 best_score=0 best_price=3.264387,4.14808 elapsed_sec=11402.12
[GA] phase=individual_start generation=5/8 individual=2/12 evals=62 stage2_unique_prices=2094 best_score=0 best_price=3.264387,4.14808 elapsed_sec=11402.12
[GA] phase=stage2_cache_hit generation=5/8 individual=2/12 evals=62 stage2_unique_prices=2094 best_score=0 best_price=3.264387,4.14808 elapsed_sec=11402.12
[GA] phase=objective_start generation=5/8 individual=2/12 evals=62 stage2_unique_prices=2094 best_score=0 best_price=3.264387,4.14808 elapsed_sec=11402.12
[GA] phase=individual_done generation=5/8 individual=2/12 evals=62 stage2_unique_prices=2094 best_score=0 best_price=3.264387,4.14808 elapsed_sec=11402.12
[GA] phase=individual_start generation=5/8 individual=3/12 evals=63 stage2_unique_prices=2094 best_score=0 best_price=3.264387,4.14808 elapsed_sec=11402.12
[GA] phase=stage2_cache_hit generation=5/8 individual=3/12 evals=63 stage2_unique_prices=2094 best_score=0 best_price=3.264387,4.14808 elapsed_sec=11402.12
[GA] phase=objective_start generation=5/8 individual=3/12 evals=63 stage2_unique_prices=2094 best_score=0 best_price=3.264387,4.14808 elapsed_sec=11402.12
[GA] phase=individual_done generation=5/8 individual=3/12 evals=63 stage2_unique_prices=2094 best_score=0 best_price=3.264387,4.14808 elapsed_sec=11402.12
[GA] phase=individual_start generation=5/8 individual=4/12 evals=64 stage2_unique_prices=2094 best_score=0 best_price=3.264387,4.14808 elapsed_sec=11402.12
[GA] phase=stage2_cache_hit generation=5/8 individual=4/12 evals=64 stage2_unique_prices=2094 best_score=0 best_price=3.264387,4.14808 elapsed_sec=11402.12
[GA] phase=objective_start generation=5/8 individual=4/12 evals=64 stage2_unique_prices=2094 best_score=0 best_price=3.264387,4.14808 elapsed_sec=11402.12
[GA] phase=individual_done generation=5/8 individual=4/12 evals=64 stage2_unique_prices=2094 best_score=0 best_price=3.264387,4.14808 elapsed_sec=11402.12
[GA] phase=individual_start generation=5/8 individual=5/12 evals=65 stage2_unique_prices=2094 best_score=0 best_price=3.264387,4.14808 elapsed_sec=11402.12
[GA] phase=stage2_start generation=5/8 individual=5/12 evals=65 stage2_unique_prices=2094 best_score=0 best_price=3.264387,4.14808 elapsed_sec=11402.12
[GA] phase=stage2_done generation=5/8 individual=5/12 evals=65 stage2_unique_prices=2095 best_score=0 best_price=3.264387,4.14808 elapsed_sec=11406.85
[GA] phase=objective_start generation=5/8 individual=5/12 evals=65 stage2_unique_prices=2095 best_score=0 best_price=3.264387,4.14808 elapsed_sec=11406.85
[GA] phase=individual_done generation=5/8 individual=5/12 evals=65 stage2_unique_prices=2120 best_score=0 best_price=3.264387,4.14808 elapsed_sec=11536.77
[GA] phase=individual_start generation=5/8 individual=6/12 evals=66 stage2_unique_prices=2120 best_score=0 best_price=3.264387,4.14808 elapsed_sec=11536.77
[GA] phase=stage2_start generation=5/8 individual=6/12 evals=66 stage2_unique_prices=2120 best_score=0 best_price=3.264387,4.14808 elapsed_sec=11536.77
[GA] phase=stage2_done generation=5/8 individual=6/12 evals=66 stage2_unique_prices=2121 best_score=0 best_price=3.264387,4.14808 elapsed_sec=11542.11
[GA] phase=objective_start generation=5/8 individual=6/12 evals=66 stage2_unique_prices=2121 best_score=0 best_price=3.264387,4.14808 elapsed_sec=11542.11
[GA] phase=individual_done generation=5/8 individual=6/12 evals=66 stage2_unique_prices=2171 best_score=0 best_price=3.264387,4.14808 elapsed_sec=11805.44
[GA] phase=individual_start generation=5/8 individual=7/12 evals=67 stage2_unique_prices=2171 best_score=0 best_price=3.264387,4.14808 elapsed_sec=11805.45
[GA] phase=stage2_start generation=5/8 individual=7/12 evals=67 stage2_unique_prices=2171 best_score=0 best_price=3.264387,4.14808 elapsed_sec=11805.45
[GA] phase=stage2_done generation=5/8 individual=7/12 evals=67 stage2_unique_prices=2172 best_score=0 best_price=3.264387,4.14808 elapsed_sec=11811.08
[GA] phase=objective_start generation=5/8 individual=7/12 evals=67 stage2_unique_prices=2172 best_score=0 best_price=3.264387,4.14808 elapsed_sec=11811.08
[GA] phase=individual_done generation=5/8 individual=7/12 evals=67 stage2_unique_prices=2197 best_score=0 best_price=3.264387,4.14808 elapsed_sec=11946.14
[GA] phase=individual_start generation=5/8 individual=8/12 evals=68 stage2_unique_prices=2197 best_score=0 best_price=3.264387,4.14808 elapsed_sec=11946.15
[GA] phase=stage2_start generation=5/8 individual=8/12 evals=68 stage2_unique_prices=2197 best_score=0 best_price=3.264387,4.14808 elapsed_sec=11946.15
[GA] phase=stage2_done generation=5/8 individual=8/12 evals=68 stage2_unique_prices=2198 best_score=0 best_price=3.264387,4.14808 elapsed_sec=11951.77
[GA] phase=objective_start generation=5/8 individual=8/12 evals=68 stage2_unique_prices=2198 best_score=0 best_price=3.264387,4.14808 elapsed_sec=11951.77
[GA] phase=individual_done generation=5/8 individual=8/12 evals=68 stage2_unique_prices=2223 best_score=0 best_price=3.264387,4.201326 elapsed_sec=12084.79
[GA] phase=individual_start generation=5/8 individual=9/12 evals=69 stage2_unique_prices=2223 best_score=0 best_price=3.264387,4.201326 elapsed_sec=12084.79
[GA] phase=stage2_start generation=5/8 individual=9/12 evals=69 stage2_unique_prices=2223 best_score=0 best_price=3.264387,4.201326 elapsed_sec=12084.79
[GA] phase=stage2_done generation=5/8 individual=9/12 evals=69 stage2_unique_prices=2224 best_score=0 best_price=3.264387,4.201326 elapsed_sec=12088.85
[GA] phase=objective_start generation=5/8 individual=9/12 evals=69 stage2_unique_prices=2224 best_score=0 best_price=3.264387,4.201326 elapsed_sec=12088.85
[GA] phase=individual_done generation=5/8 individual=9/12 evals=69 stage2_unique_prices=2249 best_score=0 best_price=3.264387,4.201326 elapsed_sec=12214.91
[GA] phase=individual_start generation=5/8 individual=10/12 evals=70 stage2_unique_prices=2249 best_score=0 best_price=3.264387,4.201326 elapsed_sec=12214.91
[GA] phase=stage2_cache_hit generation=5/8 individual=10/12 evals=70 stage2_unique_prices=2249 best_score=0 best_price=3.264387,4.201326 elapsed_sec=12214.91
[GA] phase=objective_start generation=5/8 individual=10/12 evals=70 stage2_unique_prices=2249 best_score=0 best_price=3.264387,4.201326 elapsed_sec=12214.91
[GA] phase=individual_done generation=5/8 individual=10/12 evals=70 stage2_unique_prices=2249 best_score=0 best_price=3.264387,4.201326 elapsed_sec=12214.91
[GA] phase=individual_start generation=5/8 individual=11/12 evals=71 stage2_unique_prices=2249 best_score=0 best_price=3.264387,4.201326 elapsed_sec=12214.91
[GA] phase=stage2_cache_hit generation=5/8 individual=11/12 evals=71 stage2_unique_prices=2249 best_score=0 best_price=3.264387,4.201326 elapsed_sec=12214.91
[GA] phase=objective_start generation=5/8 individual=11/12 evals=71 stage2_unique_prices=2249 best_score=0 best_price=3.264387,4.201326 elapsed_sec=12214.91
[GA] phase=individual_done generation=5/8 individual=11/12 evals=71 stage2_unique_prices=2249 best_score=0 best_price=3.264387,4.201326 elapsed_sec=12214.91
[GA] phase=individual_start generation=5/8 individual=12/12 evals=72 stage2_unique_prices=2249 best_score=0 best_price=3.264387,4.201326 elapsed_sec=12214.91
[GA] phase=stage2_cache_hit generation=5/8 individual=12/12 evals=72 stage2_unique_prices=2249 best_score=0 best_price=3.264387,4.201326 elapsed_sec=12214.91
[GA] phase=objective_start generation=5/8 individual=12/12 evals=72 stage2_unique_prices=2249 best_score=0 best_price=3.264387,4.201326 elapsed_sec=12214.91
[GA] phase=individual_done generation=5/8 individual=12/12 evals=72 stage2_unique_prices=2249 best_score=0 best_price=3.264387,4.201326 elapsed_sec=12214.91
[GA] phase=population_done generation=5/8 evals=72 stage2_unique_prices=2249 best_score=0 best_price=3.264387,4.201326 elapsed_sec=12214.91
[GA] phase=population_start generation=6/8 evals=72 stage2_unique_prices=2249 best_score=0 best_price=3.264387,4.201326 elapsed_sec=12214.91
[GA] phase=individual_start generation=6/8 individual=1/12 evals=73 stage2_unique_prices=2249 best_score=0 best_price=3.264387,4.201326 elapsed_sec=12214.91
[GA] phase=stage2_cache_hit generation=6/8 individual=1/12 evals=73 stage2_unique_prices=2249 best_score=0 best_price=3.264387,4.201326 elapsed_sec=12214.91
[GA] phase=objective_start generation=6/8 individual=1/12 evals=73 stage2_unique_prices=2249 best_score=0 best_price=3.264387,4.201326 elapsed_sec=12214.91
[GA] phase=individual_done generation=6/8 individual=1/12 evals=73 stage2_unique_prices=2249 best_score=0 best_price=3.264387,4.201326 elapsed_sec=12214.91
[GA] phase=individual_start generation=6/8 individual=2/12 evals=74 stage2_unique_prices=2249 best_score=0 best_price=3.264387,4.201326 elapsed_sec=12214.91
[GA] phase=stage2_cache_hit generation=6/8 individual=2/12 evals=74 stage2_unique_prices=2249 best_score=0 best_price=3.264387,4.201326 elapsed_sec=12214.91
[GA] phase=objective_start generation=6/8 individual=2/12 evals=74 stage2_unique_prices=2249 best_score=0 best_price=3.264387,4.201326 elapsed_sec=12214.91
[GA] phase=individual_done generation=6/8 individual=2/12 evals=74 stage2_unique_prices=2249 best_score=0 best_price=3.264387,4.201326 elapsed_sec=12214.91
[GA] phase=individual_start generation=6/8 individual=3/12 evals=75 stage2_unique_prices=2249 best_score=0 best_price=3.264387,4.201326 elapsed_sec=12214.91
[GA] phase=stage2_cache_hit generation=6/8 individual=3/12 evals=75 stage2_unique_prices=2249 best_score=0 best_price=3.264387,4.201326 elapsed_sec=12214.91
[GA] phase=objective_start generation=6/8 individual=3/12 evals=75 stage2_unique_prices=2249 best_score=0 best_price=3.264387,4.201326 elapsed_sec=12214.91
[GA] phase=individual_done generation=6/8 individual=3/12 evals=75 stage2_unique_prices=2249 best_score=0 best_price=3.264387,4.201326 elapsed_sec=12214.91
[GA] phase=individual_start generation=6/8 individual=4/12 evals=76 stage2_unique_prices=2249 best_score=0 best_price=3.264387,4.201326 elapsed_sec=12214.91
[GA] phase=stage2_cache_hit generation=6/8 individual=4/12 evals=76 stage2_unique_prices=2249 best_score=0 best_price=3.264387,4.201326 elapsed_sec=12214.91
[GA] phase=objective_start generation=6/8 individual=4/12 evals=76 stage2_unique_prices=2249 best_score=0 best_price=3.264387,4.201326 elapsed_sec=12214.91
[GA] phase=individual_done generation=6/8 individual=4/12 evals=76 stage2_unique_prices=2249 best_score=0 best_price=3.264387,4.201326 elapsed_sec=12214.91
[GA] phase=individual_start generation=6/8 individual=5/12 evals=77 stage2_unique_prices=2249 best_score=0 best_price=3.264387,4.201326 elapsed_sec=12214.91
[GA] phase=stage2_start generation=6/8 individual=5/12 evals=77 stage2_unique_prices=2249 best_score=0 best_price=3.264387,4.201326 elapsed_sec=12214.91
[GA] phase=stage2_done generation=6/8 individual=5/12 evals=77 stage2_unique_prices=2250 best_score=0 best_price=3.264387,4.201326 elapsed_sec=12220.58
[GA] phase=objective_start generation=6/8 individual=5/12 evals=77 stage2_unique_prices=2250 best_score=0 best_price=3.264387,4.201326 elapsed_sec=12220.58
[GA] phase=individual_done generation=6/8 individual=5/12 evals=77 stage2_unique_prices=2275 best_score=0 best_price=3.264387,4.201326 elapsed_sec=12354.55
[GA] phase=individual_start generation=6/8 individual=6/12 evals=78 stage2_unique_prices=2275 best_score=0 best_price=3.264387,4.201326 elapsed_sec=12354.55
[GA] phase=stage2_start generation=6/8 individual=6/12 evals=78 stage2_unique_prices=2275 best_score=0 best_price=3.264387,4.201326 elapsed_sec=12354.55
[GA] phase=stage2_done generation=6/8 individual=6/12 evals=78 stage2_unique_prices=2276 best_score=0 best_price=3.264387,4.201326 elapsed_sec=12360.14
[GA] phase=objective_start generation=6/8 individual=6/12 evals=78 stage2_unique_prices=2276 best_score=0 best_price=3.264387,4.201326 elapsed_sec=12360.14
[GA] phase=individual_done generation=6/8 individual=6/12 evals=78 stage2_unique_prices=2301 best_score=0 best_price=3.264387,4.201326 elapsed_sec=12492.34
[GA] phase=individual_start generation=6/8 individual=7/12 evals=79 stage2_unique_prices=2301 best_score=0 best_price=3.264387,4.201326 elapsed_sec=12492.34
[GA] phase=stage2_cache_hit generation=6/8 individual=7/12 evals=79 stage2_unique_prices=2301 best_score=0 best_price=3.264387,4.201326 elapsed_sec=12492.34
[GA] phase=objective_start generation=6/8 individual=7/12 evals=79 stage2_unique_prices=2301 best_score=0 best_price=3.264387,4.201326 elapsed_sec=12492.34
[GA] phase=individual_done generation=6/8 individual=7/12 evals=79 stage2_unique_prices=2301 best_score=0 best_price=3.264387,4.201326 elapsed_sec=12492.34
[GA] phase=individual_start generation=6/8 individual=8/12 evals=80 stage2_unique_prices=2301 best_score=0 best_price=3.264387,4.201326 elapsed_sec=12492.34
[GA] phase=stage2_start generation=6/8 individual=8/12 evals=80 stage2_unique_prices=2301 best_score=0 best_price=3.264387,4.201326 elapsed_sec=12492.34
[GA] phase=stage2_done generation=6/8 individual=8/12 evals=80 stage2_unique_prices=2302 best_score=0 best_price=3.264387,4.201326 elapsed_sec=12498.18
[GA] phase=objective_start generation=6/8 individual=8/12 evals=80 stage2_unique_prices=2302 best_score=0 best_price=3.264387,4.201326 elapsed_sec=12498.18
[GA] phase=individual_done generation=6/8 individual=8/12 evals=80 stage2_unique_prices=2327 best_score=0 best_price=3.264387,4.201326 elapsed_sec=12642.85
[GA] phase=individual_start generation=6/8 individual=9/12 evals=81 stage2_unique_prices=2327 best_score=0 best_price=3.264387,4.201326 elapsed_sec=12642.85
[GA] phase=stage2_cache_hit generation=6/8 individual=9/12 evals=81 stage2_unique_prices=2327 best_score=0 best_price=3.264387,4.201326 elapsed_sec=12642.85
[GA] phase=objective_start generation=6/8 individual=9/12 evals=81 stage2_unique_prices=2327 best_score=0 best_price=3.264387,4.201326 elapsed_sec=12642.85
[GA] phase=individual_done generation=6/8 individual=9/12 evals=81 stage2_unique_prices=2327 best_score=0 best_price=3.264387,4.201326 elapsed_sec=12642.85
[GA] phase=individual_start generation=6/8 individual=10/12 evals=82 stage2_unique_prices=2327 best_score=0 best_price=3.264387,4.201326 elapsed_sec=12642.85
[GA] phase=stage2_start generation=6/8 individual=10/12 evals=82 stage2_unique_prices=2327 best_score=0 best_price=3.264387,4.201326 elapsed_sec=12642.85
[GA] phase=stage2_done generation=6/8 individual=10/12 evals=82 stage2_unique_prices=2328 best_score=0 best_price=3.264387,4.201326 elapsed_sec=12646.55
[GA] phase=objective_start generation=6/8 individual=10/12 evals=82 stage2_unique_prices=2328 best_score=0 best_price=3.264387,4.201326 elapsed_sec=12646.55
[GA] phase=individual_done generation=6/8 individual=10/12 evals=82 stage2_unique_prices=2353 best_score=0 best_price=3.264387,4.201326 elapsed_sec=12755.75
[GA] phase=individual_start generation=6/8 individual=11/12 evals=83 stage2_unique_prices=2353 best_score=0 best_price=3.264387,4.201326 elapsed_sec=12755.75
[GA] phase=stage2_start generation=6/8 individual=11/12 evals=83 stage2_unique_prices=2353 best_score=0 best_price=3.264387,4.201326 elapsed_sec=12755.75
[GA] phase=stage2_done generation=6/8 individual=11/12 evals=83 stage2_unique_prices=2354 best_score=0 best_price=3.264387,4.201326 elapsed_sec=12761.27
[GA] phase=objective_start generation=6/8 individual=11/12 evals=83 stage2_unique_prices=2354 best_score=0 best_price=3.264387,4.201326 elapsed_sec=12761.27
[GA] phase=individual_done generation=6/8 individual=11/12 evals=83 stage2_unique_prices=2379 best_score=0 best_price=3.264387,4.201326 elapsed_sec=12898.07
[GA] phase=individual_start generation=6/8 individual=12/12 evals=84 stage2_unique_prices=2379 best_score=0 best_price=3.264387,4.201326 elapsed_sec=12898.07
[GA] phase=stage2_cache_hit generation=6/8 individual=12/12 evals=84 stage2_unique_prices=2379 best_score=0 best_price=3.264387,4.201326 elapsed_sec=12898.07
[GA] phase=objective_start generation=6/8 individual=12/12 evals=84 stage2_unique_prices=2379 best_score=0 best_price=3.264387,4.201326 elapsed_sec=12898.07
[GA] phase=individual_done generation=6/8 individual=12/12 evals=84 stage2_unique_prices=2379 best_score=0 best_price=3.264387,4.201326 elapsed_sec=12898.07
[GA] phase=population_done generation=6/8 evals=84 stage2_unique_prices=2379 best_score=0 best_price=3.264387,4.201326 elapsed_sec=12898.07
[GA] phase=population_start generation=7/8 evals=84 stage2_unique_prices=2379 best_score=0 best_price=3.264387,4.201326 elapsed_sec=12898.07
[GA] phase=individual_start generation=7/8 individual=1/12 evals=85 stage2_unique_prices=2379 best_score=0 best_price=3.264387,4.201326 elapsed_sec=12898.07
[GA] phase=stage2_cache_hit generation=7/8 individual=1/12 evals=85 stage2_unique_prices=2379 best_score=0 best_price=3.264387,4.201326 elapsed_sec=12898.07
[GA] phase=objective_start generation=7/8 individual=1/12 evals=85 stage2_unique_prices=2379 best_score=0 best_price=3.264387,4.201326 elapsed_sec=12898.07
[GA] phase=individual_done generation=7/8 individual=1/12 evals=85 stage2_unique_prices=2379 best_score=0 best_price=3.264387,4.201326 elapsed_sec=12898.07
[GA] phase=individual_start generation=7/8 individual=2/12 evals=86 stage2_unique_prices=2379 best_score=0 best_price=3.264387,4.201326 elapsed_sec=12898.07
[GA] phase=stage2_cache_hit generation=7/8 individual=2/12 evals=86 stage2_unique_prices=2379 best_score=0 best_price=3.264387,4.201326 elapsed_sec=12898.07
[GA] phase=objective_start generation=7/8 individual=2/12 evals=86 stage2_unique_prices=2379 best_score=0 best_price=3.264387,4.201326 elapsed_sec=12898.07
[GA] phase=individual_done generation=7/8 individual=2/12 evals=86 stage2_unique_prices=2379 best_score=0 best_price=3.264387,4.201326 elapsed_sec=12898.07
[GA] phase=individual_start generation=7/8 individual=3/12 evals=87 stage2_unique_prices=2379 best_score=0 best_price=3.264387,4.201326 elapsed_sec=12898.07
[GA] phase=stage2_cache_hit generation=7/8 individual=3/12 evals=87 stage2_unique_prices=2379 best_score=0 best_price=3.264387,4.201326 elapsed_sec=12898.07
[GA] phase=objective_start generation=7/8 individual=3/12 evals=87 stage2_unique_prices=2379 best_score=0 best_price=3.264387,4.201326 elapsed_sec=12898.07
[GA] phase=individual_done generation=7/8 individual=3/12 evals=87 stage2_unique_prices=2379 best_score=0 best_price=3.264387,4.201326 elapsed_sec=12898.07
[GA] phase=individual_start generation=7/8 individual=4/12 evals=88 stage2_unique_prices=2379 best_score=0 best_price=3.264387,4.201326 elapsed_sec=12898.07
[GA] phase=stage2_start generation=7/8 individual=4/12 evals=88 stage2_unique_prices=2379 best_score=0 best_price=3.264387,4.201326 elapsed_sec=12898.07
[GA] phase=stage2_done generation=7/8 individual=4/12 evals=88 stage2_unique_prices=2380 best_score=0 best_price=3.264387,4.201326 elapsed_sec=12903.30
[GA] phase=objective_start generation=7/8 individual=4/12 evals=88 stage2_unique_prices=2380 best_score=0 best_price=3.264387,4.201326 elapsed_sec=12903.30
[GA] phase=individual_done generation=7/8 individual=4/12 evals=88 stage2_unique_prices=2405 best_score=0 best_price=3.264387,4.201326 elapsed_sec=13034.14
[GA] phase=individual_start generation=7/8 individual=5/12 evals=89 stage2_unique_prices=2405 best_score=0 best_price=3.264387,4.201326 elapsed_sec=13034.14
[GA] phase=stage2_start generation=7/8 individual=5/12 evals=89 stage2_unique_prices=2405 best_score=0 best_price=3.264387,4.201326 elapsed_sec=13034.14
[GA] phase=stage2_done generation=7/8 individual=5/12 evals=89 stage2_unique_prices=2406 best_score=0 best_price=3.264387,4.201326 elapsed_sec=13039.67
[GA] phase=objective_start generation=7/8 individual=5/12 evals=89 stage2_unique_prices=2406 best_score=0 best_price=3.264387,4.201326 elapsed_sec=13039.67
[GA] phase=individual_done generation=7/8 individual=5/12 evals=89 stage2_unique_prices=2431 best_score=0 best_price=3.264387,4.201326 elapsed_sec=13171.15
[GA] phase=individual_start generation=7/8 individual=6/12 evals=90 stage2_unique_prices=2431 best_score=0 best_price=3.264387,4.201326 elapsed_sec=13171.15
[GA] phase=stage2_start generation=7/8 individual=6/12 evals=90 stage2_unique_prices=2431 best_score=0 best_price=3.264387,4.201326 elapsed_sec=13171.15
[GA] phase=stage2_done generation=7/8 individual=6/12 evals=90 stage2_unique_prices=2432 best_score=0 best_price=3.264387,4.201326 elapsed_sec=13176.67
[GA] phase=objective_start generation=7/8 individual=6/12 evals=90 stage2_unique_prices=2432 best_score=0 best_price=3.264387,4.201326 elapsed_sec=13176.67
[GA] phase=individual_done generation=7/8 individual=6/12 evals=90 stage2_unique_prices=2457 best_score=0 best_price=3.264387,4.201326 elapsed_sec=13310.12
[GA] phase=individual_start generation=7/8 individual=7/12 evals=91 stage2_unique_prices=2457 best_score=0 best_price=3.264387,4.201326 elapsed_sec=13310.12
[GA] phase=stage2_start generation=7/8 individual=7/12 evals=91 stage2_unique_prices=2457 best_score=0 best_price=3.264387,4.201326 elapsed_sec=13310.12
[GA] phase=stage2_done generation=7/8 individual=7/12 evals=91 stage2_unique_prices=2458 best_score=0 best_price=3.264387,4.201326 elapsed_sec=13315.63
[GA] phase=objective_start generation=7/8 individual=7/12 evals=91 stage2_unique_prices=2458 best_score=0 best_price=3.264387,4.201326 elapsed_sec=13315.63
[GA] phase=individual_done generation=7/8 individual=7/12 evals=91 stage2_unique_prices=2483 best_score=0 best_price=3.264387,4.201326 elapsed_sec=13447.00
[GA] phase=individual_start generation=7/8 individual=8/12 evals=92 stage2_unique_prices=2483 best_score=0 best_price=3.264387,4.201326 elapsed_sec=13447.00
[GA] phase=stage2_start generation=7/8 individual=8/12 evals=92 stage2_unique_prices=2483 best_score=0 best_price=3.264387,4.201326 elapsed_sec=13447.00
[GA] phase=stage2_done generation=7/8 individual=8/12 evals=92 stage2_unique_prices=2484 best_score=0 best_price=3.264387,4.201326 elapsed_sec=13451.28
[GA] phase=objective_start generation=7/8 individual=8/12 evals=92 stage2_unique_prices=2484 best_score=0 best_price=3.264387,4.201326 elapsed_sec=13451.28
[GA] phase=individual_done generation=7/8 individual=8/12 evals=92 stage2_unique_prices=2509 best_score=0 best_price=3.264387,4.201326 elapsed_sec=13600.90
[GA] phase=individual_start generation=7/8 individual=9/12 evals=93 stage2_unique_prices=2509 best_score=0 best_price=3.264387,4.201326 elapsed_sec=13600.90
[GA] phase=stage2_cache_hit generation=7/8 individual=9/12 evals=93 stage2_unique_prices=2509 best_score=0 best_price=3.264387,4.201326 elapsed_sec=13600.90
[GA] phase=objective_start generation=7/8 individual=9/12 evals=93 stage2_unique_prices=2509 best_score=0 best_price=3.264387,4.201326 elapsed_sec=13600.90
[GA] phase=individual_done generation=7/8 individual=9/12 evals=93 stage2_unique_prices=2509 best_score=0 best_price=3.264387,4.201326 elapsed_sec=13600.90
[GA] phase=individual_start generation=7/8 individual=10/12 evals=94 stage2_unique_prices=2509 best_score=0 best_price=3.264387,4.201326 elapsed_sec=13600.90
[GA] phase=stage2_cache_hit generation=7/8 individual=10/12 evals=94 stage2_unique_prices=2509 best_score=0 best_price=3.264387,4.201326 elapsed_sec=13600.90
[GA] phase=objective_start generation=7/8 individual=10/12 evals=94 stage2_unique_prices=2509 best_score=0 best_price=3.264387,4.201326 elapsed_sec=13600.90
[GA] phase=individual_done generation=7/8 individual=10/12 evals=94 stage2_unique_prices=2509 best_score=0 best_price=3.264387,4.201326 elapsed_sec=13600.90
[GA] phase=individual_start generation=7/8 individual=11/12 evals=95 stage2_unique_prices=2509 best_score=0 best_price=3.264387,4.201326 elapsed_sec=13600.90
[GA] phase=stage2_start generation=7/8 individual=11/12 evals=95 stage2_unique_prices=2509 best_score=0 best_price=3.264387,4.201326 elapsed_sec=13600.90
[GA] phase=stage2_done generation=7/8 individual=11/12 evals=95 stage2_unique_prices=2510 best_score=0 best_price=3.264387,4.201326 elapsed_sec=13606.34
[GA] phase=objective_start generation=7/8 individual=11/12 evals=95 stage2_unique_prices=2510 best_score=0 best_price=3.264387,4.201326 elapsed_sec=13606.34
[GA] phase=individual_done generation=7/8 individual=11/12 evals=95 stage2_unique_prices=2535 best_score=0 best_price=3.264387,4.201326 elapsed_sec=13739.84
[GA] phase=individual_start generation=7/8 individual=12/12 evals=96 stage2_unique_prices=2535 best_score=0 best_price=3.264387,4.201326 elapsed_sec=13739.84
[GA] phase=stage2_start generation=7/8 individual=12/12 evals=96 stage2_unique_prices=2535 best_score=0 best_price=3.264387,4.201326 elapsed_sec=13739.84
[GA] phase=stage2_done generation=7/8 individual=12/12 evals=96 stage2_unique_prices=2536 best_score=0 best_price=3.264387,4.201326 elapsed_sec=13744.76
[GA] phase=objective_start generation=7/8 individual=12/12 evals=96 stage2_unique_prices=2536 best_score=0 best_price=3.264387,4.201326 elapsed_sec=13744.76
[GA] phase=individual_done generation=7/8 individual=12/12 evals=96 stage2_unique_prices=2561 best_score=0 best_price=3.264387,4.201326 elapsed_sec=13874.65
[GA] phase=population_done generation=7/8 evals=96 stage2_unique_prices=2561 best_score=0 best_price=3.264387,4.201326 elapsed_sec=13874.65
[GA] phase=population_start generation=8/8 evals=96 stage2_unique_prices=2561 best_score=0 best_price=3.264387,4.201326 elapsed_sec=13874.65
[GA] phase=individual_start generation=8/8 individual=1/12 evals=97 stage2_unique_prices=2561 best_score=0 best_price=3.264387,4.201326 elapsed_sec=13874.65
[GA] phase=stage2_cache_hit generation=8/8 individual=1/12 evals=97 stage2_unique_prices=2561 best_score=0 best_price=3.264387,4.201326 elapsed_sec=13874.65
[GA] phase=objective_start generation=8/8 individual=1/12 evals=97 stage2_unique_prices=2561 best_score=0 best_price=3.264387,4.201326 elapsed_sec=13874.65
[GA] phase=individual_done generation=8/8 individual=1/12 evals=97 stage2_unique_prices=2561 best_score=0 best_price=3.264387,4.201326 elapsed_sec=13874.65
[GA] phase=individual_start generation=8/8 individual=2/12 evals=98 stage2_unique_prices=2561 best_score=0 best_price=3.264387,4.201326 elapsed_sec=13874.65
[GA] phase=stage2_cache_hit generation=8/8 individual=2/12 evals=98 stage2_unique_prices=2561 best_score=0 best_price=3.264387,4.201326 elapsed_sec=13874.65
[GA] phase=objective_start generation=8/8 individual=2/12 evals=98 stage2_unique_prices=2561 best_score=0 best_price=3.264387,4.201326 elapsed_sec=13874.65
[GA] phase=individual_done generation=8/8 individual=2/12 evals=98 stage2_unique_prices=2561 best_score=0 best_price=3.264387,4.201326 elapsed_sec=13874.65
[GA] phase=individual_start generation=8/8 individual=3/12 evals=99 stage2_unique_prices=2561 best_score=0 best_price=3.264387,4.201326 elapsed_sec=13874.65
[GA] phase=stage2_cache_hit generation=8/8 individual=3/12 evals=99 stage2_unique_prices=2561 best_score=0 best_price=3.264387,4.201326 elapsed_sec=13874.65
[GA] phase=objective_start generation=8/8 individual=3/12 evals=99 stage2_unique_prices=2561 best_score=0 best_price=3.264387,4.201326 elapsed_sec=13874.65
[GA] phase=individual_done generation=8/8 individual=3/12 evals=99 stage2_unique_prices=2561 best_score=0 best_price=3.264387,4.201326 elapsed_sec=13874.65
[GA] phase=individual_start generation=8/8 individual=4/12 evals=100 stage2_unique_prices=2561 best_score=0 best_price=3.264387,4.201326 elapsed_sec=13874.65
[GA] phase=stage2_cache_hit generation=8/8 individual=4/12 evals=100 stage2_unique_prices=2561 best_score=0 best_price=3.264387,4.201326 elapsed_sec=13874.65
[GA] phase=objective_start generation=8/8 individual=4/12 evals=100 stage2_unique_prices=2561 best_score=0 best_price=3.264387,4.201326 elapsed_sec=13874.65
[GA] phase=individual_done generation=8/8 individual=4/12 evals=100 stage2_unique_prices=2561 best_score=0 best_price=3.264387,4.201326 elapsed_sec=13874.65
[GA] phase=individual_start generation=8/8 individual=5/12 evals=101 stage2_unique_prices=2561 best_score=0 best_price=3.264387,4.201326 elapsed_sec=13874.65
[GA] phase=stage2_cache_hit generation=8/8 individual=5/12 evals=101 stage2_unique_prices=2561 best_score=0 best_price=3.264387,4.201326 elapsed_sec=13874.65
[GA] phase=objective_start generation=8/8 individual=5/12 evals=101 stage2_unique_prices=2561 best_score=0 best_price=3.264387,4.201326 elapsed_sec=13874.65
[GA] phase=individual_done generation=8/8 individual=5/12 evals=101 stage2_unique_prices=2561 best_score=0 best_price=3.264387,4.201326 elapsed_sec=13874.65
[GA] phase=individual_start generation=8/8 individual=6/12 evals=102 stage2_unique_prices=2561 best_score=0 best_price=3.264387,4.201326 elapsed_sec=13874.65
[GA] phase=stage2_cache_hit generation=8/8 individual=6/12 evals=102 stage2_unique_prices=2561 best_score=0 best_price=3.264387,4.201326 elapsed_sec=13874.65
[GA] phase=objective_start generation=8/8 individual=6/12 evals=102 stage2_unique_prices=2561 best_score=0 best_price=3.264387,4.201326 elapsed_sec=13874.65
[GA] phase=individual_done generation=8/8 individual=6/12 evals=102 stage2_unique_prices=2561 best_score=0 best_price=3.264387,4.201326 elapsed_sec=13874.65
[GA] phase=individual_start generation=8/8 individual=7/12 evals=103 stage2_unique_prices=2561 best_score=0 best_price=3.264387,4.201326 elapsed_sec=13874.65
[GA] phase=stage2_start generation=8/8 individual=7/12 evals=103 stage2_unique_prices=2561 best_score=0 best_price=3.264387,4.201326 elapsed_sec=13874.65
[GA] phase=stage2_done generation=8/8 individual=7/12 evals=103 stage2_unique_prices=2562 best_score=0 best_price=3.264387,4.201326 elapsed_sec=13880.16
[GA] phase=objective_start generation=8/8 individual=7/12 evals=103 stage2_unique_prices=2562 best_score=0 best_price=3.264387,4.201326 elapsed_sec=13880.16
[GA] phase=individual_done generation=8/8 individual=7/12 evals=103 stage2_unique_prices=2587 best_score=0 best_price=3.264387,4.201326 elapsed_sec=14011.01
[GA] phase=individual_start generation=8/8 individual=8/12 evals=104 stage2_unique_prices=2587 best_score=0 best_price=3.264387,4.201326 elapsed_sec=14011.01
[GA] phase=stage2_start generation=8/8 individual=8/12 evals=104 stage2_unique_prices=2587 best_score=0 best_price=3.264387,4.201326 elapsed_sec=14011.01
[GA] phase=stage2_done generation=8/8 individual=8/12 evals=104 stage2_unique_prices=2588 best_score=0 best_price=3.264387,4.201326 elapsed_sec=14016.51
[GA] phase=objective_start generation=8/8 individual=8/12 evals=104 stage2_unique_prices=2588 best_score=0 best_price=3.264387,4.201326 elapsed_sec=14016.51
[GA] phase=individual_done generation=8/8 individual=8/12 evals=104 stage2_unique_prices=2613 best_score=0 best_price=3.264387,4.201326 elapsed_sec=14146.81
[GA] phase=individual_start generation=8/8 individual=9/12 evals=105 stage2_unique_prices=2613 best_score=0 best_price=3.264387,4.201326 elapsed_sec=14146.81
[GA] phase=stage2_start generation=8/8 individual=9/12 evals=105 stage2_unique_prices=2613 best_score=0 best_price=3.264387,4.201326 elapsed_sec=14146.81
[GA] phase=stage2_done generation=8/8 individual=9/12 evals=105 stage2_unique_prices=2614 best_score=0 best_price=3.264387,4.201326 elapsed_sec=14151.10
[GA] phase=objective_start generation=8/8 individual=9/12 evals=105 stage2_unique_prices=2614 best_score=0 best_price=3.264387,4.201326 elapsed_sec=14151.10
[GA] phase=individual_done generation=8/8 individual=9/12 evals=105 stage2_unique_prices=2639 best_score=0 best_price=3.264387,4.201326 elapsed_sec=14276.16
[GA] phase=individual_start generation=8/8 individual=10/12 evals=106 stage2_unique_prices=2639 best_score=0 best_price=3.264387,4.201326 elapsed_sec=14276.16
[GA] phase=stage2_start generation=8/8 individual=10/12 evals=106 stage2_unique_prices=2639 best_score=0 best_price=3.264387,4.201326 elapsed_sec=14276.16
[GA] phase=stage2_done generation=8/8 individual=10/12 evals=106 stage2_unique_prices=2640 best_score=0 best_price=3.264387,4.201326 elapsed_sec=14281.64
[GA] phase=objective_start generation=8/8 individual=10/12 evals=106 stage2_unique_prices=2640 best_score=0 best_price=3.264387,4.201326 elapsed_sec=14281.64
[GA] phase=individual_done generation=8/8 individual=10/12 evals=106 stage2_unique_prices=2665 best_score=0 best_price=3.264387,4.201326 elapsed_sec=14411.07
[GA] phase=individual_start generation=8/8 individual=11/12 evals=107 stage2_unique_prices=2665 best_score=0 best_price=3.264387,4.201326 elapsed_sec=14411.07
[GA] phase=stage2_start generation=8/8 individual=11/12 evals=107 stage2_unique_prices=2665 best_score=0 best_price=3.264387,4.201326 elapsed_sec=14411.07
[GA] phase=stage2_done generation=8/8 individual=11/12 evals=107 stage2_unique_prices=2666 best_score=0 best_price=3.264387,4.201326 elapsed_sec=14416.47
[GA] phase=objective_start generation=8/8 individual=11/12 evals=107 stage2_unique_prices=2666 best_score=0 best_price=3.264387,4.201326 elapsed_sec=14416.47
[GA] phase=individual_done generation=8/8 individual=11/12 evals=107 stage2_unique_prices=2691 best_score=0 best_price=3.264387,4.201326 elapsed_sec=14542.69
[GA] phase=individual_start generation=8/8 individual=12/12 evals=108 stage2_unique_prices=2691 best_score=0 best_price=3.264387,4.201326 elapsed_sec=14542.69
[GA] phase=stage2_start generation=8/8 individual=12/12 evals=108 stage2_unique_prices=2691 best_score=0 best_price=3.264387,4.201326 elapsed_sec=14542.69
[GA] phase=stage2_done generation=8/8 individual=12/12 evals=108 stage2_unique_prices=2692 best_score=0 best_price=3.264387,4.201326 elapsed_sec=14547.96
[GA] phase=objective_start generation=8/8 individual=12/12 evals=108 stage2_unique_prices=2692 best_score=0 best_price=3.264387,4.201326 elapsed_sec=14547.96
[GA] phase=individual_done generation=8/8 individual=12/12 evals=108 stage2_unique_prices=2717 best_score=0 best_price=3.264387,4.201326 elapsed_sec=14777.08
[GA] phase=population_done generation=8/8 evals=108 stage2_unique_prices=2717 best_score=0 best_price=3.264387,4.201326 elapsed_sec=14777.08
[171/200] phase=done n_users=250 trial=1/10 method=GA
[172/200] phase=start n_users=250 trial=1/10 method=BO-online
[172/200] phase=start n_users=250 trial=1/10 method=BO-online
[172/200] phase=start n_users=250 trial=1/10 method=BO-online
[184/200] phase=start n_users=250 trial=5/10 method=BO-online
[184/200] phase=done n_users=250 trial=5/10 method=BO-online
[185/200] phase=start n_users=250 trial=5/10 method=MARL
[185/200] phase=done n_users=250 trial=5/10 method=MARL
[186/200] phase=start n_users=250 trial=6/10 method=GA
[GA] phase=population_start generation=initial/8 evals=0 stage2_unique_prices=0 elapsed_sec=0.00
[GA] phase=individual_start generation=initial/8 individual=1/12 evals=1 stage2_unique_prices=0 elapsed_sec=0.00
[GA] phase=stage2_start generation=initial/8 individual=1/12 evals=1 stage2_unique_prices=0 elapsed_sec=0.00
[GA] phase=stage2_done generation=initial/8 individual=1/12 evals=1 stage2_unique_prices=1 elapsed_sec=7.17
[GA] phase=objective_start generation=initial/8 individual=1/12 evals=1 stage2_unique_prices=1 elapsed_sec=7.17
[GA] phase=individual_done generation=initial/8 individual=1/12 evals=1 stage2_unique_prices=51 best_score=220 best_price=0.5,0.5 elapsed_sec=341.61
[GA] phase=individual_start generation=initial/8 individual=2/12 evals=2 stage2_unique_prices=51 best_score=220 best_price=0.5,0.5 elapsed_sec=341.61
[GA] phase=stage2_start generation=initial/8 individual=2/12 evals=2 stage2_unique_prices=51 best_score=220 best_price=0.5,0.5 elapsed_sec=341.61
[GA] phase=stage2_done generation=initial/8 individual=2/12 evals=2 stage2_unique_prices=52 best_score=220 best_price=0.5,0.5 elapsed_sec=348.88
[GA] phase=objective_start generation=initial/8 individual=2/12 evals=2 stage2_unique_prices=52 best_score=220 best_price=0.5,0.5 elapsed_sec=348.88
[GA] phase=individual_done generation=initial/8 individual=2/12 evals=2 stage2_unique_prices=102 best_score=169.714240501 best_price=0.121696,5.031579 elapsed_sec=667.05
[GA] phase=individual_start generation=initial/8 individual=3/12 evals=3 stage2_unique_prices=102 best_score=169.714240501 best_price=0.121696,5.031579 elapsed_sec=667.05
[GA] phase=stage2_start generation=initial/8 individual=3/12 evals=3 stage2_unique_prices=102 best_score=169.714240501 best_price=0.121696,5.031579 elapsed_sec=667.05
[GA] phase=stage2_done generation=initial/8 individual=3/12 evals=3 stage2_unique_prices=103 best_score=169.714240501 best_price=0.121696,5.031579 elapsed_sec=672.61
[GA] phase=objective_start generation=initial/8 individual=3/12 evals=3 stage2_unique_prices=103 best_score=169.714240501 best_price=0.121696,5.031579 elapsed_sec=672.61
[GA] phase=individual_done generation=initial/8 individual=3/12 evals=3 stage2_unique_prices=153 best_score=61.036551085 best_price=4.144049,2.473006 elapsed_sec=958.38
[GA] phase=individual_start generation=initial/8 individual=4/12 evals=4 stage2_unique_prices=153 best_score=61.036551085 best_price=4.144049,2.473006 elapsed_sec=958.38
[GA] phase=stage2_start generation=initial/8 individual=4/12 evals=4 stage2_unique_prices=153 best_score=61.036551085 best_price=4.144049,2.473006 elapsed_sec=958.38
[GA] phase=stage2_done generation=initial/8 individual=4/12 evals=4 stage2_unique_prices=154 best_score=61.036551085 best_price=4.144049,2.473006 elapsed_sec=963.05
[GA] phase=objective_start generation=initial/8 individual=4/12 evals=4 stage2_unique_prices=154 best_score=61.036551085 best_price=4.144049,2.473006 elapsed_sec=963.05
[GA] phase=individual_done generation=initial/8 individual=4/12 evals=4 stage2_unique_prices=204 best_score=44.1941481095 best_price=3.643208,5.481398 elapsed_sec=1235.93
[GA] phase=individual_start generation=initial/8 individual=5/12 evals=5 stage2_unique_prices=204 best_score=44.1941481095 best_price=3.643208,5.481398 elapsed_sec=1235.93
[GA] phase=stage2_start generation=initial/8 individual=5/12 evals=5 stage2_unique_prices=204 best_score=44.1941481095 best_price=3.643208,5.481398 elapsed_sec=1235.93
[GA] phase=stage2_done generation=initial/8 individual=5/12 evals=5 stage2_unique_prices=205 best_score=44.1941481095 best_price=3.643208,5.481398 elapsed_sec=1243.12
[GA] phase=objective_start generation=initial/8 individual=5/12 evals=5 stage2_unique_prices=205 best_score=44.1941481095 best_price=3.643208,5.481398 elapsed_sec=1243.12
[GA] phase=individual_done generation=initial/8 individual=5/12 evals=5 stage2_unique_prices=255 best_score=44.1941481095 best_price=3.643208,5.481398 elapsed_sec=1579.12
[GA] phase=individual_start generation=initial/8 individual=6/12 evals=6 stage2_unique_prices=255 best_score=44.1941481095 best_price=3.643208,5.481398 elapsed_sec=1579.12
[GA] phase=stage2_start generation=initial/8 individual=6/12 evals=6 stage2_unique_prices=255 best_score=44.1941481095 best_price=3.643208,5.481398 elapsed_sec=1579.12
[GA] phase=stage2_done generation=initial/8 individual=6/12 evals=6 stage2_unique_prices=256 best_score=44.1941481095 best_price=3.643208,5.481398 elapsed_sec=1586.35
[GA] phase=objective_start generation=initial/8 individual=6/12 evals=6 stage2_unique_prices=256 best_score=44.1941481095 best_price=3.643208,5.481398 elapsed_sec=1586.35
[GA] phase=individual_done generation=initial/8 individual=6/12 evals=6 stage2_unique_prices=306 best_score=44.1941481095 best_price=3.643208,5.481398 elapsed_sec=1922.97
[GA] phase=individual_start generation=initial/8 individual=7/12 evals=7 stage2_unique_prices=306 best_score=44.1941481095 best_price=3.643208,5.481398 elapsed_sec=1922.97
[GA] phase=stage2_start generation=initial/8 individual=7/12 evals=7 stage2_unique_prices=306 best_score=44.1941481095 best_price=3.643208,5.481398 elapsed_sec=1922.97
[GA] phase=stage2_done generation=initial/8 individual=7/12 evals=7 stage2_unique_prices=307 best_score=44.1941481095 best_price=3.643208,5.481398 elapsed_sec=1928.57
[GA] phase=objective_start generation=initial/8 individual=7/12 evals=7 stage2_unique_prices=307 best_score=44.1941481095 best_price=3.643208,5.481398 elapsed_sec=1928.57
[GA] phase=individual_done generation=initial/8 individual=7/12 evals=7 stage2_unique_prices=357 best_score=44.1941481095 best_price=3.643208,5.481398 elapsed_sec=2216.53
[GA] phase=individual_start generation=initial/8 individual=8/12 evals=8 stage2_unique_prices=357 best_score=44.1941481095 best_price=3.643208,5.481398 elapsed_sec=2216.53
[GA] phase=stage2_start generation=initial/8 individual=8/12 evals=8 stage2_unique_prices=357 best_score=44.1941481095 best_price=3.643208,5.481398 elapsed_sec=2216.53
[GA] phase=stage2_done generation=initial/8 individual=8/12 evals=8 stage2_unique_prices=358 best_score=44.1941481095 best_price=3.643208,5.481398 elapsed_sec=2221.82
[GA] phase=objective_start generation=initial/8 individual=8/12 evals=8 stage2_unique_prices=358 best_score=44.1941481095 best_price=3.643208,5.481398 elapsed_sec=2221.82
[GA] phase=individual_done generation=initial/8 individual=8/12 evals=8 stage2_unique_prices=408 best_score=23.8606293072 best_price=3.647875,4.940528 elapsed_sec=2502.44
[GA] phase=individual_start generation=initial/8 individual=9/12 evals=9 stage2_unique_prices=408 best_score=23.8606293072 best_price=3.647875,4.940528 elapsed_sec=2502.44
[GA] phase=stage2_start generation=initial/8 individual=9/12 evals=9 stage2_unique_prices=408 best_score=23.8606293072 best_price=3.647875,4.940528 elapsed_sec=2502.44
[GA] phase=stage2_done generation=initial/8 individual=9/12 evals=9 stage2_unique_prices=409 best_score=23.8606293072 best_price=3.647875,4.940528 elapsed_sec=2508.85
[GA] phase=objective_start generation=initial/8 individual=9/12 evals=9 stage2_unique_prices=409 best_score=23.8606293072 best_price=3.647875,4.940528 elapsed_sec=2508.85
[GA] phase=individual_done generation=initial/8 individual=9/12 evals=9 stage2_unique_prices=459 best_score=8.85102724369 best_price=2.482911,5.300653 elapsed_sec=2803.95
[GA] phase=individual_start generation=initial/8 individual=10/12 evals=10 stage2_unique_prices=459 best_score=8.85102724369 best_price=2.482911,5.300653 elapsed_sec=2803.95
[GA] phase=stage2_start generation=initial/8 individual=10/12 evals=10 stage2_unique_prices=459 best_score=8.85102724369 best_price=2.482911,5.300653 elapsed_sec=2803.95
[GA] phase=stage2_done generation=initial/8 individual=10/12 evals=10 stage2_unique_prices=460 best_score=8.85102724369 best_price=2.482911,5.300653 elapsed_sec=2809.30
[GA] phase=objective_start generation=initial/8 individual=10/12 evals=10 stage2_unique_prices=460 best_score=8.85102724369 best_price=2.482911,5.300653 elapsed_sec=2809.30
[GA] phase=individual_done generation=initial/8 individual=10/12 evals=10 stage2_unique_prices=510 best_score=6.86974201005 best_price=5.081604,3.680225 elapsed_sec=3082.68
[GA] phase=individual_start generation=initial/8 individual=11/12 evals=11 stage2_unique_prices=510 best_score=6.86974201005 best_price=5.081604,3.680225 elapsed_sec=3082.68
[GA] phase=stage2_start generation=initial/8 individual=11/12 evals=11 stage2_unique_prices=510 best_score=6.86974201005 best_price=5.081604,3.680225 elapsed_sec=3082.68
[GA] phase=stage2_done generation=initial/8 individual=11/12 evals=11 stage2_unique_prices=511 best_score=6.86974201005 best_price=5.081604,3.680225 elapsed_sec=3090.14
[GA] phase=objective_start generation=initial/8 individual=11/12 evals=11 stage2_unique_prices=511 best_score=6.86974201005 best_price=5.081604,3.680225 elapsed_sec=3090.14
[GA] phase=individual_done generation=initial/8 individual=11/12 evals=11 stage2_unique_prices=561 best_score=6.86974201005 best_price=5.081604,3.680225 elapsed_sec=3425.78
[GA] phase=individual_start generation=initial/8 individual=12/12 evals=12 stage2_unique_prices=561 best_score=6.86974201005 best_price=5.081604,3.680225 elapsed_sec=3425.78
[GA] phase=stage2_start generation=initial/8 individual=12/12 evals=12 stage2_unique_prices=561 best_score=6.86974201005 best_price=5.081604,3.680225 elapsed_sec=3425.78
[GA] phase=stage2_done generation=initial/8 individual=12/12 evals=12 stage2_unique_prices=562 best_score=6.86974201005 best_price=5.081604,3.680225 elapsed_sec=3432.48
[GA] phase=objective_start generation=initial/8 individual=12/12 evals=12 stage2_unique_prices=562 best_score=6.86974201005 best_price=5.081604,3.680225 elapsed_sec=3432.48
[GA] phase=individual_done generation=initial/8 individual=12/12 evals=12 stage2_unique_prices=612 best_score=6.86974201005 best_price=5.081604,3.680225 elapsed_sec=3745.70
[GA] phase=population_done generation=initial/8 evals=12 stage2_unique_prices=612 best_score=6.86974201005 best_price=5.081604,3.680225 elapsed_sec=3745.70
[GA] phase=population_start generation=1/8 evals=12 stage2_unique_prices=612 best_score=6.86974201005 best_price=5.081604,3.680225 elapsed_sec=3745.70
[GA] phase=individual_start generation=1/8 individual=1/12 evals=13 stage2_unique_prices=612 best_score=6.86974201005 best_price=5.081604,3.680225 elapsed_sec=3745.70
[GA] phase=stage2_cache_hit generation=1/8 individual=1/12 evals=13 stage2_unique_prices=612 best_score=6.86974201005 best_price=5.081604,3.680225 elapsed_sec=3745.70
[GA] phase=objective_start generation=1/8 individual=1/12 evals=13 stage2_unique_prices=612 best_score=6.86974201005 best_price=5.081604,3.680225 elapsed_sec=3745.70
[GA] phase=individual_done generation=1/8 individual=1/12 evals=13 stage2_unique_prices=612 best_score=6.86974201005 best_price=5.081604,3.680225 elapsed_sec=3745.70
[GA] phase=individual_start generation=1/8 individual=2/12 evals=14 stage2_unique_prices=612 best_score=6.86974201005 best_price=5.081604,3.680225 elapsed_sec=3745.70
[GA] phase=stage2_cache_hit generation=1/8 individual=2/12 evals=14 stage2_unique_prices=612 best_score=6.86974201005 best_price=5.081604,3.680225 elapsed_sec=3745.70
[GA] phase=objective_start generation=1/8 individual=2/12 evals=14 stage2_unique_prices=612 best_score=6.86974201005 best_price=5.081604,3.680225 elapsed_sec=3745.70
[GA] phase=individual_done generation=1/8 individual=2/12 evals=14 stage2_unique_prices=612 best_score=6.86974201005 best_price=5.081604,3.680225 elapsed_sec=3745.70
[GA] phase=individual_start generation=1/8 individual=3/12 evals=15 stage2_unique_prices=612 best_score=6.86974201005 best_price=5.081604,3.680225 elapsed_sec=3745.70
[GA] phase=stage2_start generation=1/8 individual=3/12 evals=15 stage2_unique_prices=612 best_score=6.86974201005 best_price=5.081604,3.680225 elapsed_sec=3745.70
[GA] phase=stage2_done generation=1/8 individual=3/12 evals=15 stage2_unique_prices=613 best_score=6.86974201005 best_price=5.081604,3.680225 elapsed_sec=3750.98
[GA] phase=objective_start generation=1/8 individual=3/12 evals=15 stage2_unique_prices=613 best_score=6.86974201005 best_price=5.081604,3.680225 elapsed_sec=3750.98
[GA] phase=individual_done generation=1/8 individual=3/12 evals=15 stage2_unique_prices=663 best_score=6.86974201005 best_price=5.081604,3.680225 elapsed_sec=4030.29
[GA] phase=individual_start generation=1/8 individual=4/12 evals=16 stage2_unique_prices=663 best_score=6.86974201005 best_price=5.081604,3.680225 elapsed_sec=4030.29
[GA] phase=stage2_start generation=1/8 individual=4/12 evals=16 stage2_unique_prices=663 best_score=6.86974201005 best_price=5.081604,3.680225 elapsed_sec=4030.29
[GA] phase=stage2_done generation=1/8 individual=4/12 evals=16 stage2_unique_prices=664 best_score=6.86974201005 best_price=5.081604,3.680225 elapsed_sec=4034.96
[GA] phase=objective_start generation=1/8 individual=4/12 evals=16 stage2_unique_prices=664 best_score=6.86974201005 best_price=5.081604,3.680225 elapsed_sec=4034.96
[GA] phase=individual_done generation=1/8 individual=4/12 evals=16 stage2_unique_prices=714 best_score=6.86974201005 best_price=5.081604,3.680225 elapsed_sec=4338.88
[GA] phase=individual_start generation=1/8 individual=5/12 evals=17 stage2_unique_prices=714 best_score=6.86974201005 best_price=5.081604,3.680225 elapsed_sec=4338.88
[GA] phase=stage2_start generation=1/8 individual=5/12 evals=17 stage2_unique_prices=714 best_score=6.86974201005 best_price=5.081604,3.680225 elapsed_sec=4338.88
[GA] phase=stage2_done generation=1/8 individual=5/12 evals=17 stage2_unique_prices=715 best_score=6.86974201005 best_price=5.081604,3.680225 elapsed_sec=4349.74
[GA] phase=objective_start generation=1/8 individual=5/12 evals=17 stage2_unique_prices=715 best_score=6.86974201005 best_price=5.081604,3.680225 elapsed_sec=4349.74
[GA] phase=individual_done generation=1/8 individual=5/12 evals=17 stage2_unique_prices=765 best_score=6.86974201005 best_price=5.081604,3.680225 elapsed_sec=5008.08
[GA] phase=individual_start generation=1/8 individual=6/12 evals=18 stage2_unique_prices=765 best_score=6.86974201005 best_price=5.081604,3.680225 elapsed_sec=5008.08
[GA] phase=stage2_start generation=1/8 individual=6/12 evals=18 stage2_unique_prices=765 best_score=6.86974201005 best_price=5.081604,3.680225 elapsed_sec=5008.08
[GA] phase=stage2_done generation=1/8 individual=6/12 evals=18 stage2_unique_prices=766 best_score=6.86974201005 best_price=5.081604,3.680225 elapsed_sec=5018.89
[GA] phase=objective_start generation=1/8 individual=6/12 evals=18 stage2_unique_prices=766 best_score=6.86974201005 best_price=5.081604,3.680225 elapsed_sec=5018.89
[GA] phase=individual_done generation=1/8 individual=6/12 evals=18 stage2_unique_prices=816 best_score=4.45474666667 best_price=4.858381,3.392798 elapsed_sec=5569.83
[GA] phase=individual_start generation=1/8 individual=7/12 evals=19 stage2_unique_prices=816 best_score=4.45474666667 best_price=4.858381,3.392798 elapsed_sec=5569.83
[GA] phase=stage2_start generation=1/8 individual=7/12 evals=19 stage2_unique_prices=816 best_score=4.45474666667 best_price=4.858381,3.392798 elapsed_sec=5569.83
[GA] phase=stage2_done generation=1/8 individual=7/12 evals=19 stage2_unique_prices=817 best_score=4.45474666667 best_price=4.858381,3.392798 elapsed_sec=5580.64
[GA] phase=objective_start generation=1/8 individual=7/12 evals=19 stage2_unique_prices=817 best_score=4.45474666667 best_price=4.858381,3.392798 elapsed_sec=5580.64
[GA] phase=individual_done generation=1/8 individual=7/12 evals=19 stage2_unique_prices=867 best_score=4.45474666667 best_price=4.858381,3.392798 elapsed_sec=6144.68
[GA] phase=individual_start generation=1/8 individual=8/12 evals=20 stage2_unique_prices=867 best_score=4.45474666667 best_price=4.858381,3.392798 elapsed_sec=6144.68
[GA] phase=stage2_start generation=1/8 individual=8/12 evals=20 stage2_unique_prices=867 best_score=4.45474666667 best_price=4.858381,3.392798 elapsed_sec=6144.68
[GA] phase=stage2_done generation=1/8 individual=8/12 evals=20 stage2_unique_prices=868 best_score=4.45474666667 best_price=4.858381,3.392798 elapsed_sec=6155.95
[GA] phase=objective_start generation=1/8 individual=8/12 evals=20 stage2_unique_prices=868 best_score=4.45474666667 best_price=4.858381,3.392798 elapsed_sec=6155.95
[GA] phase=individual_done generation=1/8 individual=8/12 evals=20 stage2_unique_prices=918 best_score=4.45474666667 best_price=4.858381,3.392798 elapsed_sec=6769.52
[GA] phase=individual_start generation=1/8 individual=9/12 evals=21 stage2_unique_prices=918 best_score=4.45474666667 best_price=4.858381,3.392798 elapsed_sec=6769.52
[GA] phase=stage2_start generation=1/8 individual=9/12 evals=21 stage2_unique_prices=918 best_score=4.45474666667 best_price=4.858381,3.392798 elapsed_sec=6769.52
[GA] phase=stage2_done generation=1/8 individual=9/12 evals=21 stage2_unique_prices=919 best_score=4.45474666667 best_price=4.858381,3.392798 elapsed_sec=6781.47
[GA] phase=objective_start generation=1/8 individual=9/12 evals=21 stage2_unique_prices=919 best_score=4.45474666667 best_price=4.858381,3.392798 elapsed_sec=6781.47
[GA] phase=individual_done generation=1/8 individual=9/12 evals=21 stage2_unique_prices=969 best_score=4.45474666667 best_price=4.858381,3.392798 elapsed_sec=7355.60
[GA] phase=individual_start generation=1/8 individual=10/12 evals=22 stage2_unique_prices=969 best_score=4.45474666667 best_price=4.858381,3.392798 elapsed_sec=7355.60
[GA] phase=stage2_start generation=1/8 individual=10/12 evals=22 stage2_unique_prices=969 best_score=4.45474666667 best_price=4.858381,3.392798 elapsed_sec=7355.60
[GA] phase=stage2_done generation=1/8 individual=10/12 evals=22 stage2_unique_prices=970 best_score=4.45474666667 best_price=4.858381,3.392798 elapsed_sec=7366.90
[GA] phase=objective_start generation=1/8 individual=10/12 evals=22 stage2_unique_prices=970 best_score=4.45474666667 best_price=4.858381,3.392798 elapsed_sec=7366.90
[GA] phase=individual_done generation=1/8 individual=10/12 evals=22 stage2_unique_prices=1020 best_score=4.45474666667 best_price=4.858381,3.392798 elapsed_sec=7927.98
[GA] phase=individual_start generation=1/8 individual=11/12 evals=23 stage2_unique_prices=1020 best_score=4.45474666667 best_price=4.858381,3.392798 elapsed_sec=7927.98
[GA] phase=stage2_start generation=1/8 individual=11/12 evals=23 stage2_unique_prices=1020 best_score=4.45474666667 best_price=4.858381,3.392798 elapsed_sec=7927.98
[GA] phase=stage2_done generation=1/8 individual=11/12 evals=23 stage2_unique_prices=1021 best_score=4.45474666667 best_price=4.858381,3.392798 elapsed_sec=7940.37
[GA] phase=objective_start generation=1/8 individual=11/12 evals=23 stage2_unique_prices=1021 best_score=4.45474666667 best_price=4.858381,3.392798 elapsed_sec=7940.37
[GA] phase=individual_done generation=1/8 individual=11/12 evals=23 stage2_unique_prices=1071 best_score=0.528561242506 best_price=2.738742,5.340505 elapsed_sec=8507.92
[GA] phase=individual_start generation=1/8 individual=12/12 evals=24 stage2_unique_prices=1071 best_score=0.528561242506 best_price=2.738742,5.340505 elapsed_sec=8507.92
[GA] phase=stage2_start generation=1/8 individual=12/12 evals=24 stage2_unique_prices=1071 best_score=0.528561242506 best_price=2.738742,5.340505 elapsed_sec=8507.92
[GA] phase=stage2_done generation=1/8 individual=12/12 evals=24 stage2_unique_prices=1072 best_score=0.528561242506 best_price=2.738742,5.340505 elapsed_sec=8517.62
[GA] phase=objective_start generation=1/8 individual=12/12 evals=24 stage2_unique_prices=1072 best_score=0.528561242506 best_price=2.738742,5.340505 elapsed_sec=8517.62
[GA] phase=individual_done generation=1/8 individual=12/12 evals=24 stage2_unique_prices=1122 best_score=0.528561242506 best_price=2.738742,5.340505 elapsed_sec=9076.99
[GA] phase=population_done generation=1/8 evals=24 stage2_unique_prices=1122 best_score=0.528561242506 best_price=2.738742,5.340505 elapsed_sec=9076.99
[GA] phase=population_start generation=2/8 evals=24 stage2_unique_prices=1122 best_score=0.528561242506 best_price=2.738742,5.340505 elapsed_sec=9077.00
[GA] phase=individual_start generation=2/8 individual=1/12 evals=25 stage2_unique_prices=1122 best_score=0.528561242506 best_price=2.738742,5.340505 elapsed_sec=9077.00
[GA] phase=stage2_cache_hit generation=2/8 individual=1/12 evals=25 stage2_unique_prices=1122 best_score=0.528561242506 best_price=2.738742,5.340505 elapsed_sec=9077.00
[GA] phase=objective_start generation=2/8 individual=1/12 evals=25 stage2_unique_prices=1122 best_score=0.528561242506 best_price=2.738742,5.340505 elapsed_sec=9077.00
[GA] phase=individual_done generation=2/8 individual=1/12 evals=25 stage2_unique_prices=1122 best_score=0.528561242506 best_price=2.738742,5.340505 elapsed_sec=9077.00
[GA] phase=individual_start generation=2/8 individual=2/12 evals=26 stage2_unique_prices=1122 best_score=0.528561242506 best_price=2.738742,5.340505 elapsed_sec=9077.00
[GA] phase=stage2_cache_hit generation=2/8 individual=2/12 evals=26 stage2_unique_prices=1122 best_score=0.528561242506 best_price=2.738742,5.340505 elapsed_sec=9077.00
[GA] phase=objective_start generation=2/8 individual=2/12 evals=26 stage2_unique_prices=1122 best_score=0.528561242506 best_price=2.738742,5.340505 elapsed_sec=9077.00
[GA] phase=individual_done generation=2/8 individual=2/12 evals=26 stage2_unique_prices=1122 best_score=0.528561242506 best_price=2.738742,5.340505 elapsed_sec=9077.00
[GA] phase=individual_start generation=2/8 individual=3/12 evals=27 stage2_unique_prices=1122 best_score=0.528561242506 best_price=2.738742,5.340505 elapsed_sec=9077.00
[GA] phase=stage2_start generation=2/8 individual=3/12 evals=27 stage2_unique_prices=1122 best_score=0.528561242506 best_price=2.738742,5.340505 elapsed_sec=9077.00
[GA] phase=stage2_done generation=2/8 individual=3/12 evals=27 stage2_unique_prices=1123 best_score=0.528561242506 best_price=2.738742,5.340505 elapsed_sec=9089.64
[GA] phase=objective_start generation=2/8 individual=3/12 evals=27 stage2_unique_prices=1123 best_score=0.528561242506 best_price=2.738742,5.340505 elapsed_sec=9089.64
[GA] phase=individual_done generation=2/8 individual=3/12 evals=27 stage2_unique_prices=1173 best_score=0.528561242506 best_price=2.738742,5.340505 elapsed_sec=9738.31
[GA] phase=individual_start generation=2/8 individual=4/12 evals=28 stage2_unique_prices=1173 best_score=0.528561242506 best_price=2.738742,5.340505 elapsed_sec=9738.31
[GA] phase=stage2_start generation=2/8 individual=4/12 evals=28 stage2_unique_prices=1173 best_score=0.528561242506 best_price=2.738742,5.340505 elapsed_sec=9738.31
[GA] phase=stage2_done generation=2/8 individual=4/12 evals=28 stage2_unique_prices=1174 best_score=0.528561242506 best_price=2.738742,5.340505 elapsed_sec=9749.66
[GA] phase=objective_start generation=2/8 individual=4/12 evals=28 stage2_unique_prices=1174 best_score=0.528561242506 best_price=2.738742,5.340505 elapsed_sec=9749.66
[GA] phase=individual_done generation=2/8 individual=4/12 evals=28 stage2_unique_prices=1224 best_score=0.528561242506 best_price=2.738742,5.340505 elapsed_sec=10355.27
[GA] phase=individual_start generation=2/8 individual=5/12 evals=29 stage2_unique_prices=1224 best_score=0.528561242506 best_price=2.738742,5.340505 elapsed_sec=10355.27
[GA] phase=stage2_start generation=2/8 individual=5/12 evals=29 stage2_unique_prices=1224 best_score=0.528561242506 best_price=2.738742,5.340505 elapsed_sec=10355.27
[GA] phase=stage2_done generation=2/8 individual=5/12 evals=29 stage2_unique_prices=1225 best_score=0.528561242506 best_price=2.738742,5.340505 elapsed_sec=10370.51
[GA] phase=objective_start generation=2/8 individual=5/12 evals=29 stage2_unique_prices=1225 best_score=0.528561242506 best_price=2.738742,5.340505 elapsed_sec=10370.51
[GA] phase=individual_done generation=2/8 individual=5/12 evals=29 stage2_unique_prices=1275 best_score=0.528561242506 best_price=2.738742,5.340505 elapsed_sec=10962.02
[GA] phase=individual_start generation=2/8 individual=6/12 evals=30 stage2_unique_prices=1275 best_score=0.528561242506 best_price=2.738742,5.340505 elapsed_sec=10962.02
[GA] phase=stage2_start generation=2/8 individual=6/12 evals=30 stage2_unique_prices=1275 best_score=0.528561242506 best_price=2.738742,5.340505 elapsed_sec=10962.02
[GA] phase=stage2_done generation=2/8 individual=6/12 evals=30 stage2_unique_prices=1276 best_score=0.528561242506 best_price=2.738742,5.340505 elapsed_sec=10974.23
[GA] phase=objective_start generation=2/8 individual=6/12 evals=30 stage2_unique_prices=1276 best_score=0.528561242506 best_price=2.738742,5.340505 elapsed_sec=10974.23
[GA] phase=individual_done generation=2/8 individual=6/12 evals=30 stage2_unique_prices=1326 best_score=0.528561242506 best_price=2.738742,5.340505 elapsed_sec=11572.56
[GA] phase=individual_start generation=2/8 individual=7/12 evals=31 stage2_unique_prices=1326 best_score=0.528561242506 best_price=2.738742,5.340505 elapsed_sec=11572.56
[GA] phase=stage2_start generation=2/8 individual=7/12 evals=31 stage2_unique_prices=1326 best_score=0.528561242506 best_price=2.738742,5.340505 elapsed_sec=11572.56
[GA] phase=stage2_done generation=2/8 individual=7/12 evals=31 stage2_unique_prices=1327 best_score=0.528561242506 best_price=2.738742,5.340505 elapsed_sec=11583.80
[GA] phase=objective_start generation=2/8 individual=7/12 evals=31 stage2_unique_prices=1327 best_score=0.528561242506 best_price=2.738742,5.340505 elapsed_sec=11583.80
[GA] phase=individual_done generation=2/8 individual=7/12 evals=31 stage2_unique_prices=1352 best_score=0.528561242506 best_price=2.738742,5.340505 elapsed_sec=11860.05
[GA] phase=individual_start generation=2/8 individual=8/12 evals=32 stage2_unique_prices=1352 best_score=0.528561242506 best_price=2.738742,5.340505 elapsed_sec=11860.05
[GA] phase=stage2_cache_hit generation=2/8 individual=8/12 evals=32 stage2_unique_prices=1352 best_score=0.528561242506 best_price=2.738742,5.340505 elapsed_sec=11860.05
[GA] phase=objective_start generation=2/8 individual=8/12 evals=32 stage2_unique_prices=1352 best_score=0.528561242506 best_price=2.738742,5.340505 elapsed_sec=11860.05
[GA] phase=individual_done generation=2/8 individual=8/12 evals=32 stage2_unique_prices=1352 best_score=0.528561242506 best_price=2.738742,5.340505 elapsed_sec=11860.05
[GA] phase=individual_start generation=2/8 individual=9/12 evals=33 stage2_unique_prices=1352 best_score=0.528561242506 best_price=2.738742,5.340505 elapsed_sec=11860.05
[GA] phase=stage2_start generation=2/8 individual=9/12 evals=33 stage2_unique_prices=1352 best_score=0.528561242506 best_price=2.738742,5.340505 elapsed_sec=11860.05
[GA] phase=stage2_done generation=2/8 individual=9/12 evals=33 stage2_unique_prices=1353 best_score=0.528561242506 best_price=2.738742,5.340505 elapsed_sec=11870.90
[GA] phase=objective_start generation=2/8 individual=9/12 evals=33 stage2_unique_prices=1353 best_score=0.528561242506 best_price=2.738742,5.340505 elapsed_sec=11870.90
[GA] phase=individual_done generation=2/8 individual=9/12 evals=33 stage2_unique_prices=1403 best_score=0.528561242506 best_price=2.738742,5.340505 elapsed_sec=12435.35
[GA] phase=individual_start generation=2/8 individual=10/12 evals=34 stage2_unique_prices=1403 best_score=0.528561242506 best_price=2.738742,5.340505 elapsed_sec=12435.35
[GA] phase=stage2_start generation=2/8 individual=10/12 evals=34 stage2_unique_prices=1403 best_score=0.528561242506 best_price=2.738742,5.340505 elapsed_sec=12435.35
[GA] phase=stage2_done generation=2/8 individual=10/12 evals=34 stage2_unique_prices=1404 best_score=0.528561242506 best_price=2.738742,5.340505 elapsed_sec=12446.23
[GA] phase=objective_start generation=2/8 individual=10/12 evals=34 stage2_unique_prices=1404 best_score=0.528561242506 best_price=2.738742,5.340505 elapsed_sec=12446.23
[GA] phase=individual_done generation=2/8 individual=10/12 evals=34 stage2_unique_prices=1454 best_score=0.528561242506 best_price=2.738742,5.340505 elapsed_sec=13027.58
[GA] phase=individual_start generation=2/8 individual=11/12 evals=35 stage2_unique_prices=1454 best_score=0.528561242506 best_price=2.738742,5.340505 elapsed_sec=13027.58
[GA] phase=stage2_start generation=2/8 individual=11/12 evals=35 stage2_unique_prices=1454 best_score=0.528561242506 best_price=2.738742,5.340505 elapsed_sec=13027.58
[GA] phase=stage2_done generation=2/8 individual=11/12 evals=35 stage2_unique_prices=1455 best_score=0.528561242506 best_price=2.738742,5.340505 elapsed_sec=13038.46
[GA] phase=objective_start generation=2/8 individual=11/12 evals=35 stage2_unique_prices=1455 best_score=0.528561242506 best_price=2.738742,5.340505 elapsed_sec=13038.46
[GA] phase=individual_done generation=2/8 individual=11/12 evals=35 stage2_unique_prices=1505 best_score=0.528561242506 best_price=2.738742,5.340505 elapsed_sec=13503.70
[GA] phase=individual_start generation=2/8 individual=12/12 evals=36 stage2_unique_prices=1505 best_score=0.528561242506 best_price=2.738742,5.340505 elapsed_sec=13503.70
[GA] phase=stage2_start generation=2/8 individual=12/12 evals=36 stage2_unique_prices=1505 best_score=0.528561242506 best_price=2.738742,5.340505 elapsed_sec=13503.70
[GA] phase=stage2_done generation=2/8 individual=12/12 evals=36 stage2_unique_prices=1506 best_score=0.528561242506 best_price=2.738742,5.340505 elapsed_sec=13509.00
[GA] phase=objective_start generation=2/8 individual=12/12 evals=36 stage2_unique_prices=1506 best_score=0.528561242506 best_price=2.738742,5.340505 elapsed_sec=13509.00
[GA] phase=individual_done generation=2/8 individual=12/12 evals=36 stage2_unique_prices=1556 best_score=0.528561242506 best_price=2.738742,5.340505 elapsed_sec=13786.55
[GA] phase=population_done generation=2/8 evals=36 stage2_unique_prices=1556 best_score=0.528561242506 best_price=2.738742,5.340505 elapsed_sec=13786.55
[GA] phase=population_start generation=3/8 evals=36 stage2_unique_prices=1556 best_score=0.528561242506 best_price=2.738742,5.340505 elapsed_sec=13786.55
[GA] phase=individual_start generation=3/8 individual=1/12 evals=37 stage2_unique_prices=1556 best_score=0.528561242506 best_price=2.738742,5.340505 elapsed_sec=13786.55
[GA] phase=stage2_cache_hit generation=3/8 individual=1/12 evals=37 stage2_unique_prices=1556 best_score=0.528561242506 best_price=2.738742,5.340505 elapsed_sec=13786.55
[GA] phase=objective_start generation=3/8 individual=1/12 evals=37 stage2_unique_prices=1556 best_score=0.528561242506 best_price=2.738742,5.340505 elapsed_sec=13786.55
[GA] phase=individual_done generation=3/8 individual=1/12 evals=37 stage2_unique_prices=1556 best_score=0.528561242506 best_price=2.738742,5.340505 elapsed_sec=13786.55
[GA] phase=individual_start generation=3/8 individual=2/12 evals=38 stage2_unique_prices=1556 best_score=0.528561242506 best_price=2.738742,5.340505 elapsed_sec=13786.55
[GA] phase=stage2_cache_hit generation=3/8 individual=2/12 evals=38 stage2_unique_prices=1556 best_score=0.528561242506 best_price=2.738742,5.340505 elapsed_sec=13786.55
[GA] phase=objective_start generation=3/8 individual=2/12 evals=38 stage2_unique_prices=1556 best_score=0.528561242506 best_price=2.738742,5.340505 elapsed_sec=13786.55
[GA] phase=individual_done generation=3/8 individual=2/12 evals=38 stage2_unique_prices=1556 best_score=0.528561242506 best_price=2.738742,5.340505 elapsed_sec=13786.55
[GA] phase=individual_start generation=3/8 individual=3/12 evals=39 stage2_unique_prices=1556 best_score=0.528561242506 best_price=2.738742,5.340505 elapsed_sec=13786.55
[GA] phase=stage2_start generation=3/8 individual=3/12 evals=39 stage2_unique_prices=1556 best_score=0.528561242506 best_price=2.738742,5.340505 elapsed_sec=13786.55
[GA] phase=stage2_done generation=3/8 individual=3/12 evals=39 stage2_unique_prices=1557 best_score=0.528561242506 best_price=2.738742,5.340505 elapsed_sec=13792.15
[GA] phase=objective_start generation=3/8 individual=3/12 evals=39 stage2_unique_prices=1557 best_score=0.528561242506 best_price=2.738742,5.340505 elapsed_sec=13792.15
[GA] phase=individual_done generation=3/8 individual=3/12 evals=39 stage2_unique_prices=1582 best_score=0.528561242506 best_price=2.738742,5.340505 elapsed_sec=13941.31
[GA] phase=individual_start generation=3/8 individual=4/12 evals=40 stage2_unique_prices=1582 best_score=0.528561242506 best_price=2.738742,5.340505 elapsed_sec=13941.31
[GA] phase=stage2_cache_hit generation=3/8 individual=4/12 evals=40 stage2_unique_prices=1582 best_score=0.528561242506 best_price=2.738742,5.340505 elapsed_sec=13941.31
[GA] phase=objective_start generation=3/8 individual=4/12 evals=40 stage2_unique_prices=1582 best_score=0.528561242506 best_price=2.738742,5.340505 elapsed_sec=13941.31
[GA] phase=individual_done generation=3/8 individual=4/12 evals=40 stage2_unique_prices=1582 best_score=0.528561242506 best_price=2.738742,5.340505 elapsed_sec=13941.31
[GA] phase=individual_start generation=3/8 individual=5/12 evals=41 stage2_unique_prices=1582 best_score=0.528561242506 best_price=2.738742,5.340505 elapsed_sec=13941.31
[GA] phase=stage2_start generation=3/8 individual=5/12 evals=41 stage2_unique_prices=1582 best_score=0.528561242506 best_price=2.738742,5.340505 elapsed_sec=13941.31
[GA] phase=stage2_done generation=3/8 individual=5/12 evals=41 stage2_unique_prices=1583 best_score=0.528561242506 best_price=2.738742,5.340505 elapsed_sec=13946.07
[GA] phase=objective_start generation=3/8 individual=5/12 evals=41 stage2_unique_prices=1583 best_score=0.528561242506 best_price=2.738742,5.340505 elapsed_sec=13946.07
[GA] phase=individual_done generation=3/8 individual=5/12 evals=41 stage2_unique_prices=1608 best_score=0.528561242506 best_price=2.738742,5.340505 elapsed_sec=14086.86
[GA] phase=individual_start generation=3/8 individual=6/12 evals=42 stage2_unique_prices=1608 best_score=0.528561242506 best_price=2.738742,5.340505 elapsed_sec=14086.86
[GA] phase=stage2_cache_hit generation=3/8 individual=6/12 evals=42 stage2_unique_prices=1608 best_score=0.528561242506 best_price=2.738742,5.340505 elapsed_sec=14086.86
[GA] phase=objective_start generation=3/8 individual=6/12 evals=42 stage2_unique_prices=1608 best_score=0.528561242506 best_price=2.738742,5.340505 elapsed_sec=14086.86
[GA] phase=individual_done generation=3/8 individual=6/12 evals=42 stage2_unique_prices=1608 best_score=0.528561242506 best_price=2.738742,5.340505 elapsed_sec=14086.86
[GA] phase=individual_start generation=3/8 individual=7/12 evals=43 stage2_unique_prices=1608 best_score=0.528561242506 best_price=2.738742,5.340505 elapsed_sec=14086.86
[GA] phase=stage2_start generation=3/8 individual=7/12 evals=43 stage2_unique_prices=1608 best_score=0.528561242506 best_price=2.738742,5.340505 elapsed_sec=14086.86
[GA] phase=stage2_done generation=3/8 individual=7/12 evals=43 stage2_unique_prices=1609 best_score=0.528561242506 best_price=2.738742,5.340505 elapsed_sec=14093.32
[GA] phase=objective_start generation=3/8 individual=7/12 evals=43 stage2_unique_prices=1609 best_score=0.528561242506 best_price=2.738742,5.340505 elapsed_sec=14093.32
[GA] phase=individual_done generation=3/8 individual=7/12 evals=43 stage2_unique_prices=1659 best_score=0.528561242506 best_price=2.738742,5.340505 elapsed_sec=14388.38
[GA] phase=individual_start generation=3/8 individual=8/12 evals=44 stage2_unique_prices=1659 best_score=0.528561242506 best_price=2.738742,5.340505 elapsed_sec=14388.38
[GA] phase=stage2_start generation=3/8 individual=8/12 evals=44 stage2_unique_prices=1659 best_score=0.528561242506 best_price=2.738742,5.340505 elapsed_sec=14388.38
[GA] phase=stage2_done generation=3/8 individual=8/12 evals=44 stage2_unique_prices=1660 best_score=0.528561242506 best_price=2.738742,5.340505 elapsed_sec=14394.86
[GA] phase=objective_start generation=3/8 individual=8/12 evals=44 stage2_unique_prices=1660 best_score=0.528561242506 best_price=2.738742,5.340505 elapsed_sec=14394.86
[GA] phase=individual_done generation=3/8 individual=8/12 evals=44 stage2_unique_prices=1710 best_score=0 best_price=3.009553,5.01775 elapsed_sec=14690.01
[GA] phase=individual_start generation=3/8 individual=9/12 evals=45 stage2_unique_prices=1710 best_score=0 best_price=3.009553,5.01775 elapsed_sec=14690.01
[GA] phase=stage2_start generation=3/8 individual=9/12 evals=45 stage2_unique_prices=1710 best_score=0 best_price=3.009553,5.01775 elapsed_sec=14690.01
[GA] phase=stage2_done generation=3/8 individual=9/12 evals=45 stage2_unique_prices=1711 best_score=0 best_price=3.009553,5.01775 elapsed_sec=14696.43
[GA] phase=objective_start generation=3/8 individual=9/12 evals=45 stage2_unique_prices=1711 best_score=0 best_price=3.009553,5.01775 elapsed_sec=14696.43
[GA] phase=individual_done generation=3/8 individual=9/12 evals=45 stage2_unique_prices=1736 best_score=0 best_price=3.009553,5.01775 elapsed_sec=14855.60
[GA] phase=individual_start generation=3/8 individual=10/12 evals=46 stage2_unique_prices=1736 best_score=0 best_price=3.009553,5.01775 elapsed_sec=14855.60
[GA] phase=stage2_cache_hit generation=3/8 individual=10/12 evals=46 stage2_unique_prices=1736 best_score=0 best_price=3.009553,5.01775 elapsed_sec=14855.60
[GA] phase=objective_start generation=3/8 individual=10/12 evals=46 stage2_unique_prices=1736 best_score=0 best_price=3.009553,5.01775 elapsed_sec=14855.60
[GA] phase=individual_done generation=3/8 individual=10/12 evals=46 stage2_unique_prices=1736 best_score=0 best_price=3.009553,5.01775 elapsed_sec=14855.60
[GA] phase=individual_start generation=3/8 individual=11/12 evals=47 stage2_unique_prices=1736 best_score=0 best_price=3.009553,5.01775 elapsed_sec=14855.60
[GA] phase=stage2_start generation=3/8 individual=11/12 evals=47 stage2_unique_prices=1736 best_score=0 best_price=3.009553,5.01775 elapsed_sec=14855.60
[GA] phase=stage2_done generation=3/8 individual=11/12 evals=47 stage2_unique_prices=1737 best_score=0 best_price=3.009553,5.01775 elapsed_sec=14860.60
[GA] phase=objective_start generation=3/8 individual=11/12 evals=47 stage2_unique_prices=1737 best_score=0 best_price=3.009553,5.01775 elapsed_sec=14860.60
[GA] phase=individual_done generation=3/8 individual=11/12 evals=47 stage2_unique_prices=1787 best_score=0 best_price=3.009553,5.01775 elapsed_sec=15137.60
[GA] phase=individual_start generation=3/8 individual=12/12 evals=48 stage2_unique_prices=1787 best_score=0 best_price=3.009553,5.01775 elapsed_sec=15137.60
[GA] phase=stage2_start generation=3/8 individual=12/12 evals=48 stage2_unique_prices=1787 best_score=0 best_price=3.009553,5.01775 elapsed_sec=15137.60
[GA] phase=stage2_done generation=3/8 individual=12/12 evals=48 stage2_unique_prices=1788 best_score=0 best_price=3.009553,5.01775 elapsed_sec=15142.31
[GA] phase=objective_start generation=3/8 individual=12/12 evals=48 stage2_unique_prices=1788 best_score=0 best_price=3.009553,5.01775 elapsed_sec=15142.31
[GA] phase=individual_done generation=3/8 individual=12/12 evals=48 stage2_unique_prices=1838 best_score=0 best_price=3.009553,5.01775 elapsed_sec=15442.49
[GA] phase=population_done generation=3/8 evals=48 stage2_unique_prices=1838 best_score=0 best_price=3.009553,5.01775 elapsed_sec=15442.49
[GA] phase=population_start generation=4/8 evals=48 stage2_unique_prices=1838 best_score=0 best_price=3.009553,5.01775 elapsed_sec=15442.49
[GA] phase=individual_start generation=4/8 individual=1/12 evals=49 stage2_unique_prices=1838 best_score=0 best_price=3.009553,5.01775 elapsed_sec=15442.49
[GA] phase=stage2_cache_hit generation=4/8 individual=1/12 evals=49 stage2_unique_prices=1838 best_score=0 best_price=3.009553,5.01775 elapsed_sec=15442.49
[GA] phase=objective_start generation=4/8 individual=1/12 evals=49 stage2_unique_prices=1838 best_score=0 best_price=3.009553,5.01775 elapsed_sec=15442.49
[GA] phase=individual_done generation=4/8 individual=1/12 evals=49 stage2_unique_prices=1838 best_score=0 best_price=3.009553,5.01775 elapsed_sec=15442.49
[GA] phase=individual_start generation=4/8 individual=2/12 evals=50 stage2_unique_prices=1838 best_score=0 best_price=3.009553,5.01775 elapsed_sec=15442.49
[GA] phase=stage2_cache_hit generation=4/8 individual=2/12 evals=50 stage2_unique_prices=1838 best_score=0 best_price=3.009553,5.01775 elapsed_sec=15442.49
[GA] phase=objective_start generation=4/8 individual=2/12 evals=50 stage2_unique_prices=1838 best_score=0 best_price=3.009553,5.01775 elapsed_sec=15442.49
[GA] phase=individual_done generation=4/8 individual=2/12 evals=50 stage2_unique_prices=1838 best_score=0 best_price=3.009553,5.01775 elapsed_sec=15442.49
[GA] phase=individual_start generation=4/8 individual=3/12 evals=51 stage2_unique_prices=1838 best_score=0 best_price=3.009553,5.01775 elapsed_sec=15442.49
[GA] phase=stage2_cache_hit generation=4/8 individual=3/12 evals=51 stage2_unique_prices=1838 best_score=0 best_price=3.009553,5.01775 elapsed_sec=15442.49
[GA] phase=objective_start generation=4/8 individual=3/12 evals=51 stage2_unique_prices=1838 best_score=0 best_price=3.009553,5.01775 elapsed_sec=15442.49
[GA] phase=individual_done generation=4/8 individual=3/12 evals=51 stage2_unique_prices=1838 best_score=0 best_price=3.009553,5.01775 elapsed_sec=15442.49
[GA] phase=individual_start generation=4/8 individual=4/12 evals=52 stage2_unique_prices=1838 best_score=0 best_price=3.009553,5.01775 elapsed_sec=15442.49
[GA] phase=stage2_cache_hit generation=4/8 individual=4/12 evals=52 stage2_unique_prices=1838 best_score=0 best_price=3.009553,5.01775 elapsed_sec=15442.49
[GA] phase=objective_start generation=4/8 individual=4/12 evals=52 stage2_unique_prices=1838 best_score=0 best_price=3.009553,5.01775 elapsed_sec=15442.49
[GA] phase=individual_done generation=4/8 individual=4/12 evals=52 stage2_unique_prices=1838 best_score=0 best_price=3.009553,5.01775 elapsed_sec=15442.49
[GA] phase=individual_start generation=4/8 individual=5/12 evals=53 stage2_unique_prices=1838 best_score=0 best_price=3.009553,5.01775 elapsed_sec=15442.49
[GA] phase=stage2_cache_hit generation=4/8 individual=5/12 evals=53 stage2_unique_prices=1838 best_score=0 best_price=3.009553,5.01775 elapsed_sec=15442.49
[GA] phase=objective_start generation=4/8 individual=5/12 evals=53 stage2_unique_prices=1838 best_score=0 best_price=3.009553,5.01775 elapsed_sec=15442.49
[GA] phase=individual_done generation=4/8 individual=5/12 evals=53 stage2_unique_prices=1838 best_score=0 best_price=3.009553,5.01775 elapsed_sec=15442.49
[GA] phase=individual_start generation=4/8 individual=6/12 evals=54 stage2_unique_prices=1838 best_score=0 best_price=3.009553,5.01775 elapsed_sec=15442.49
[GA] phase=stage2_cache_hit generation=4/8 individual=6/12 evals=54 stage2_unique_prices=1838 best_score=0 best_price=3.009553,5.01775 elapsed_sec=15442.49
[GA] phase=objective_start generation=4/8 individual=6/12 evals=54 stage2_unique_prices=1838 best_score=0 best_price=3.009553,5.01775 elapsed_sec=15442.49
[GA] phase=individual_done generation=4/8 individual=6/12 evals=54 stage2_unique_prices=1838 best_score=0 best_price=3.009553,5.01775 elapsed_sec=15442.49
[GA] phase=individual_start generation=4/8 individual=7/12 evals=55 stage2_unique_prices=1838 best_score=0 best_price=3.009553,5.01775 elapsed_sec=15442.49
[GA] phase=stage2_cache_hit generation=4/8 individual=7/12 evals=55 stage2_unique_prices=1838 best_score=0 best_price=3.009553,5.01775 elapsed_sec=15442.49
[GA] phase=objective_start generation=4/8 individual=7/12 evals=55 stage2_unique_prices=1838 best_score=0 best_price=3.009553,5.01775 elapsed_sec=15442.49
[GA] phase=individual_done generation=4/8 individual=7/12 evals=55 stage2_unique_prices=1838 best_score=0 best_price=3.009553,5.01775 elapsed_sec=15442.49
[GA] phase=individual_start generation=4/8 individual=8/12 evals=56 stage2_unique_prices=1838 best_score=0 best_price=3.009553,5.01775 elapsed_sec=15442.49
[GA] phase=stage2_start generation=4/8 individual=8/12 evals=56 stage2_unique_prices=1838 best_score=0 best_price=3.009553,5.01775 elapsed_sec=15442.49
[GA] phase=stage2_done generation=4/8 individual=8/12 evals=56 stage2_unique_prices=1839 best_score=0 best_price=3.009553,5.01775 elapsed_sec=15451.02
[GA] phase=objective_start generation=4/8 individual=8/12 evals=56 stage2_unique_prices=1839 best_score=0 best_price=3.009553,5.01775 elapsed_sec=15451.02
[GA] phase=individual_done generation=4/8 individual=8/12 evals=56 stage2_unique_prices=1864 best_score=0 best_price=3.009553,5.01775 elapsed_sec=15671.42
[GA] phase=individual_start generation=4/8 individual=9/12 evals=57 stage2_unique_prices=1864 best_score=0 best_price=3.009553,5.01775 elapsed_sec=15671.42
[GA] phase=stage2_start generation=4/8 individual=9/12 evals=57 stage2_unique_prices=1864 best_score=0 best_price=3.009553,5.01775 elapsed_sec=15671.42
[GA] phase=stage2_done generation=4/8 individual=9/12 evals=57 stage2_unique_prices=1865 best_score=0 best_price=3.009553,5.01775 elapsed_sec=15679.85
[GA] phase=objective_start generation=4/8 individual=9/12 evals=57 stage2_unique_prices=1865 best_score=0 best_price=3.009553,5.01775 elapsed_sec=15679.85
[GA] phase=individual_done generation=4/8 individual=9/12 evals=57 stage2_unique_prices=1915 best_score=0 best_price=3.009553,5.01775 elapsed_sec=16086.91
[GA] phase=individual_start generation=4/8 individual=10/12 evals=58 stage2_unique_prices=1915 best_score=0 best_price=3.009553,5.01775 elapsed_sec=16086.91
[GA] phase=stage2_start generation=4/8 individual=10/12 evals=58 stage2_unique_prices=1915 best_score=0 best_price=3.009553,5.01775 elapsed_sec=16086.91
[GA] phase=stage2_done generation=4/8 individual=10/12 evals=58 stage2_unique_prices=1916 best_score=0 best_price=3.009553,5.01775 elapsed_sec=16096.13
[GA] phase=objective_start generation=4/8 individual=10/12 evals=58 stage2_unique_prices=1916 best_score=0 best_price=3.009553,5.01775 elapsed_sec=16096.13
[GA] phase=individual_done generation=4/8 individual=10/12 evals=58 stage2_unique_prices=1966 best_score=0 best_price=3.009553,5.01775 elapsed_sec=16451.30
[GA] phase=individual_start generation=4/8 individual=11/12 evals=59 stage2_unique_prices=1966 best_score=0 best_price=3.009553,5.01775 elapsed_sec=16451.30
[GA] phase=stage2_cache_hit generation=4/8 individual=11/12 evals=59 stage2_unique_prices=1966 best_score=0 best_price=3.009553,5.01775 elapsed_sec=16451.30
[GA] phase=objective_start generation=4/8 individual=11/12 evals=59 stage2_unique_prices=1966 best_score=0 best_price=3.009553,5.01775 elapsed_sec=16451.30
[GA] phase=individual_done generation=4/8 individual=11/12 evals=59 stage2_unique_prices=1966 best_score=0 best_price=3.009553,5.01775 elapsed_sec=16451.30
[GA] phase=individual_start generation=4/8 individual=12/12 evals=60 stage2_unique_prices=1966 best_score=0 best_price=3.009553,5.01775 elapsed_sec=16451.30
[GA] phase=stage2_start generation=4/8 individual=12/12 evals=60 stage2_unique_prices=1966 best_score=0 best_price=3.009553,5.01775 elapsed_sec=16451.30
[GA] phase=stage2_done generation=4/8 individual=12/12 evals=60 stage2_unique_prices=1967 best_score=0 best_price=3.009553,5.01775 elapsed_sec=16459.75
[GA] phase=objective_start generation=4/8 individual=12/12 evals=60 stage2_unique_prices=1967 best_score=0 best_price=3.009553,5.01775 elapsed_sec=16459.75
[GA] phase=individual_done generation=4/8 individual=12/12 evals=60 stage2_unique_prices=1992 best_score=0 best_price=3.009553,5.01775 elapsed_sec=16672.41
[GA] phase=population_done generation=4/8 evals=60 stage2_unique_prices=1992 best_score=0 best_price=3.009553,5.01775 elapsed_sec=16672.41
[GA] phase=population_start generation=5/8 evals=60 stage2_unique_prices=1992 best_score=0 best_price=3.009553,5.01775 elapsed_sec=16672.41
[GA] phase=individual_start generation=5/8 individual=1/12 evals=61 stage2_unique_prices=1992 best_score=0 best_price=3.009553,5.01775 elapsed_sec=16672.41
[GA] phase=stage2_cache_hit generation=5/8 individual=1/12 evals=61 stage2_unique_prices=1992 best_score=0 best_price=3.009553,5.01775 elapsed_sec=16672.41
[GA] phase=objective_start generation=5/8 individual=1/12 evals=61 stage2_unique_prices=1992 best_score=0 best_price=3.009553,5.01775 elapsed_sec=16672.41
[GA] phase=individual_done generation=5/8 individual=1/12 evals=61 stage2_unique_prices=1992 best_score=0 best_price=3.009553,5.01775 elapsed_sec=16672.41
[GA] phase=individual_start generation=5/8 individual=2/12 evals=62 stage2_unique_prices=1992 best_score=0 best_price=3.009553,5.01775 elapsed_sec=16672.41
[GA] phase=stage2_cache_hit generation=5/8 individual=2/12 evals=62 stage2_unique_prices=1992 best_score=0 best_price=3.009553,5.01775 elapsed_sec=16672.41
[GA] phase=objective_start generation=5/8 individual=2/12 evals=62 stage2_unique_prices=1992 best_score=0 best_price=3.009553,5.01775 elapsed_sec=16672.41
[GA] phase=individual_done generation=5/8 individual=2/12 evals=62 stage2_unique_prices=1992 best_score=0 best_price=3.009553,5.01775 elapsed_sec=16672.41
[GA] phase=individual_start generation=5/8 individual=3/12 evals=63 stage2_unique_prices=1992 best_score=0 best_price=3.009553,5.01775 elapsed_sec=16672.41
[GA] phase=stage2_cache_hit generation=5/8 individual=3/12 evals=63 stage2_unique_prices=1992 best_score=0 best_price=3.009553,5.01775 elapsed_sec=16672.41
[GA] phase=objective_start generation=5/8 individual=3/12 evals=63 stage2_unique_prices=1992 best_score=0 best_price=3.009553,5.01775 elapsed_sec=16672.41
[GA] phase=individual_done generation=5/8 individual=3/12 evals=63 stage2_unique_prices=1992 best_score=0 best_price=3.009553,5.01775 elapsed_sec=16672.41
[GA] phase=individual_start generation=5/8 individual=4/12 evals=64 stage2_unique_prices=1992 best_score=0 best_price=3.009553,5.01775 elapsed_sec=16672.41
[GA] phase=stage2_cache_hit generation=5/8 individual=4/12 evals=64 stage2_unique_prices=1992 best_score=0 best_price=3.009553,5.01775 elapsed_sec=16672.41
[GA] phase=objective_start generation=5/8 individual=4/12 evals=64 stage2_unique_prices=1992 best_score=0 best_price=3.009553,5.01775 elapsed_sec=16672.41
[GA] phase=individual_done generation=5/8 individual=4/12 evals=64 stage2_unique_prices=1992 best_score=0 best_price=3.009553,5.01775 elapsed_sec=16672.41
[GA] phase=individual_start generation=5/8 individual=5/12 evals=65 stage2_unique_prices=1992 best_score=0 best_price=3.009553,5.01775 elapsed_sec=16672.41
[GA] phase=stage2_start generation=5/8 individual=5/12 evals=65 stage2_unique_prices=1992 best_score=0 best_price=3.009553,5.01775 elapsed_sec=16672.41
[GA] phase=stage2_done generation=5/8 individual=5/12 evals=65 stage2_unique_prices=1993 best_score=0 best_price=3.009553,5.01775 elapsed_sec=16678.86
[GA] phase=objective_start generation=5/8 individual=5/12 evals=65 stage2_unique_prices=1993 best_score=0 best_price=3.009553,5.01775 elapsed_sec=16678.86
[GA] phase=individual_done generation=5/8 individual=5/12 evals=65 stage2_unique_prices=2018 best_score=0 best_price=3.009553,5.01775 elapsed_sec=16820.79
[GA] phase=individual_start generation=5/8 individual=6/12 evals=66 stage2_unique_prices=2018 best_score=0 best_price=3.009553,5.01775 elapsed_sec=16820.79
[GA] phase=stage2_start generation=5/8 individual=6/12 evals=66 stage2_unique_prices=2018 best_score=0 best_price=3.009553,5.01775 elapsed_sec=16820.79
[GA] phase=stage2_done generation=5/8 individual=6/12 evals=66 stage2_unique_prices=2019 best_score=0 best_price=3.009553,5.01775 elapsed_sec=16827.26
[GA] phase=objective_start generation=5/8 individual=6/12 evals=66 stage2_unique_prices=2019 best_score=0 best_price=3.009553,5.01775 elapsed_sec=16827.26
[GA] phase=individual_done generation=5/8 individual=6/12 evals=66 stage2_unique_prices=2069 best_score=0 best_price=3.009553,5.01775 elapsed_sec=17138.45
[GA] phase=individual_start generation=5/8 individual=7/12 evals=67 stage2_unique_prices=2069 best_score=0 best_price=3.009553,5.01775 elapsed_sec=17138.45
[GA] phase=stage2_start generation=5/8 individual=7/12 evals=67 stage2_unique_prices=2069 best_score=0 best_price=3.009553,5.01775 elapsed_sec=17138.45
[GA] phase=stage2_done generation=5/8 individual=7/12 evals=67 stage2_unique_prices=2070 best_score=0 best_price=3.009553,5.01775 elapsed_sec=17145.47
[GA] phase=objective_start generation=5/8 individual=7/12 evals=67 stage2_unique_prices=2070 best_score=0 best_price=3.009553,5.01775 elapsed_sec=17145.47
[GA] phase=individual_done generation=5/8 individual=7/12 evals=67 stage2_unique_prices=2095 best_score=0 best_price=3.009553,5.01775 elapsed_sec=17314.04
[GA] phase=individual_start generation=5/8 individual=8/12 evals=68 stage2_unique_prices=2095 best_score=0 best_price=3.009553,5.01775 elapsed_sec=17314.04
[GA] phase=stage2_start generation=5/8 individual=8/12 evals=68 stage2_unique_prices=2095 best_score=0 best_price=3.009553,5.01775 elapsed_sec=17314.04
[GA] phase=stage2_done generation=5/8 individual=8/12 evals=68 stage2_unique_prices=2096 best_score=0 best_price=3.009553,5.01775 elapsed_sec=17320.85
[GA] phase=objective_start generation=5/8 individual=8/12 evals=68 stage2_unique_prices=2096 best_score=0 best_price=3.009553,5.01775 elapsed_sec=17320.85
[GA] phase=individual_done generation=5/8 individual=8/12 evals=68 stage2_unique_prices=2121 best_score=0 best_price=3.009553,5.01775 elapsed_sec=17462.54
[GA] phase=individual_start generation=5/8 individual=9/12 evals=69 stage2_unique_prices=2121 best_score=0 best_price=3.009553,5.01775 elapsed_sec=17462.54
[GA] phase=stage2_start generation=5/8 individual=9/12 evals=69 stage2_unique_prices=2121 best_score=0 best_price=3.009553,5.01775 elapsed_sec=17462.54
[GA] phase=stage2_done generation=5/8 individual=9/12 evals=69 stage2_unique_prices=2122 best_score=0 best_price=3.009553,5.01775 elapsed_sec=17468.58
[GA] phase=objective_start generation=5/8 individual=9/12 evals=69 stage2_unique_prices=2122 best_score=0 best_price=3.009553,5.01775 elapsed_sec=17468.58
[GA] phase=individual_done generation=5/8 individual=9/12 evals=69 stage2_unique_prices=2172 best_score=0 best_price=3.009553,5.01775 elapsed_sec=17780.59
[GA] phase=individual_start generation=5/8 individual=10/12 evals=70 stage2_unique_prices=2172 best_score=0 best_price=3.009553,5.01775 elapsed_sec=17780.59
[GA] phase=stage2_start generation=5/8 individual=10/12 evals=70 stage2_unique_prices=2172 best_score=0 best_price=3.009553,5.01775 elapsed_sec=17780.59
[GA] phase=stage2_done generation=5/8 individual=10/12 evals=70 stage2_unique_prices=2173 best_score=0 best_price=3.009553,5.01775 elapsed_sec=17787.45
[GA] phase=objective_start generation=5/8 individual=10/12 evals=70 stage2_unique_prices=2173 best_score=0 best_price=3.009553,5.01775 elapsed_sec=17787.45
[GA] phase=individual_done generation=5/8 individual=10/12 evals=70 stage2_unique_prices=2223 best_score=0 best_price=3.009553,5.01775 elapsed_sec=18103.35
[GA] phase=individual_start generation=5/8 individual=11/12 evals=71 stage2_unique_prices=2223 best_score=0 best_price=3.009553,5.01775 elapsed_sec=18103.35
[GA] phase=stage2_start generation=5/8 individual=11/12 evals=71 stage2_unique_prices=2223 best_score=0 best_price=3.009553,5.01775 elapsed_sec=18103.35
[GA] phase=stage2_done generation=5/8 individual=11/12 evals=71 stage2_unique_prices=2224 best_score=0 best_price=3.009553,5.01775 elapsed_sec=18110.29
[GA] phase=objective_start generation=5/8 individual=11/12 evals=71 stage2_unique_prices=2224 best_score=0 best_price=3.009553,5.01775 elapsed_sec=18110.29
[GA] phase=individual_done generation=5/8 individual=11/12 evals=71 stage2_unique_prices=2274 best_score=0 best_price=3.009553,5.01775 elapsed_sec=18427.62
[GA] phase=individual_start generation=5/8 individual=12/12 evals=72 stage2_unique_prices=2274 best_score=0 best_price=3.009553,5.01775 elapsed_sec=18427.62
[GA] phase=stage2_start generation=5/8 individual=12/12 evals=72 stage2_unique_prices=2274 best_score=0 best_price=3.009553,5.01775 elapsed_sec=18427.62
[GA] phase=stage2_done generation=5/8 individual=12/12 evals=72 stage2_unique_prices=2275 best_score=0 best_price=3.009553,5.01775 elapsed_sec=18434.52
[GA] phase=objective_start generation=5/8 individual=12/12 evals=72 stage2_unique_prices=2275 best_score=0 best_price=3.009553,5.01775 elapsed_sec=18434.52
[GA] phase=individual_done generation=5/8 individual=12/12 evals=72 stage2_unique_prices=2325 best_score=0 best_price=3.009553,5.01775 elapsed_sec=18750.77
[GA] phase=population_done generation=5/8 evals=72 stage2_unique_prices=2325 best_score=0 best_price=3.009553,5.01775 elapsed_sec=18750.77
[GA] phase=population_start generation=6/8 evals=72 stage2_unique_prices=2325 best_score=0 best_price=3.009553,5.01775 elapsed_sec=18750.77
[GA] phase=individual_start generation=6/8 individual=1/12 evals=73 stage2_unique_prices=2325 best_score=0 best_price=3.009553,5.01775 elapsed_sec=18750.77
[GA] phase=stage2_cache_hit generation=6/8 individual=1/12 evals=73 stage2_unique_prices=2325 best_score=0 best_price=3.009553,5.01775 elapsed_sec=18750.77
[GA] phase=objective_start generation=6/8 individual=1/12 evals=73 stage2_unique_prices=2325 best_score=0 best_price=3.009553,5.01775 elapsed_sec=18750.77
[GA] phase=individual_done generation=6/8 individual=1/12 evals=73 stage2_unique_prices=2325 best_score=0 best_price=3.009553,5.01775 elapsed_sec=18750.77
[GA] phase=individual_start generation=6/8 individual=2/12 evals=74 stage2_unique_prices=2325 best_score=0 best_price=3.009553,5.01775 elapsed_sec=18750.77
[GA] phase=stage2_cache_hit generation=6/8 individual=2/12 evals=74 stage2_unique_prices=2325 best_score=0 best_price=3.009553,5.01775 elapsed_sec=18750.77
[GA] phase=objective_start generation=6/8 individual=2/12 evals=74 stage2_unique_prices=2325 best_score=0 best_price=3.009553,5.01775 elapsed_sec=18750.77
[GA] phase=individual_done generation=6/8 individual=2/12 evals=74 stage2_unique_prices=2325 best_score=0 best_price=3.009553,5.01775 elapsed_sec=18750.77
[GA] phase=individual_start generation=6/8 individual=3/12 evals=75 stage2_unique_prices=2325 best_score=0 best_price=3.009553,5.01775 elapsed_sec=18750.77
[GA] phase=stage2_cache_hit generation=6/8 individual=3/12 evals=75 stage2_unique_prices=2325 best_score=0 best_price=3.009553,5.01775 elapsed_sec=18750.77
[GA] phase=objective_start generation=6/8 individual=3/12 evals=75 stage2_unique_prices=2325 best_score=0 best_price=3.009553,5.01775 elapsed_sec=18750.77
[GA] phase=individual_done generation=6/8 individual=3/12 evals=75 stage2_unique_prices=2325 best_score=0 best_price=3.009553,5.01775 elapsed_sec=18750.77
[GA] phase=individual_start generation=6/8 individual=4/12 evals=76 stage2_unique_prices=2325 best_score=0 best_price=3.009553,5.01775 elapsed_sec=18750.77
[GA] phase=stage2_cache_hit generation=6/8 individual=4/12 evals=76 stage2_unique_prices=2325 best_score=0 best_price=3.009553,5.01775 elapsed_sec=18750.77
[GA] phase=objective_start generation=6/8 individual=4/12 evals=76 stage2_unique_prices=2325 best_score=0 best_price=3.009553,5.01775 elapsed_sec=18750.77
[GA] phase=individual_done generation=6/8 individual=4/12 evals=76 stage2_unique_prices=2325 best_score=0 best_price=3.009553,5.01775 elapsed_sec=18750.77
[GA] phase=individual_start generation=6/8 individual=5/12 evals=77 stage2_unique_prices=2325 best_score=0 best_price=3.009553,5.01775 elapsed_sec=18750.77
[GA] phase=stage2_cache_hit generation=6/8 individual=5/12 evals=77 stage2_unique_prices=2325 best_score=0 best_price=3.009553,5.01775 elapsed_sec=18750.77
[GA] phase=objective_start generation=6/8 individual=5/12 evals=77 stage2_unique_prices=2325 best_score=0 best_price=3.009553,5.01775 elapsed_sec=18750.77
[GA] phase=individual_done generation=6/8 individual=5/12 evals=77 stage2_unique_prices=2325 best_score=0 best_price=3.009553,5.01775 elapsed_sec=18750.77
[GA] phase=individual_start generation=6/8 individual=6/12 evals=78 stage2_unique_prices=2325 best_score=0 best_price=3.009553,5.01775 elapsed_sec=18750.77
[GA] phase=stage2_cache_hit generation=6/8 individual=6/12 evals=78 stage2_unique_prices=2325 best_score=0 best_price=3.009553,5.01775 elapsed_sec=18750.77
[GA] phase=objective_start generation=6/8 individual=6/12 evals=78 stage2_unique_prices=2325 best_score=0 best_price=3.009553,5.01775 elapsed_sec=18750.77
[GA] phase=individual_done generation=6/8 individual=6/12 evals=78 stage2_unique_prices=2325 best_score=0 best_price=3.009553,5.01775 elapsed_sec=18750.77
[GA] phase=individual_start generation=6/8 individual=7/12 evals=79 stage2_unique_prices=2325 best_score=0 best_price=3.009553,5.01775 elapsed_sec=18750.77
[GA] phase=stage2_start generation=6/8 individual=7/12 evals=79 stage2_unique_prices=2325 best_score=0 best_price=3.009553,5.01775 elapsed_sec=18750.77
[GA] phase=stage2_done generation=6/8 individual=7/12 evals=79 stage2_unique_prices=2326 best_score=0 best_price=3.009553,5.01775 elapsed_sec=18757.69
[GA] phase=objective_start generation=6/8 individual=7/12 evals=79 stage2_unique_prices=2326 best_score=0 best_price=3.009553,5.01775 elapsed_sec=18757.69
[GA] phase=individual_done generation=6/8 individual=7/12 evals=79 stage2_unique_prices=2376 best_score=0 best_price=3.009553,5.01775 elapsed_sec=19077.29
[GA] phase=individual_start generation=6/8 individual=8/12 evals=80 stage2_unique_prices=2376 best_score=0 best_price=3.009553,5.01775 elapsed_sec=19077.29
[GA] phase=stage2_start generation=6/8 individual=8/12 evals=80 stage2_unique_prices=2376 best_score=0 best_price=3.009553,5.01775 elapsed_sec=19077.29
[GA] phase=stage2_done generation=6/8 individual=8/12 evals=80 stage2_unique_prices=2377 best_score=0 best_price=3.009553,5.01775 elapsed_sec=19084.25
[GA] phase=objective_start generation=6/8 individual=8/12 evals=80 stage2_unique_prices=2377 best_score=0 best_price=3.009553,5.01775 elapsed_sec=19084.25
[GA] phase=individual_done generation=6/8 individual=8/12 evals=80 stage2_unique_prices=2427 best_score=0 best_price=3.009553,5.01775 elapsed_sec=19411.94
[GA] phase=individual_start generation=6/8 individual=9/12 evals=81 stage2_unique_prices=2427 best_score=0 best_price=3.009553,5.01775 elapsed_sec=19411.94
[GA] phase=stage2_cache_hit generation=6/8 individual=9/12 evals=81 stage2_unique_prices=2427 best_score=0 best_price=3.009553,5.01775 elapsed_sec=19411.94
[GA] phase=objective_start generation=6/8 individual=9/12 evals=81 stage2_unique_prices=2427 best_score=0 best_price=3.009553,5.01775 elapsed_sec=19411.94
[GA] phase=individual_done generation=6/8 individual=9/12 evals=81 stage2_unique_prices=2427 best_score=0 best_price=3.009553,5.01775 elapsed_sec=19411.94
[GA] phase=individual_start generation=6/8 individual=10/12 evals=82 stage2_unique_prices=2427 best_score=0 best_price=3.009553,5.01775 elapsed_sec=19411.94
[GA] phase=stage2_start generation=6/8 individual=10/12 evals=82 stage2_unique_prices=2427 best_score=0 best_price=3.009553,5.01775 elapsed_sec=19411.94
[GA] phase=stage2_done generation=6/8 individual=10/12 evals=82 stage2_unique_prices=2428 best_score=0 best_price=3.009553,5.01775 elapsed_sec=19417.36
[GA] phase=objective_start generation=6/8 individual=10/12 evals=82 stage2_unique_prices=2428 best_score=0 best_price=3.009553,5.01775 elapsed_sec=19417.36
[GA] phase=individual_done generation=6/8 individual=10/12 evals=82 stage2_unique_prices=2453 best_score=0 best_price=3.009553,5.01775 elapsed_sec=19559.97
[GA] phase=individual_start generation=6/8 individual=11/12 evals=83 stage2_unique_prices=2453 best_score=0 best_price=3.009553,5.01775 elapsed_sec=19559.97
[GA] phase=stage2_start generation=6/8 individual=11/12 evals=83 stage2_unique_prices=2453 best_score=0 best_price=3.009553,5.01775 elapsed_sec=19559.97
[GA] phase=stage2_done generation=6/8 individual=11/12 evals=83 stage2_unique_prices=2454 best_score=0 best_price=3.009553,5.01775 elapsed_sec=19566.98
[GA] phase=objective_start generation=6/8 individual=11/12 evals=83 stage2_unique_prices=2454 best_score=0 best_price=3.009553,5.01775 elapsed_sec=19566.98
[GA] phase=individual_done generation=6/8 individual=11/12 evals=83 stage2_unique_prices=2479 best_score=0 best_price=3.009553,5.01775 elapsed_sec=19725.90
[GA] phase=individual_start generation=6/8 individual=12/12 evals=84 stage2_unique_prices=2479 best_score=0 best_price=3.009553,5.01775 elapsed_sec=19725.90
[GA] phase=stage2_cache_hit generation=6/8 individual=12/12 evals=84 stage2_unique_prices=2479 best_score=0 best_price=3.009553,5.01775 elapsed_sec=19725.90
[GA] phase=objective_start generation=6/8 individual=12/12 evals=84 stage2_unique_prices=2479 best_score=0 best_price=3.009553,5.01775 elapsed_sec=19725.90
[GA] phase=individual_done generation=6/8 individual=12/12 evals=84 stage2_unique_prices=2479 best_score=0 best_price=3.009553,5.01775 elapsed_sec=19725.90
[GA] phase=population_done generation=6/8 evals=84 stage2_unique_prices=2479 best_score=0 best_price=3.009553,5.01775 elapsed_sec=19725.90
[GA] phase=population_start generation=7/8 evals=84 stage2_unique_prices=2479 best_score=0 best_price=3.009553,5.01775 elapsed_sec=19725.90
[GA] phase=individual_start generation=7/8 individual=1/12 evals=85 stage2_unique_prices=2479 best_score=0 best_price=3.009553,5.01775 elapsed_sec=19725.90
[GA] phase=stage2_cache_hit generation=7/8 individual=1/12 evals=85 stage2_unique_prices=2479 best_score=0 best_price=3.009553,5.01775 elapsed_sec=19725.90
[GA] phase=objective_start generation=7/8 individual=1/12 evals=85 stage2_unique_prices=2479 best_score=0 best_price=3.009553,5.01775 elapsed_sec=19725.90
[GA] phase=individual_done generation=7/8 individual=1/12 evals=85 stage2_unique_prices=2479 best_score=0 best_price=3.009553,5.01775 elapsed_sec=19725.90
[GA] phase=individual_start generation=7/8 individual=2/12 evals=86 stage2_unique_prices=2479 best_score=0 best_price=3.009553,5.01775 elapsed_sec=19725.90
[GA] phase=stage2_cache_hit generation=7/8 individual=2/12 evals=86 stage2_unique_prices=2479 best_score=0 best_price=3.009553,5.01775 elapsed_sec=19725.90
[GA] phase=objective_start generation=7/8 individual=2/12 evals=86 stage2_unique_prices=2479 best_score=0 best_price=3.009553,5.01775 elapsed_sec=19725.90
[GA] phase=individual_done generation=7/8 individual=2/12 evals=86 stage2_unique_prices=2479 best_score=0 best_price=3.009553,5.01775 elapsed_sec=19725.90
[GA] phase=individual_start generation=7/8 individual=3/12 evals=87 stage2_unique_prices=2479 best_score=0 best_price=3.009553,5.01775 elapsed_sec=19725.90
[GA] phase=stage2_cache_hit generation=7/8 individual=3/12 evals=87 stage2_unique_prices=2479 best_score=0 best_price=3.009553,5.01775 elapsed_sec=19725.90
[GA] phase=objective_start generation=7/8 individual=3/12 evals=87 stage2_unique_prices=2479 best_score=0 best_price=3.009553,5.01775 elapsed_sec=19725.90
[GA] phase=individual_done generation=7/8 individual=3/12 evals=87 stage2_unique_prices=2479 best_score=0 best_price=3.009553,5.01775 elapsed_sec=19725.90
[GA] phase=individual_start generation=7/8 individual=4/12 evals=88 stage2_unique_prices=2479 best_score=0 best_price=3.009553,5.01775 elapsed_sec=19725.90
[GA] phase=stage2_start generation=7/8 individual=4/12 evals=88 stage2_unique_prices=2479 best_score=0 best_price=3.009553,5.01775 elapsed_sec=19725.90
[GA] phase=stage2_done generation=7/8 individual=4/12 evals=88 stage2_unique_prices=2480 best_score=0 best_price=3.009553,5.01775 elapsed_sec=19732.89
[GA] phase=objective_start generation=7/8 individual=4/12 evals=88 stage2_unique_prices=2480 best_score=0 best_price=3.009553,5.01775 elapsed_sec=19732.89
[GA] phase=individual_done generation=7/8 individual=4/12 evals=88 stage2_unique_prices=2505 best_score=0 best_price=3.009553,5.01775 elapsed_sec=19878.68
[GA] phase=individual_start generation=7/8 individual=5/12 evals=89 stage2_unique_prices=2505 best_score=0 best_price=3.009553,5.01775 elapsed_sec=19878.68
[GA] phase=stage2_start generation=7/8 individual=5/12 evals=89 stage2_unique_prices=2505 best_score=0 best_price=3.009553,5.01775 elapsed_sec=19878.68
[GA] phase=stage2_done generation=7/8 individual=5/12 evals=89 stage2_unique_prices=2506 best_score=0 best_price=3.009553,5.01775 elapsed_sec=19885.64
[GA] phase=objective_start generation=7/8 individual=5/12 evals=89 stage2_unique_prices=2506 best_score=0 best_price=3.009553,5.01775 elapsed_sec=19885.64
[GA] phase=individual_done generation=7/8 individual=5/12 evals=89 stage2_unique_prices=2556 best_score=0 best_price=3.009553,5.01775 elapsed_sec=20207.60
[GA] phase=individual_start generation=7/8 individual=6/12 evals=90 stage2_unique_prices=2556 best_score=0 best_price=3.009553,5.01775 elapsed_sec=20207.60
[GA] phase=stage2_start generation=7/8 individual=6/12 evals=90 stage2_unique_prices=2556 best_score=0 best_price=3.009553,5.01775 elapsed_sec=20207.60
[GA] phase=stage2_done generation=7/8 individual=6/12 evals=90 stage2_unique_prices=2557 best_score=0 best_price=3.009553,5.01775 elapsed_sec=20214.58
[GA] phase=objective_start generation=7/8 individual=6/12 evals=90 stage2_unique_prices=2557 best_score=0 best_price=3.009553,5.01775 elapsed_sec=20214.58
[GA] phase=individual_done generation=7/8 individual=6/12 evals=90 stage2_unique_prices=2607 best_score=0 best_price=3.009553,5.01775 elapsed_sec=20538.30
[GA] phase=individual_start generation=7/8 individual=7/12 evals=91 stage2_unique_prices=2607 best_score=0 best_price=3.009553,5.01775 elapsed_sec=20538.30
[GA] phase=stage2_cache_hit generation=7/8 individual=7/12 evals=91 stage2_unique_prices=2607 best_score=0 best_price=3.009553,5.01775 elapsed_sec=20538.30
[GA] phase=objective_start generation=7/8 individual=7/12 evals=91 stage2_unique_prices=2607 best_score=0 best_price=3.009553,5.01775 elapsed_sec=20538.30
[GA] phase=individual_done generation=7/8 individual=7/12 evals=91 stage2_unique_prices=2607 best_score=0 best_price=3.009553,5.01775 elapsed_sec=20538.30
[GA] phase=individual_start generation=7/8 individual=8/12 evals=92 stage2_unique_prices=2607 best_score=0 best_price=3.009553,5.01775 elapsed_sec=20538.30
[GA] phase=stage2_start generation=7/8 individual=8/12 evals=92 stage2_unique_prices=2607 best_score=0 best_price=3.009553,5.01775 elapsed_sec=20538.30
[GA] phase=stage2_done generation=7/8 individual=8/12 evals=92 stage2_unique_prices=2608 best_score=0 best_price=3.009553,5.01775 elapsed_sec=20544.95
[GA] phase=objective_start generation=7/8 individual=8/12 evals=92 stage2_unique_prices=2608 best_score=0 best_price=3.009553,5.01775 elapsed_sec=20544.95
[GA] phase=individual_done generation=7/8 individual=8/12 evals=92 stage2_unique_prices=2633 best_score=0 best_price=3.009553,5.01775 elapsed_sec=20689.07
[GA] phase=individual_start generation=7/8 individual=9/12 evals=93 stage2_unique_prices=2633 best_score=0 best_price=3.009553,5.01775 elapsed_sec=20689.07
[GA] phase=stage2_cache_hit generation=7/8 individual=9/12 evals=93 stage2_unique_prices=2633 best_score=0 best_price=3.009553,5.01775 elapsed_sec=20689.07
[GA] phase=objective_start generation=7/8 individual=9/12 evals=93 stage2_unique_prices=2633 best_score=0 best_price=3.009553,5.01775 elapsed_sec=20689.07
[GA] phase=individual_done generation=7/8 individual=9/12 evals=93 stage2_unique_prices=2633 best_score=0 best_price=3.009553,5.01775 elapsed_sec=20689.07
[GA] phase=individual_start generation=7/8 individual=10/12 evals=94 stage2_unique_prices=2633 best_score=0 best_price=3.009553,5.01775 elapsed_sec=20689.07
[GA] phase=stage2_cache_hit generation=7/8 individual=10/12 evals=94 stage2_unique_prices=2633 best_score=0 best_price=3.009553,5.01775 elapsed_sec=20689.07
[GA] phase=objective_start generation=7/8 individual=10/12 evals=94 stage2_unique_prices=2633 best_score=0 best_price=3.009553,5.01775 elapsed_sec=20689.07
[GA] phase=individual_done generation=7/8 individual=10/12 evals=94 stage2_unique_prices=2633 best_score=0 best_price=3.009553,5.01775 elapsed_sec=20689.07
[GA] phase=individual_start generation=7/8 individual=11/12 evals=95 stage2_unique_prices=2633 best_score=0 best_price=3.009553,5.01775 elapsed_sec=20689.07
[GA] phase=stage2_start generation=7/8 individual=11/12 evals=95 stage2_unique_prices=2633 best_score=0 best_price=3.009553,5.01775 elapsed_sec=20689.07
[GA] phase=stage2_done generation=7/8 individual=11/12 evals=95 stage2_unique_prices=2634 best_score=0 best_price=3.009553,5.01775 elapsed_sec=20695.80
[GA] phase=objective_start generation=7/8 individual=11/12 evals=95 stage2_unique_prices=2634 best_score=0 best_price=3.009553,5.01775 elapsed_sec=20695.80
[GA] phase=individual_done generation=7/8 individual=11/12 evals=95 stage2_unique_prices=2684 best_score=0 best_price=3.009553,5.01775 elapsed_sec=21016.49
[GA] phase=individual_start generation=7/8 individual=12/12 evals=96 stage2_unique_prices=2684 best_score=0 best_price=3.009553,5.01775 elapsed_sec=21016.49
[GA] phase=stage2_start generation=7/8 individual=12/12 evals=96 stage2_unique_prices=2684 best_score=0 best_price=3.009553,5.01775 elapsed_sec=21016.49
[GA] phase=stage2_done generation=7/8 individual=12/12 evals=96 stage2_unique_prices=2685 best_score=0 best_price=3.009553,5.01775 elapsed_sec=21023.16
[GA] phase=objective_start generation=7/8 individual=12/12 evals=96 stage2_unique_prices=2685 best_score=0 best_price=3.009553,5.01775 elapsed_sec=21023.16
[GA] phase=individual_done generation=7/8 individual=12/12 evals=96 stage2_unique_prices=2735 best_score=0 best_price=3.009553,5.01775 elapsed_sec=21344.48
[GA] phase=population_done generation=7/8 evals=96 stage2_unique_prices=2735 best_score=0 best_price=3.009553,5.01775 elapsed_sec=21344.48
[GA] phase=population_start generation=8/8 evals=96 stage2_unique_prices=2735 best_score=0 best_price=3.009553,5.01775 elapsed_sec=21344.48
[GA] phase=individual_start generation=8/8 individual=1/12 evals=97 stage2_unique_prices=2735 best_score=0 best_price=3.009553,5.01775 elapsed_sec=21344.48
[GA] phase=stage2_cache_hit generation=8/8 individual=1/12 evals=97 stage2_unique_prices=2735 best_score=0 best_price=3.009553,5.01775 elapsed_sec=21344.48
[GA] phase=objective_start generation=8/8 individual=1/12 evals=97 stage2_unique_prices=2735 best_score=0 best_price=3.009553,5.01775 elapsed_sec=21344.48
[GA] phase=individual_done generation=8/8 individual=1/12 evals=97 stage2_unique_prices=2735 best_score=0 best_price=3.009553,5.01775 elapsed_sec=21344.48
[GA] phase=individual_start generation=8/8 individual=2/12 evals=98 stage2_unique_prices=2735 best_score=0 best_price=3.009553,5.01775 elapsed_sec=21344.48
[GA] phase=stage2_cache_hit generation=8/8 individual=2/12 evals=98 stage2_unique_prices=2735 best_score=0 best_price=3.009553,5.01775 elapsed_sec=21344.48
[GA] phase=objective_start generation=8/8 individual=2/12 evals=98 stage2_unique_prices=2735 best_score=0 best_price=3.009553,5.01775 elapsed_sec=21344.48
[GA] phase=individual_done generation=8/8 individual=2/12 evals=98 stage2_unique_prices=2735 best_score=0 best_price=3.009553,5.01775 elapsed_sec=21344.48
[GA] phase=individual_start generation=8/8 individual=3/12 evals=99 stage2_unique_prices=2735 best_score=0 best_price=3.009553,5.01775 elapsed_sec=21344.48
[GA] phase=stage2_cache_hit generation=8/8 individual=3/12 evals=99 stage2_unique_prices=2735 best_score=0 best_price=3.009553,5.01775 elapsed_sec=21344.48
[GA] phase=objective_start generation=8/8 individual=3/12 evals=99 stage2_unique_prices=2735 best_score=0 best_price=3.009553,5.01775 elapsed_sec=21344.48
[GA] phase=individual_done generation=8/8 individual=3/12 evals=99 stage2_unique_prices=2735 best_score=0 best_price=3.009553,5.01775 elapsed_sec=21344.48
[GA] phase=individual_start generation=8/8 individual=4/12 evals=100 stage2_unique_prices=2735 best_score=0 best_price=3.009553,5.01775 elapsed_sec=21344.48
[GA] phase=stage2_cache_hit generation=8/8 individual=4/12 evals=100 stage2_unique_prices=2735 best_score=0 best_price=3.009553,5.01775 elapsed_sec=21344.48
[GA] phase=objective_start generation=8/8 individual=4/12 evals=100 stage2_unique_prices=2735 best_score=0 best_price=3.009553,5.01775 elapsed_sec=21344.48
[GA] phase=individual_done generation=8/8 individual=4/12 evals=100 stage2_unique_prices=2735 best_score=0 best_price=3.009553,5.01775 elapsed_sec=21344.48
[GA] phase=individual_start generation=8/8 individual=5/12 evals=101 stage2_unique_prices=2735 best_score=0 best_price=3.009553,5.01775 elapsed_sec=21344.48
[GA] phase=stage2_cache_hit generation=8/8 individual=5/12 evals=101 stage2_unique_prices=2735 best_score=0 best_price=3.009553,5.01775 elapsed_sec=21344.48
[GA] phase=objective_start generation=8/8 individual=5/12 evals=101 stage2_unique_prices=2735 best_score=0 best_price=3.009553,5.01775 elapsed_sec=21344.48
[GA] phase=individual_done generation=8/8 individual=5/12 evals=101 stage2_unique_prices=2735 best_score=0 best_price=3.009553,5.01775 elapsed_sec=21344.48
[GA] phase=individual_start generation=8/8 individual=6/12 evals=102 stage2_unique_prices=2735 best_score=0 best_price=3.009553,5.01775 elapsed_sec=21344.48
[GA] phase=stage2_cache_hit generation=8/8 individual=6/12 evals=102 stage2_unique_prices=2735 best_score=0 best_price=3.009553,5.01775 elapsed_sec=21344.48
[GA] phase=objective_start generation=8/8 individual=6/12 evals=102 stage2_unique_prices=2735 best_score=0 best_price=3.009553,5.01775 elapsed_sec=21344.48
[GA] phase=individual_done generation=8/8 individual=6/12 evals=102 stage2_unique_prices=2735 best_score=0 best_price=3.009553,5.01775 elapsed_sec=21344.48
[GA] phase=individual_start generation=8/8 individual=7/12 evals=103 stage2_unique_prices=2735 best_score=0 best_price=3.009553,5.01775 elapsed_sec=21344.48
[GA] phase=stage2_start generation=8/8 individual=7/12 evals=103 stage2_unique_prices=2735 best_score=0 best_price=3.009553,5.01775 elapsed_sec=21344.48
[GA] phase=stage2_done generation=8/8 individual=7/12 evals=103 stage2_unique_prices=2736 best_score=0 best_price=3.009553,5.01775 elapsed_sec=21351.57
[GA] phase=objective_start generation=8/8 individual=7/12 evals=103 stage2_unique_prices=2736 best_score=0 best_price=3.009553,5.01775 elapsed_sec=21351.57
[GA] phase=individual_done generation=8/8 individual=7/12 evals=103 stage2_unique_prices=2786 best_score=0 best_price=3.009553,5.01775 elapsed_sec=21675.03
[GA] phase=individual_start generation=8/8 individual=8/12 evals=104 stage2_unique_prices=2786 best_score=0 best_price=3.009553,5.01775 elapsed_sec=21675.03
[GA] phase=stage2_start generation=8/8 individual=8/12 evals=104 stage2_unique_prices=2786 best_score=0 best_price=3.009553,5.01775 elapsed_sec=21675.03
[GA] phase=stage2_done generation=8/8 individual=8/12 evals=104 stage2_unique_prices=2787 best_score=0 best_price=3.009553,5.01775 elapsed_sec=21682.11
[GA] phase=objective_start generation=8/8 individual=8/12 evals=104 stage2_unique_prices=2787 best_score=0 best_price=3.009553,5.01775 elapsed_sec=21682.11
[GA] phase=individual_done generation=8/8 individual=8/12 evals=104 stage2_unique_prices=2837 best_score=0 best_price=3.009553,5.01775 elapsed_sec=22004.07
[GA] phase=individual_start generation=8/8 individual=9/12 evals=105 stage2_unique_prices=2837 best_score=0 best_price=3.009553,5.01775 elapsed_sec=22004.07
[GA] phase=stage2_start generation=8/8 individual=9/12 evals=105 stage2_unique_prices=2837 best_score=0 best_price=3.009553,5.01775 elapsed_sec=22004.07
[GA] phase=stage2_done generation=8/8 individual=9/12 evals=105 stage2_unique_prices=2838 best_score=0 best_price=3.009553,5.01775 elapsed_sec=22010.47
[GA] phase=objective_start generation=8/8 individual=9/12 evals=105 stage2_unique_prices=2838 best_score=0 best_price=3.009553,5.01775 elapsed_sec=22010.47
[GA] phase=individual_done generation=8/8 individual=9/12 evals=105 stage2_unique_prices=2863 best_score=0 best_price=3.009553,5.01775 elapsed_sec=22157.42
[GA] phase=individual_start generation=8/8 individual=10/12 evals=106 stage2_unique_prices=2863 best_score=0 best_price=3.009553,5.01775 elapsed_sec=22157.42
[GA] phase=stage2_cache_hit generation=8/8 individual=10/12 evals=106 stage2_unique_prices=2863 best_score=0 best_price=3.009553,5.01775 elapsed_sec=22157.42
[GA] phase=objective_start generation=8/8 individual=10/12 evals=106 stage2_unique_prices=2863 best_score=0 best_price=3.009553,5.01775 elapsed_sec=22157.42
[GA] phase=individual_done generation=8/8 individual=10/12 evals=106 stage2_unique_prices=2863 best_score=0 best_price=3.009553,5.01775 elapsed_sec=22157.42
[GA] phase=individual_start generation=8/8 individual=11/12 evals=107 stage2_unique_prices=2863 best_score=0 best_price=3.009553,5.01775 elapsed_sec=22157.42
[GA] phase=stage2_start generation=8/8 individual=11/12 evals=107 stage2_unique_prices=2863 best_score=0 best_price=3.009553,5.01775 elapsed_sec=22157.42
[GA] phase=stage2_done generation=8/8 individual=11/12 evals=107 stage2_unique_prices=2864 best_score=0 best_price=3.009553,5.01775 elapsed_sec=22164.51
[GA] phase=objective_start generation=8/8 individual=11/12 evals=107 stage2_unique_prices=2864 best_score=0 best_price=3.009553,5.01775 elapsed_sec=22164.51
[GA] phase=individual_done generation=8/8 individual=11/12 evals=107 stage2_unique_prices=2914 best_score=0 best_price=2.812959,5.252052 elapsed_sec=22487.07
[GA] phase=individual_start generation=8/8 individual=12/12 evals=108 stage2_unique_prices=2914 best_score=0 best_price=2.812959,5.252052 elapsed_sec=22487.07
[GA] phase=stage2_start generation=8/8 individual=12/12 evals=108 stage2_unique_prices=2914 best_score=0 best_price=2.812959,5.252052 elapsed_sec=22487.07
[GA] phase=stage2_done generation=8/8 individual=12/12 evals=108 stage2_unique_prices=2915 best_score=0 best_price=2.812959,5.252052 elapsed_sec=22494.11
[GA] phase=objective_start generation=8/8 individual=12/12 evals=108 stage2_unique_prices=2915 best_score=0 best_price=2.812959,5.252052 elapsed_sec=22494.11
[GA] phase=individual_done generation=8/8 individual=12/12 evals=108 stage2_unique_prices=2965 best_score=0 best_price=2.812959,5.252052 elapsed_sec=22817.01
[GA] phase=population_done generation=8/8 evals=108 stage2_unique_prices=2965 best_score=0 best_price=2.812959,5.252052 elapsed_sec=22817.01
[186/200] phase=done n_users=250 trial=6/10 method=GA
[187/200] phase=start n_users=250 trial=6/10 method=BO-online
[187/200] phase=done n_users=250 trial=6/10 method=BO-online
[188/200] phase=start n_users=250 trial=6/10 method=MARL
[188/200] phase=done n_users=250 trial=6/10 method=MARL
[189/200] phase=start n_users=250 trial=7/10 method=GA
[GA] phase=population_start generation=initial/8 evals=0 stage2_unique_prices=0 elapsed_sec=0.00
[GA] phase=individual_start generation=initial/8 individual=1/12 evals=1 stage2_unique_prices=0 elapsed_sec=0.00
[GA] phase=stage2_start generation=initial/8 individual=1/12 evals=1 stage2_unique_prices=0 elapsed_sec=0.00
[GA] phase=stage2_done generation=initial/8 individual=1/12 evals=1 stage2_unique_prices=1 elapsed_sec=7.73
[GA] phase=objective_start generation=initial/8 individual=1/12 evals=1 stage2_unique_prices=1 elapsed_sec=7.73
[GA] phase=individual_done generation=initial/8 individual=1/12 evals=1 stage2_unique_prices=51 best_score=220 best_price=0.5,0.5 elapsed_sec=353.43
[GA] phase=individual_start generation=initial/8 individual=2/12 evals=2 stage2_unique_prices=51 best_score=220 best_price=0.5,0.5 elapsed_sec=353.43
[GA] phase=stage2_start generation=initial/8 individual=2/12 evals=2 stage2_unique_prices=51 best_score=220 best_price=0.5,0.5 elapsed_sec=353.43
[GA] phase=stage2_done generation=initial/8 individual=2/12 evals=2 stage2_unique_prices=52 best_score=220 best_price=0.5,0.5 elapsed_sec=361.04
[GA] phase=objective_start generation=initial/8 individual=2/12 evals=2 stage2_unique_prices=52 best_score=220 best_price=0.5,0.5 elapsed_sec=361.04
[GA] phase=individual_done generation=initial/8 individual=2/12 evals=2 stage2_unique_prices=102 best_score=139.979121156 best_price=0.121696,5.031579 elapsed_sec=683.17
[GA] phase=individual_start generation=initial/8 individual=3/12 evals=3 stage2_unique_prices=102 best_score=139.979121156 best_price=0.121696,5.031579 elapsed_sec=683.17
[GA] phase=stage2_start generation=initial/8 individual=3/12 evals=3 stage2_unique_prices=102 best_score=139.979121156 best_price=0.121696,5.031579 elapsed_sec=683.17
[GA] phase=stage2_done generation=initial/8 individual=3/12 evals=3 stage2_unique_prices=103 best_score=139.979121156 best_price=0.121696,5.031579 elapsed_sec=688.68
[GA] phase=objective_start generation=initial/8 individual=3/12 evals=3 stage2_unique_prices=103 best_score=139.979121156 best_price=0.121696,5.031579 elapsed_sec=688.68
[GA] phase=individual_done generation=initial/8 individual=3/12 evals=3 stage2_unique_prices=153 best_score=53.6845340971 best_price=4.144049,2.473006 elapsed_sec=970.84
[GA] phase=individual_start generation=initial/8 individual=4/12 evals=4 stage2_unique_prices=153 best_score=53.6845340971 best_price=4.144049,2.473006 elapsed_sec=970.84
[GA] phase=stage2_start generation=initial/8 individual=4/12 evals=4 stage2_unique_prices=153 best_score=53.6845340971 best_price=4.144049,2.473006 elapsed_sec=970.84
[GA] phase=stage2_done generation=initial/8 individual=4/12 evals=4 stage2_unique_prices=154 best_score=53.6845340971 best_price=4.144049,2.473006 elapsed_sec=975.09
[GA] phase=objective_start generation=initial/8 individual=4/12 evals=4 stage2_unique_prices=154 best_score=53.6845340971 best_price=4.144049,2.473006 elapsed_sec=975.09
[GA] phase=individual_done generation=initial/8 individual=4/12 evals=4 stage2_unique_prices=204 best_score=43.4486135694 best_price=3.643208,5.481398 elapsed_sec=1229.86
[GA] phase=individual_start generation=initial/8 individual=5/12 evals=5 stage2_unique_prices=204 best_score=43.4486135694 best_price=3.643208,5.481398 elapsed_sec=1229.86
[GA] phase=stage2_start generation=initial/8 individual=5/12 evals=5 stage2_unique_prices=204 best_score=43.4486135694 best_price=3.643208,5.481398 elapsed_sec=1229.86
[GA] phase=stage2_done generation=initial/8 individual=5/12 evals=5 stage2_unique_prices=205 best_score=43.4486135694 best_price=3.643208,5.481398 elapsed_sec=1237.48
[GA] phase=objective_start generation=initial/8 individual=5/12 evals=5 stage2_unique_prices=205 best_score=43.4486135694 best_price=3.643208,5.481398 elapsed_sec=1237.48
[GA] phase=individual_done generation=initial/8 individual=5/12 evals=5 stage2_unique_prices=255 best_score=43.4486135694 best_price=3.643208,5.481398 elapsed_sec=1582.55
[GA] phase=individual_start generation=initial/8 individual=6/12 evals=6 stage2_unique_prices=255 best_score=43.4486135694 best_price=3.643208,5.481398 elapsed_sec=1582.55
[GA] phase=stage2_start generation=initial/8 individual=6/12 evals=6 stage2_unique_prices=255 best_score=43.4486135694 best_price=3.643208,5.481398 elapsed_sec=1582.55
[GA] phase=stage2_done generation=initial/8 individual=6/12 evals=6 stage2_unique_prices=256 best_score=43.4486135694 best_price=3.643208,5.481398 elapsed_sec=1590.23
[GA] phase=objective_start generation=initial/8 individual=6/12 evals=6 stage2_unique_prices=256 best_score=43.4486135694 best_price=3.643208,5.481398 elapsed_sec=1590.23
[GA] phase=individual_done generation=initial/8 individual=6/12 evals=6 stage2_unique_prices=306 best_score=43.4486135694 best_price=3.643208,5.481398 elapsed_sec=1936.66
[GA] phase=individual_start generation=initial/8 individual=7/12 evals=7 stage2_unique_prices=306 best_score=43.4486135694 best_price=3.643208,5.481398 elapsed_sec=1936.66
[GA] phase=stage2_start generation=initial/8 individual=7/12 evals=7 stage2_unique_prices=306 best_score=43.4486135694 best_price=3.643208,5.481398 elapsed_sec=1936.66
[GA] phase=stage2_done generation=initial/8 individual=7/12 evals=7 stage2_unique_prices=307 best_score=43.4486135694 best_price=3.643208,5.481398 elapsed_sec=1942.20
[GA] phase=objective_start generation=initial/8 individual=7/12 evals=7 stage2_unique_prices=307 best_score=43.4486135694 best_price=3.643208,5.481398 elapsed_sec=1942.20
[GA] phase=individual_done generation=initial/8 individual=7/12 evals=7 stage2_unique_prices=357 best_score=43.4486135694 best_price=3.643208,5.481398 elapsed_sec=2224.99
[GA] phase=individual_start generation=initial/8 individual=8/12 evals=8 stage2_unique_prices=357 best_score=43.4486135694 best_price=3.643208,5.481398 elapsed_sec=2224.99
[GA] phase=stage2_start generation=initial/8 individual=8/12 evals=8 stage2_unique_prices=357 best_score=43.4486135694 best_price=3.643208,5.481398 elapsed_sec=2224.99
[GA] phase=stage2_done generation=initial/8 individual=8/12 evals=8 stage2_unique_prices=358 best_score=43.4486135694 best_price=3.643208,5.481398 elapsed_sec=2229.85
[GA] phase=objective_start generation=initial/8 individual=8/12 evals=8 stage2_unique_prices=358 best_score=43.4486135694 best_price=3.643208,5.481398 elapsed_sec=2229.85
[GA] phase=individual_done generation=initial/8 individual=8/12 evals=8 stage2_unique_prices=408 best_score=19.7629396858 best_price=3.647875,4.940528 elapsed_sec=2494.45
[GA] phase=individual_start generation=initial/8 individual=9/12 evals=9 stage2_unique_prices=408 best_score=19.7629396858 best_price=3.647875,4.940528 elapsed_sec=2494.45
[GA] phase=stage2_start generation=initial/8 individual=9/12 evals=9 stage2_unique_prices=408 best_score=19.7629396858 best_price=3.647875,4.940528 elapsed_sec=2494.45
[GA] phase=stage2_done generation=initial/8 individual=9/12 evals=9 stage2_unique_prices=409 best_score=19.7629396858 best_price=3.647875,4.940528 elapsed_sec=2500.57
[GA] phase=objective_start generation=initial/8 individual=9/12 evals=9 stage2_unique_prices=409 best_score=19.7629396858 best_price=3.647875,4.940528 elapsed_sec=2500.57
[GA] phase=individual_done generation=initial/8 individual=9/12 evals=9 stage2_unique_prices=459 best_score=8.40260242227 best_price=2.482911,5.300653 elapsed_sec=2786.36
[GA] phase=individual_start generation=initial/8 individual=10/12 evals=10 stage2_unique_prices=459 best_score=8.40260242227 best_price=2.482911,5.300653 elapsed_sec=2786.36
[GA] phase=stage2_start generation=initial/8 individual=10/12 evals=10 stage2_unique_prices=459 best_score=8.40260242227 best_price=2.482911,5.300653 elapsed_sec=2786.36
[GA] phase=stage2_done generation=initial/8 individual=10/12 evals=10 stage2_unique_prices=460 best_score=8.40260242227 best_price=2.482911,5.300653 elapsed_sec=2791.22
[GA] phase=objective_start generation=initial/8 individual=10/12 evals=10 stage2_unique_prices=460 best_score=8.40260242227 best_price=2.482911,5.300653 elapsed_sec=2791.22
[GA] phase=individual_done generation=initial/8 individual=10/12 evals=10 stage2_unique_prices=510 best_score=8.40260242227 best_price=2.482911,5.300653 elapsed_sec=3049.44
[GA] phase=individual_start generation=initial/8 individual=11/12 evals=11 stage2_unique_prices=510 best_score=8.40260242227 best_price=2.482911,5.300653 elapsed_sec=3049.44
[GA] phase=stage2_start generation=initial/8 individual=11/12 evals=11 stage2_unique_prices=510 best_score=8.40260242227 best_price=2.482911,5.300653 elapsed_sec=3049.44
[GA] phase=stage2_done generation=initial/8 individual=11/12 evals=11 stage2_unique_prices=511 best_score=8.40260242227 best_price=2.482911,5.300653 elapsed_sec=3057.08
[GA] phase=objective_start generation=initial/8 individual=11/12 evals=11 stage2_unique_prices=511 best_score=8.40260242227 best_price=2.482911,5.300653 elapsed_sec=3057.08
[GA] phase=individual_done generation=initial/8 individual=11/12 evals=11 stage2_unique_prices=561 best_score=8.40260242227 best_price=2.482911,5.300653 elapsed_sec=3402.07
[GA] phase=individual_start generation=initial/8 individual=12/12 evals=12 stage2_unique_prices=561 best_score=8.40260242227 best_price=2.482911,5.300653 elapsed_sec=3402.07
[GA] phase=stage2_start generation=initial/8 individual=12/12 evals=12 stage2_unique_prices=561 best_score=8.40260242227 best_price=2.482911,5.300653 elapsed_sec=3402.07
[GA] phase=stage2_done generation=initial/8 individual=12/12 evals=12 stage2_unique_prices=562 best_score=8.40260242227 best_price=2.482911,5.300653 elapsed_sec=3409.18
[GA] phase=objective_start generation=initial/8 individual=12/12 evals=12 stage2_unique_prices=562 best_score=8.40260242227 best_price=2.482911,5.300653 elapsed_sec=3409.18
[GA] phase=individual_done generation=initial/8 individual=12/12 evals=12 stage2_unique_prices=612 best_score=8.40260242227 best_price=2.482911,5.300653 elapsed_sec=3766.66
[GA] phase=population_done generation=initial/8 evals=12 stage2_unique_prices=612 best_score=8.40260242227 best_price=2.482911,5.300653 elapsed_sec=3766.66
[GA] phase=population_start generation=1/8 evals=12 stage2_unique_prices=612 best_score=8.40260242227 best_price=2.482911,5.300653 elapsed_sec=3766.66
[GA] phase=individual_start generation=1/8 individual=1/12 evals=13 stage2_unique_prices=612 best_score=8.40260242227 best_price=2.482911,5.300653 elapsed_sec=3766.66
[GA] phase=stage2_cache_hit generation=1/8 individual=1/12 evals=13 stage2_unique_prices=612 best_score=8.40260242227 best_price=2.482911,5.300653 elapsed_sec=3766.66
[GA] phase=objective_start generation=1/8 individual=1/12 evals=13 stage2_unique_prices=612 best_score=8.40260242227 best_price=2.482911,5.300653 elapsed_sec=3766.66
[GA] phase=individual_done generation=1/8 individual=1/12 evals=13 stage2_unique_prices=612 best_score=8.40260242227 best_price=2.482911,5.300653 elapsed_sec=3766.66
[GA] phase=individual_start generation=1/8 individual=2/12 evals=14 stage2_unique_prices=612 best_score=8.40260242227 best_price=2.482911,5.300653 elapsed_sec=3766.66
[GA] phase=stage2_cache_hit generation=1/8 individual=2/12 evals=14 stage2_unique_prices=612 best_score=8.40260242227 best_price=2.482911,5.300653 elapsed_sec=3766.66
[GA] phase=objective_start generation=1/8 individual=2/12 evals=14 stage2_unique_prices=612 best_score=8.40260242227 best_price=2.482911,5.300653 elapsed_sec=3766.66
[GA] phase=individual_done generation=1/8 individual=2/12 evals=14 stage2_unique_prices=612 best_score=8.40260242227 best_price=2.482911,5.300653 elapsed_sec=3766.66
[GA] phase=individual_start generation=1/8 individual=3/12 evals=15 stage2_unique_prices=612 best_score=8.40260242227 best_price=2.482911,5.300653 elapsed_sec=3766.66
[GA] phase=stage2_start generation=1/8 individual=3/12 evals=15 stage2_unique_prices=612 best_score=8.40260242227 best_price=2.482911,5.300653 elapsed_sec=3766.66
[GA] phase=stage2_done generation=1/8 individual=3/12 evals=15 stage2_unique_prices=613 best_score=8.40260242227 best_price=2.482911,5.300653 elapsed_sec=3773.37
[GA] phase=objective_start generation=1/8 individual=3/12 evals=15 stage2_unique_prices=613 best_score=8.40260242227 best_price=2.482911,5.300653 elapsed_sec=3773.37
[GA] phase=individual_done generation=1/8 individual=3/12 evals=15 stage2_unique_prices=663 best_score=8.40260242227 best_price=2.482911,5.300653 elapsed_sec=4135.64
[GA] phase=individual_start generation=1/8 individual=4/12 evals=16 stage2_unique_prices=663 best_score=8.40260242227 best_price=2.482911,5.300653 elapsed_sec=4135.64
[GA] phase=stage2_start generation=1/8 individual=4/12 evals=16 stage2_unique_prices=663 best_score=8.40260242227 best_price=2.482911,5.300653 elapsed_sec=4135.64
[GA] phase=stage2_done generation=1/8 individual=4/12 evals=16 stage2_unique_prices=664 best_score=8.40260242227 best_price=2.482911,5.300653 elapsed_sec=4144.68
[GA] phase=objective_start generation=1/8 individual=4/12 evals=16 stage2_unique_prices=664 best_score=8.40260242227 best_price=2.482911,5.300653 elapsed_sec=4144.68
[GA] phase=individual_done generation=1/8 individual=4/12 evals=16 stage2_unique_prices=714 best_score=8.40260242227 best_price=2.482911,5.300653 elapsed_sec=4497.43
[GA] phase=individual_start generation=1/8 individual=5/12 evals=17 stage2_unique_prices=714 best_score=8.40260242227 best_price=2.482911,5.300653 elapsed_sec=4497.43
[GA] phase=stage2_start generation=1/8 individual=5/12 evals=17 stage2_unique_prices=714 best_score=8.40260242227 best_price=2.482911,5.300653 elapsed_sec=4497.43
[GA] phase=stage2_done generation=1/8 individual=5/12 evals=17 stage2_unique_prices=715 best_score=8.40260242227 best_price=2.482911,5.300653 elapsed_sec=4502.89
[GA] phase=objective_start generation=1/8 individual=5/12 evals=17 stage2_unique_prices=715 best_score=8.40260242227 best_price=2.482911,5.300653 elapsed_sec=4502.89
[GA] phase=individual_done generation=1/8 individual=5/12 evals=17 stage2_unique_prices=765 best_score=8.40260242227 best_price=2.482911,5.300653 elapsed_sec=4779.75
[GA] phase=individual_start generation=1/8 individual=6/12 evals=18 stage2_unique_prices=765 best_score=8.40260242227 best_price=2.482911,5.300653 elapsed_sec=4779.75
[GA] phase=stage2_start generation=1/8 individual=6/12 evals=18 stage2_unique_prices=765 best_score=8.40260242227 best_price=2.482911,5.300653 elapsed_sec=4779.75
[GA] phase=stage2_done generation=1/8 individual=6/12 evals=18 stage2_unique_prices=766 best_score=8.40260242227 best_price=2.482911,5.300653 elapsed_sec=4784.94
[GA] phase=objective_start generation=1/8 individual=6/12 evals=18 stage2_unique_prices=766 best_score=8.40260242227 best_price=2.482911,5.300653 elapsed_sec=4784.94
[GA] phase=individual_done generation=1/8 individual=6/12 evals=18 stage2_unique_prices=816 best_score=6.54700886614 best_price=4.858381,3.392798 elapsed_sec=5052.67
[GA] phase=individual_start generation=1/8 individual=7/12 evals=19 stage2_unique_prices=816 best_score=6.54700886614 best_price=4.858381,3.392798 elapsed_sec=5052.67
[GA] phase=stage2_start generation=1/8 individual=7/12 evals=19 stage2_unique_prices=816 best_score=6.54700886614 best_price=4.858381,3.392798 elapsed_sec=5052.67
[GA] phase=stage2_done generation=1/8 individual=7/12 evals=19 stage2_unique_prices=817 best_score=6.54700886614 best_price=4.858381,3.392798 elapsed_sec=5058.17
[GA] phase=objective_start generation=1/8 individual=7/12 evals=19 stage2_unique_prices=817 best_score=6.54700886614 best_price=4.858381,3.392798 elapsed_sec=5058.17
[GA] phase=individual_done generation=1/8 individual=7/12 evals=19 stage2_unique_prices=867 best_score=6.54700886614 best_price=4.858381,3.392798 elapsed_sec=5336.71
[GA] phase=individual_start generation=1/8 individual=8/12 evals=20 stage2_unique_prices=867 best_score=6.54700886614 best_price=4.858381,3.392798 elapsed_sec=5336.71
[GA] phase=stage2_start generation=1/8 individual=8/12 evals=20 stage2_unique_prices=867 best_score=6.54700886614 best_price=4.858381,3.392798 elapsed_sec=5336.71
[GA] phase=stage2_done generation=1/8 individual=8/12 evals=20 stage2_unique_prices=868 best_score=6.54700886614 best_price=4.858381,3.392798 elapsed_sec=5342.21
[GA] phase=objective_start generation=1/8 individual=8/12 evals=20 stage2_unique_prices=868 best_score=6.54700886614 best_price=4.858381,3.392798 elapsed_sec=5342.21
[GA] phase=individual_done generation=1/8 individual=8/12 evals=20 stage2_unique_prices=918 best_score=6.54700886614 best_price=4.858381,3.392798 elapsed_sec=5619.71
[GA] phase=individual_start generation=1/8 individual=9/12 evals=21 stage2_unique_prices=918 best_score=6.54700886614 best_price=4.858381,3.392798 elapsed_sec=5619.71
[GA] phase=stage2_start generation=1/8 individual=9/12 evals=21 stage2_unique_prices=918 best_score=6.54700886614 best_price=4.858381,3.392798 elapsed_sec=5619.71
[GA] phase=stage2_done generation=1/8 individual=9/12 evals=21 stage2_unique_prices=919 best_score=6.54700886614 best_price=4.858381,3.392798 elapsed_sec=5625.52
[GA] phase=objective_start generation=1/8 individual=9/12 evals=21 stage2_unique_prices=919 best_score=6.54700886614 best_price=4.858381,3.392798 elapsed_sec=5625.52
[GA] phase=individual_done generation=1/8 individual=9/12 evals=21 stage2_unique_prices=969 best_score=5.71606657325 best_price=3.264387,4.14808 elapsed_sec=5908.83
[GA] phase=individual_start generation=1/8 individual=10/12 evals=22 stage2_unique_prices=969 best_score=5.71606657325 best_price=3.264387,4.14808 elapsed_sec=5908.83
[GA] phase=stage2_start generation=1/8 individual=10/12 evals=22 stage2_unique_prices=969 best_score=5.71606657325 best_price=3.264387,4.14808 elapsed_sec=5908.83
[GA] phase=stage2_done generation=1/8 individual=10/12 evals=22 stage2_unique_prices=970 best_score=5.71606657325 best_price=3.264387,4.14808 elapsed_sec=5914.32
[GA] phase=objective_start generation=1/8 individual=10/12 evals=22 stage2_unique_prices=970 best_score=5.71606657325 best_price=3.264387,4.14808 elapsed_sec=5914.32
[GA] phase=individual_done generation=1/8 individual=10/12 evals=22 stage2_unique_prices=1020 best_score=5.71606657325 best_price=3.264387,4.14808 elapsed_sec=6189.10
[GA] phase=individual_start generation=1/8 individual=11/12 evals=23 stage2_unique_prices=1020 best_score=5.71606657325 best_price=3.264387,4.14808 elapsed_sec=6189.10
[GA] phase=stage2_start generation=1/8 individual=11/12 evals=23 stage2_unique_prices=1020 best_score=5.71606657325 best_price=3.264387,4.14808 elapsed_sec=6189.10
[GA] phase=stage2_done generation=1/8 individual=11/12 evals=23 stage2_unique_prices=1021 best_score=5.71606657325 best_price=3.264387,4.14808 elapsed_sec=6194.64
[GA] phase=objective_start generation=1/8 individual=11/12 evals=23 stage2_unique_prices=1021 best_score=5.71606657325 best_price=3.264387,4.14808 elapsed_sec=6194.64
[GA] phase=individual_done generation=1/8 individual=11/12 evals=23 stage2_unique_prices=1071 best_score=5.71606657325 best_price=3.264387,4.14808 elapsed_sec=6474.67
[GA] phase=individual_start generation=1/8 individual=12/12 evals=24 stage2_unique_prices=1071 best_score=5.71606657325 best_price=3.264387,4.14808 elapsed_sec=6474.67
[GA] phase=stage2_start generation=1/8 individual=12/12 evals=24 stage2_unique_prices=1071 best_score=5.71606657325 best_price=3.264387,4.14808 elapsed_sec=6474.67
[GA] phase=stage2_done generation=1/8 individual=12/12 evals=24 stage2_unique_prices=1072 best_score=5.71606657325 best_price=3.264387,4.14808 elapsed_sec=6479.15
[GA] phase=objective_start generation=1/8 individual=12/12 evals=24 stage2_unique_prices=1072 best_score=5.71606657325 best_price=3.264387,4.14808 elapsed_sec=6479.15
[GA] phase=individual_done generation=1/8 individual=12/12 evals=24 stage2_unique_prices=1122 best_score=5.71606657325 best_price=3.264387,4.14808 elapsed_sec=6745.43
[GA] phase=population_done generation=1/8 evals=24 stage2_unique_prices=1122 best_score=5.71606657325 best_price=3.264387,4.14808 elapsed_sec=6745.43
[GA] phase=population_start generation=2/8 evals=24 stage2_unique_prices=1122 best_score=5.71606657325 best_price=3.264387,4.14808 elapsed_sec=6745.43
[GA] phase=individual_start generation=2/8 individual=1/12 evals=25 stage2_unique_prices=1122 best_score=5.71606657325 best_price=3.264387,4.14808 elapsed_sec=6745.43
[GA] phase=stage2_cache_hit generation=2/8 individual=1/12 evals=25 stage2_unique_prices=1122 best_score=5.71606657325 best_price=3.264387,4.14808 elapsed_sec=6745.43
[GA] phase=objective_start generation=2/8 individual=1/12 evals=25 stage2_unique_prices=1122 best_score=5.71606657325 best_price=3.264387,4.14808 elapsed_sec=6745.43
[GA] phase=individual_done generation=2/8 individual=1/12 evals=25 stage2_unique_prices=1122 best_score=5.71606657325 best_price=3.264387,4.14808 elapsed_sec=6745.43
[GA] phase=individual_start generation=2/8 individual=2/12 evals=26 stage2_unique_prices=1122 best_score=5.71606657325 best_price=3.264387,4.14808 elapsed_sec=6745.43
[GA] phase=stage2_cache_hit generation=2/8 individual=2/12 evals=26 stage2_unique_prices=1122 best_score=5.71606657325 best_price=3.264387,4.14808 elapsed_sec=6745.43
[GA] phase=objective_start generation=2/8 individual=2/12 evals=26 stage2_unique_prices=1122 best_score=5.71606657325 best_price=3.264387,4.14808 elapsed_sec=6745.43
[GA] phase=individual_done generation=2/8 individual=2/12 evals=26 stage2_unique_prices=1122 best_score=5.71606657325 best_price=3.264387,4.14808 elapsed_sec=6745.43
[GA] phase=individual_start generation=2/8 individual=3/12 evals=27 stage2_unique_prices=1122 best_score=5.71606657325 best_price=3.264387,4.14808 elapsed_sec=6745.43
[GA] phase=stage2_start generation=2/8 individual=3/12 evals=27 stage2_unique_prices=1122 best_score=5.71606657325 best_price=3.264387,4.14808 elapsed_sec=6745.43
[GA] phase=stage2_done generation=2/8 individual=3/12 evals=27 stage2_unique_prices=1123 best_score=5.71606657325 best_price=3.264387,4.14808 elapsed_sec=6750.89
[GA] phase=objective_start generation=2/8 individual=3/12 evals=27 stage2_unique_prices=1123 best_score=5.71606657325 best_price=3.264387,4.14808 elapsed_sec=6750.89
[GA] phase=individual_done generation=2/8 individual=3/12 evals=27 stage2_unique_prices=1173 best_score=5.71606657325 best_price=3.264387,4.14808 elapsed_sec=7032.88
[GA] phase=individual_start generation=2/8 individual=4/12 evals=28 stage2_unique_prices=1173 best_score=5.71606657325 best_price=3.264387,4.14808 elapsed_sec=7032.88
[GA] phase=stage2_start generation=2/8 individual=4/12 evals=28 stage2_unique_prices=1173 best_score=5.71606657325 best_price=3.264387,4.14808 elapsed_sec=7032.88
[GA] phase=stage2_done generation=2/8 individual=4/12 evals=28 stage2_unique_prices=1174 best_score=5.71606657325 best_price=3.264387,4.14808 elapsed_sec=7038.37
[GA] phase=objective_start generation=2/8 individual=4/12 evals=28 stage2_unique_prices=1174 best_score=5.71606657325 best_price=3.264387,4.14808 elapsed_sec=7038.37
[GA] phase=individual_done generation=2/8 individual=4/12 evals=28 stage2_unique_prices=1224 best_score=5.71606657325 best_price=3.264387,4.14808 elapsed_sec=7314.17
[GA] phase=individual_start generation=2/8 individual=5/12 evals=29 stage2_unique_prices=1224 best_score=5.71606657325 best_price=3.264387,4.14808 elapsed_sec=7314.17
[GA] phase=stage2_start generation=2/8 individual=5/12 evals=29 stage2_unique_prices=1224 best_score=5.71606657325 best_price=3.264387,4.14808 elapsed_sec=7314.17
[GA] phase=stage2_done generation=2/8 individual=5/12 evals=29 stage2_unique_prices=1225 best_score=5.71606657325 best_price=3.264387,4.14808 elapsed_sec=7319.64
[GA] phase=objective_start generation=2/8 individual=5/12 evals=29 stage2_unique_prices=1225 best_score=5.71606657325 best_price=3.264387,4.14808 elapsed_sec=7319.64
[GA] phase=individual_done generation=2/8 individual=5/12 evals=29 stage2_unique_prices=1275 best_score=5.71606657325 best_price=3.264387,4.14808 elapsed_sec=7600.89
[GA] phase=individual_start generation=2/8 individual=6/12 evals=30 stage2_unique_prices=1275 best_score=5.71606657325 best_price=3.264387,4.14808 elapsed_sec=7600.89
[GA] phase=stage2_start generation=2/8 individual=6/12 evals=30 stage2_unique_prices=1275 best_score=5.71606657325 best_price=3.264387,4.14808 elapsed_sec=7600.89
[GA] phase=stage2_done generation=2/8 individual=6/12 evals=30 stage2_unique_prices=1276 best_score=5.71606657325 best_price=3.264387,4.14808 elapsed_sec=7606.34
[GA] phase=objective_start generation=2/8 individual=6/12 evals=30 stage2_unique_prices=1276 best_score=5.71606657325 best_price=3.264387,4.14808 elapsed_sec=7606.34
[GA] phase=individual_done generation=2/8 individual=6/12 evals=30 stage2_unique_prices=1326 best_score=5.71606657325 best_price=3.264387,4.14808 elapsed_sec=7889.14
[GA] phase=individual_start generation=2/8 individual=7/12 evals=31 stage2_unique_prices=1326 best_score=5.71606657325 best_price=3.264387,4.14808 elapsed_sec=7889.14
[GA] phase=stage2_start generation=2/8 individual=7/12 evals=31 stage2_unique_prices=1326 best_score=5.71606657325 best_price=3.264387,4.14808 elapsed_sec=7889.14
[GA] phase=stage2_done generation=2/8 individual=7/12 evals=31 stage2_unique_prices=1327 best_score=5.71606657325 best_price=3.264387,4.14808 elapsed_sec=7894.98
[GA] phase=objective_start generation=2/8 individual=7/12 evals=31 stage2_unique_prices=1327 best_score=5.71606657325 best_price=3.264387,4.14808 elapsed_sec=7894.98
[GA] phase=individual_done generation=2/8 individual=7/12 evals=31 stage2_unique_prices=1352 best_score=5.71606657325 best_price=3.264387,4.14808 elapsed_sec=8034.35
[GA] phase=individual_start generation=2/8 individual=8/12 evals=32 stage2_unique_prices=1352 best_score=5.71606657325 best_price=3.264387,4.14808 elapsed_sec=8034.35
[GA] phase=stage2_cache_hit generation=2/8 individual=8/12 evals=32 stage2_unique_prices=1352 best_score=5.71606657325 best_price=3.264387,4.14808 elapsed_sec=8034.35
[GA] phase=objective_start generation=2/8 individual=8/12 evals=32 stage2_unique_prices=1352 best_score=5.71606657325 best_price=3.264387,4.14808 elapsed_sec=8034.35
[GA] phase=individual_done generation=2/8 individual=8/12 evals=32 stage2_unique_prices=1352 best_score=5.71606657325 best_price=3.264387,4.14808 elapsed_sec=8034.35
[GA] phase=individual_start generation=2/8 individual=9/12 evals=33 stage2_unique_prices=1352 best_score=5.71606657325 best_price=3.264387,4.14808 elapsed_sec=8034.35
[GA] phase=stage2_start generation=2/8 individual=9/12 evals=33 stage2_unique_prices=1352 best_score=5.71606657325 best_price=3.264387,4.14808 elapsed_sec=8034.35
[GA] phase=stage2_done generation=2/8 individual=9/12 evals=33 stage2_unique_prices=1353 best_score=5.71606657325 best_price=3.264387,4.14808 elapsed_sec=8039.86
[GA] phase=objective_start generation=2/8 individual=9/12 evals=33 stage2_unique_prices=1353 best_score=5.71606657325 best_price=3.264387,4.14808 elapsed_sec=8039.86
[GA] phase=individual_done generation=2/8 individual=9/12 evals=33 stage2_unique_prices=1403 best_score=5.71606657325 best_price=3.264387,4.14808 elapsed_sec=8322.15
[GA] phase=individual_start generation=2/8 individual=10/12 evals=34 stage2_unique_prices=1403 best_score=5.71606657325 best_price=3.264387,4.14808 elapsed_sec=8322.15
[GA] phase=stage2_start generation=2/8 individual=10/12 evals=34 stage2_unique_prices=1403 best_score=5.71606657325 best_price=3.264387,4.14808 elapsed_sec=8322.15
[GA] phase=stage2_done generation=2/8 individual=10/12 evals=34 stage2_unique_prices=1404 best_score=5.71606657325 best_price=3.264387,4.14808 elapsed_sec=8327.65
[GA] phase=objective_start generation=2/8 individual=10/12 evals=34 stage2_unique_prices=1404 best_score=5.71606657325 best_price=3.264387,4.14808 elapsed_sec=8327.65
[GA] phase=individual_done generation=2/8 individual=10/12 evals=34 stage2_unique_prices=1454 best_score=5.71606657325 best_price=3.264387,4.14808 elapsed_sec=8622.30
[GA] phase=individual_start generation=2/8 individual=11/12 evals=35 stage2_unique_prices=1454 best_score=5.71606657325 best_price=3.264387,4.14808 elapsed_sec=8622.30
[GA] phase=stage2_start generation=2/8 individual=11/12 evals=35 stage2_unique_prices=1454 best_score=5.71606657325 best_price=3.264387,4.14808 elapsed_sec=8622.30
[GA] phase=stage2_done generation=2/8 individual=11/12 evals=35 stage2_unique_prices=1455 best_score=5.71606657325 best_price=3.264387,4.14808 elapsed_sec=8627.60
[GA] phase=objective_start generation=2/8 individual=11/12 evals=35 stage2_unique_prices=1455 best_score=5.71606657325 best_price=3.264387,4.14808 elapsed_sec=8627.60
[GA] phase=individual_done generation=2/8 individual=11/12 evals=35 stage2_unique_prices=1505 best_score=3.80080961091 best_price=4.425149,3.598964 elapsed_sec=8891.25
[GA] phase=individual_start generation=2/8 individual=12/12 evals=36 stage2_unique_prices=1505 best_score=3.80080961091 best_price=4.425149,3.598964 elapsed_sec=8891.25
[GA] phase=stage2_start generation=2/8 individual=12/12 evals=36 stage2_unique_prices=1505 best_score=3.80080961091 best_price=4.425149,3.598964 elapsed_sec=8891.25
[GA] phase=stage2_done generation=2/8 individual=12/12 evals=36 stage2_unique_prices=1506 best_score=3.80080961091 best_price=4.425149,3.598964 elapsed_sec=8896.19
[GA] phase=objective_start generation=2/8 individual=12/12 evals=36 stage2_unique_prices=1506 best_score=3.80080961091 best_price=4.425149,3.598964 elapsed_sec=8896.19
[GA] phase=individual_done generation=2/8 individual=12/12 evals=36 stage2_unique_prices=1556 best_score=3.80080961091 best_price=4.425149,3.598964 elapsed_sec=9150.18
[GA] phase=population_done generation=2/8 evals=36 stage2_unique_prices=1556 best_score=3.80080961091 best_price=4.425149,3.598964 elapsed_sec=9150.18
[GA] phase=population_start generation=3/8 evals=36 stage2_unique_prices=1556 best_score=3.80080961091 best_price=4.425149,3.598964 elapsed_sec=9150.18
[GA] phase=individual_start generation=3/8 individual=1/12 evals=37 stage2_unique_prices=1556 best_score=3.80080961091 best_price=4.425149,3.598964 elapsed_sec=9150.18
[GA] phase=stage2_cache_hit generation=3/8 individual=1/12 evals=37 stage2_unique_prices=1556 best_score=3.80080961091 best_price=4.425149,3.598964 elapsed_sec=9150.18
[GA] phase=objective_start generation=3/8 individual=1/12 evals=37 stage2_unique_prices=1556 best_score=3.80080961091 best_price=4.425149,3.598964 elapsed_sec=9150.18
[GA] phase=individual_done generation=3/8 individual=1/12 evals=37 stage2_unique_prices=1556 best_score=3.80080961091 best_price=4.425149,3.598964 elapsed_sec=9150.18
[GA] phase=individual_start generation=3/8 individual=2/12 evals=38 stage2_unique_prices=1556 best_score=3.80080961091 best_price=4.425149,3.598964 elapsed_sec=9150.18
[GA] phase=stage2_cache_hit generation=3/8 individual=2/12 evals=38 stage2_unique_prices=1556 best_score=3.80080961091 best_price=4.425149,3.598964 elapsed_sec=9150.18
[GA] phase=objective_start generation=3/8 individual=2/12 evals=38 stage2_unique_prices=1556 best_score=3.80080961091 best_price=4.425149,3.598964 elapsed_sec=9150.18
[GA] phase=individual_done generation=3/8 individual=2/12 evals=38 stage2_unique_prices=1556 best_score=3.80080961091 best_price=4.425149,3.598964 elapsed_sec=9150.18
[GA] phase=individual_start generation=3/8 individual=3/12 evals=39 stage2_unique_prices=1556 best_score=3.80080961091 best_price=4.425149,3.598964 elapsed_sec=9150.18
[GA] phase=stage2_start generation=3/8 individual=3/12 evals=39 stage2_unique_prices=1556 best_score=3.80080961091 best_price=4.425149,3.598964 elapsed_sec=9150.18
[GA] phase=stage2_done generation=3/8 individual=3/12 evals=39 stage2_unique_prices=1557 best_score=3.80080961091 best_price=4.425149,3.598964 elapsed_sec=9155.20
[GA] phase=objective_start generation=3/8 individual=3/12 evals=39 stage2_unique_prices=1557 best_score=3.80080961091 best_price=4.425149,3.598964 elapsed_sec=9155.20
[GA] phase=individual_done generation=3/8 individual=3/12 evals=39 stage2_unique_prices=1582 best_score=3.80080961091 best_price=4.425149,3.598964 elapsed_sec=9298.02
[GA] phase=individual_start generation=3/8 individual=4/12 evals=40 stage2_unique_prices=1582 best_score=3.80080961091 best_price=4.425149,3.598964 elapsed_sec=9298.02
[GA] phase=stage2_cache_hit generation=3/8 individual=4/12 evals=40 stage2_unique_prices=1582 best_score=3.80080961091 best_price=4.425149,3.598964 elapsed_sec=9298.02
[GA] phase=objective_start generation=3/8 individual=4/12 evals=40 stage2_unique_prices=1582 best_score=3.80080961091 best_price=4.425149,3.598964 elapsed_sec=9298.02
[GA] phase=individual_done generation=3/8 individual=4/12 evals=40 stage2_unique_prices=1582 best_score=3.80080961091 best_price=4.425149,3.598964 elapsed_sec=9298.02
[GA] phase=individual_start generation=3/8 individual=5/12 evals=41 stage2_unique_prices=1582 best_score=3.80080961091 best_price=4.425149,3.598964 elapsed_sec=9298.02
[GA] phase=stage2_start generation=3/8 individual=5/12 evals=41 stage2_unique_prices=1582 best_score=3.80080961091 best_price=4.425149,3.598964 elapsed_sec=9298.02
[GA] phase=stage2_done generation=3/8 individual=5/12 evals=41 stage2_unique_prices=1583 best_score=3.80080961091 best_price=4.425149,3.598964 elapsed_sec=9303.47
[GA] phase=objective_start generation=3/8 individual=5/12 evals=41 stage2_unique_prices=1583 best_score=3.80080961091 best_price=4.425149,3.598964 elapsed_sec=9303.47
[GA] phase=individual_done generation=3/8 individual=5/12 evals=41 stage2_unique_prices=1633 best_score=3.80080961091 best_price=4.425149,3.598964 elapsed_sec=9571.47
[GA] phase=individual_start generation=3/8 individual=6/12 evals=42 stage2_unique_prices=1633 best_score=3.80080961091 best_price=4.425149,3.598964 elapsed_sec=9571.47
[GA] phase=stage2_start generation=3/8 individual=6/12 evals=42 stage2_unique_prices=1633 best_score=3.80080961091 best_price=4.425149,3.598964 elapsed_sec=9571.47
[GA] phase=stage2_done generation=3/8 individual=6/12 evals=42 stage2_unique_prices=1634 best_score=3.80080961091 best_price=4.425149,3.598964 elapsed_sec=9577.38
[GA] phase=objective_start generation=3/8 individual=6/12 evals=42 stage2_unique_prices=1634 best_score=3.80080961091 best_price=4.425149,3.598964 elapsed_sec=9577.38
[GA] phase=individual_done generation=3/8 individual=6/12 evals=42 stage2_unique_prices=1684 best_score=3.80080961091 best_price=4.425149,3.598964 elapsed_sec=9882.28
[GA] phase=individual_start generation=3/8 individual=7/12 evals=43 stage2_unique_prices=1684 best_score=3.80080961091 best_price=4.425149,3.598964 elapsed_sec=9882.28
[GA] phase=stage2_start generation=3/8 individual=7/12 evals=43 stage2_unique_prices=1684 best_score=3.80080961091 best_price=4.425149,3.598964 elapsed_sec=9882.28
[GA] phase=stage2_done generation=3/8 individual=7/12 evals=43 stage2_unique_prices=1685 best_score=3.80080961091 best_price=4.425149,3.598964 elapsed_sec=9888.76
[GA] phase=objective_start generation=3/8 individual=7/12 evals=43 stage2_unique_prices=1685 best_score=3.80080961091 best_price=4.425149,3.598964 elapsed_sec=9888.76
[GA] phase=individual_done generation=3/8 individual=7/12 evals=43 stage2_unique_prices=1735 best_score=3.80080961091 best_price=4.425149,3.598964 elapsed_sec=10198.28
[GA] phase=individual_start generation=3/8 individual=8/12 evals=44 stage2_unique_prices=1735 best_score=3.80080961091 best_price=4.425149,3.598964 elapsed_sec=10198.28
[GA] phase=stage2_start generation=3/8 individual=8/12 evals=44 stage2_unique_prices=1735 best_score=3.80080961091 best_price=4.425149,3.598964 elapsed_sec=10198.28
[GA] phase=stage2_done generation=3/8 individual=8/12 evals=44 stage2_unique_prices=1736 best_score=3.80080961091 best_price=4.425149,3.598964 elapsed_sec=10203.57
[GA] phase=objective_start generation=3/8 individual=8/12 evals=44 stage2_unique_prices=1736 best_score=3.80080961091 best_price=4.425149,3.598964 elapsed_sec=10203.57
[GA] phase=individual_done generation=3/8 individual=8/12 evals=44 stage2_unique_prices=1786 best_score=3.80080961091 best_price=4.425149,3.598964 elapsed_sec=10497.76
[GA] phase=individual_start generation=3/8 individual=9/12 evals=45 stage2_unique_prices=1786 best_score=3.80080961091 best_price=4.425149,3.598964 elapsed_sec=10497.76
[GA] phase=stage2_start generation=3/8 individual=9/12 evals=45 stage2_unique_prices=1786 best_score=3.80080961091 best_price=4.425149,3.598964 elapsed_sec=10497.76
[GA] phase=stage2_done generation=3/8 individual=9/12 evals=45 stage2_unique_prices=1787 best_score=3.80080961091 best_price=4.425149,3.598964 elapsed_sec=10502.83
[GA] phase=objective_start generation=3/8 individual=9/12 evals=45 stage2_unique_prices=1787 best_score=3.80080961091 best_price=4.425149,3.598964 elapsed_sec=10502.83
[GA] phase=individual_done generation=3/8 individual=9/12 evals=45 stage2_unique_prices=1812 best_score=3.80080961091 best_price=4.425149,3.598964 elapsed_sec=10614.32
[GA] phase=individual_start generation=3/8 individual=10/12 evals=46 stage2_unique_prices=1812 best_score=3.80080961091 best_price=4.425149,3.598964 elapsed_sec=10614.32
[GA] phase=stage2_cache_hit generation=3/8 individual=10/12 evals=46 stage2_unique_prices=1812 best_score=3.80080961091 best_price=4.425149,3.598964 elapsed_sec=10614.32
[GA] phase=objective_start generation=3/8 individual=10/12 evals=46 stage2_unique_prices=1812 best_score=3.80080961091 best_price=4.425149,3.598964 elapsed_sec=10614.32
[GA] phase=individual_done generation=3/8 individual=10/12 evals=46 stage2_unique_prices=1812 best_score=3.80080961091 best_price=4.425149,3.598964 elapsed_sec=10614.32
[GA] phase=individual_start generation=3/8 individual=11/12 evals=47 stage2_unique_prices=1812 best_score=3.80080961091 best_price=4.425149,3.598964 elapsed_sec=10614.32
[GA] phase=stage2_start generation=3/8 individual=11/12 evals=47 stage2_unique_prices=1812 best_score=3.80080961091 best_price=4.425149,3.598964 elapsed_sec=10614.32
[GA] phase=stage2_done generation=3/8 individual=11/12 evals=47 stage2_unique_prices=1813 best_score=3.80080961091 best_price=4.425149,3.598964 elapsed_sec=10619.73
[GA] phase=objective_start generation=3/8 individual=11/12 evals=47 stage2_unique_prices=1813 best_score=3.80080961091 best_price=4.425149,3.598964 elapsed_sec=10619.73
[GA] phase=individual_done generation=3/8 individual=11/12 evals=47 stage2_unique_prices=1838 best_score=3.12908153346 best_price=3.849,4.14808 elapsed_sec=10747.29
[GA] phase=individual_start generation=3/8 individual=12/12 evals=48 stage2_unique_prices=1838 best_score=3.12908153346 best_price=3.849,4.14808 elapsed_sec=10747.29
[GA] phase=stage2_start generation=3/8 individual=12/12 evals=48 stage2_unique_prices=1838 best_score=3.12908153346 best_price=3.849,4.14808 elapsed_sec=10747.29
[GA] phase=stage2_done generation=3/8 individual=12/12 evals=48 stage2_unique_prices=1839 best_score=3.12908153346 best_price=3.849,4.14808 elapsed_sec=10752.74
[GA] phase=objective_start generation=3/8 individual=12/12 evals=48 stage2_unique_prices=1839 best_score=3.12908153346 best_price=3.849,4.14808 elapsed_sec=10752.74
[GA] phase=individual_done generation=3/8 individual=12/12 evals=48 stage2_unique_prices=1889 best_score=3.12908153346 best_price=3.849,4.14808 elapsed_sec=11039.92
[GA] phase=population_done generation=3/8 evals=48 stage2_unique_prices=1889 best_score=3.12908153346 best_price=3.849,4.14808 elapsed_sec=11039.92
[GA] phase=population_start generation=4/8 evals=48 stage2_unique_prices=1889 best_score=3.12908153346 best_price=3.849,4.14808 elapsed_sec=11039.92
[GA] phase=individual_start generation=4/8 individual=1/12 evals=49 stage2_unique_prices=1889 best_score=3.12908153346 best_price=3.849,4.14808 elapsed_sec=11039.92
[GA] phase=stage2_cache_hit generation=4/8 individual=1/12 evals=49 stage2_unique_prices=1889 best_score=3.12908153346 best_price=3.849,4.14808 elapsed_sec=11039.92
[GA] phase=objective_start generation=4/8 individual=1/12 evals=49 stage2_unique_prices=1889 best_score=3.12908153346 best_price=3.849,4.14808 elapsed_sec=11039.92
[GA] phase=individual_done generation=4/8 individual=1/12 evals=49 stage2_unique_prices=1889 best_score=3.12908153346 best_price=3.849,4.14808 elapsed_sec=11039.92
[GA] phase=individual_start generation=4/8 individual=2/12 evals=50 stage2_unique_prices=1889 best_score=3.12908153346 best_price=3.849,4.14808 elapsed_sec=11039.92
[GA] phase=stage2_cache_hit generation=4/8 individual=2/12 evals=50 stage2_unique_prices=1889 best_score=3.12908153346 best_price=3.849,4.14808 elapsed_sec=11039.92
[GA] phase=objective_start generation=4/8 individual=2/12 evals=50 stage2_unique_prices=1889 best_score=3.12908153346 best_price=3.849,4.14808 elapsed_sec=11039.92
[GA] phase=individual_done generation=4/8 individual=2/12 evals=50 stage2_unique_prices=1889 best_score=3.12908153346 best_price=3.849,4.14808 elapsed_sec=11039.92
[GA] phase=individual_start generation=4/8 individual=3/12 evals=51 stage2_unique_prices=1889 best_score=3.12908153346 best_price=3.849,4.14808 elapsed_sec=11039.92
[GA] phase=stage2_cache_hit generation=4/8 individual=3/12 evals=51 stage2_unique_prices=1889 best_score=3.12908153346 best_price=3.849,4.14808 elapsed_sec=11039.92
[GA] phase=objective_start generation=4/8 individual=3/12 evals=51 stage2_unique_prices=1889 best_score=3.12908153346 best_price=3.849,4.14808 elapsed_sec=11039.92
[GA] phase=individual_done generation=4/8 individual=3/12 evals=51 stage2_unique_prices=1889 best_score=3.12908153346 best_price=3.849,4.14808 elapsed_sec=11039.92
[GA] phase=individual_start generation=4/8 individual=4/12 evals=52 stage2_unique_prices=1889 best_score=3.12908153346 best_price=3.849,4.14808 elapsed_sec=11039.92
[GA] phase=stage2_cache_hit generation=4/8 individual=4/12 evals=52 stage2_unique_prices=1889 best_score=3.12908153346 best_price=3.849,4.14808 elapsed_sec=11039.92
[GA] phase=objective_start generation=4/8 individual=4/12 evals=52 stage2_unique_prices=1889 best_score=3.12908153346 best_price=3.849,4.14808 elapsed_sec=11039.92
[GA] phase=individual_done generation=4/8 individual=4/12 evals=52 stage2_unique_prices=1889 best_score=3.12908153346 best_price=3.849,4.14808 elapsed_sec=11039.92
[GA] phase=individual_start generation=4/8 individual=5/12 evals=53 stage2_unique_prices=1889 best_score=3.12908153346 best_price=3.849,4.14808 elapsed_sec=11039.92
[GA] phase=stage2_cache_hit generation=4/8 individual=5/12 evals=53 stage2_unique_prices=1889 best_score=3.12908153346 best_price=3.849,4.14808 elapsed_sec=11039.92
[GA] phase=objective_start generation=4/8 individual=5/12 evals=53 stage2_unique_prices=1889 best_score=3.12908153346 best_price=3.849,4.14808 elapsed_sec=11039.92
[GA] phase=individual_done generation=4/8 individual=5/12 evals=53 stage2_unique_prices=1889 best_score=3.12908153346 best_price=3.849,4.14808 elapsed_sec=11039.92
[GA] phase=individual_start generation=4/8 individual=6/12 evals=54 stage2_unique_prices=1889 best_score=3.12908153346 best_price=3.849,4.14808 elapsed_sec=11039.92
[GA] phase=stage2_cache_hit generation=4/8 individual=6/12 evals=54 stage2_unique_prices=1889 best_score=3.12908153346 best_price=3.849,4.14808 elapsed_sec=11039.92
[GA] phase=objective_start generation=4/8 individual=6/12 evals=54 stage2_unique_prices=1889 best_score=3.12908153346 best_price=3.849,4.14808 elapsed_sec=11039.92
[GA] phase=individual_done generation=4/8 individual=6/12 evals=54 stage2_unique_prices=1889 best_score=3.12908153346 best_price=3.849,4.14808 elapsed_sec=11039.92
[GA] phase=individual_start generation=4/8 individual=7/12 evals=55 stage2_unique_prices=1889 best_score=3.12908153346 best_price=3.849,4.14808 elapsed_sec=11039.92
[GA] phase=stage2_cache_hit generation=4/8 individual=7/12 evals=55 stage2_unique_prices=1889 best_score=3.12908153346 best_price=3.849,4.14808 elapsed_sec=11039.92
[GA] phase=objective_start generation=4/8 individual=7/12 evals=55 stage2_unique_prices=1889 best_score=3.12908153346 best_price=3.849,4.14808 elapsed_sec=11039.92
[GA] phase=individual_done generation=4/8 individual=7/12 evals=55 stage2_unique_prices=1889 best_score=3.12908153346 best_price=3.849,4.14808 elapsed_sec=11039.92
[GA] phase=individual_start generation=4/8 individual=8/12 evals=56 stage2_unique_prices=1889 best_score=3.12908153346 best_price=3.849,4.14808 elapsed_sec=11039.92
[GA] phase=stage2_start generation=4/8 individual=8/12 evals=56 stage2_unique_prices=1889 best_score=3.12908153346 best_price=3.849,4.14808 elapsed_sec=11039.92
[GA] phase=stage2_done generation=4/8 individual=8/12 evals=56 stage2_unique_prices=1890 best_score=3.12908153346 best_price=3.849,4.14808 elapsed_sec=11048.49
[GA] phase=objective_start generation=4/8 individual=8/12 evals=56 stage2_unique_prices=1890 best_score=3.12908153346 best_price=3.849,4.14808 elapsed_sec=11048.49
[GA] phase=individual_done generation=4/8 individual=8/12 evals=56 stage2_unique_prices=1915 best_score=3.12908153346 best_price=3.849,4.14808 elapsed_sec=11228.28
[GA] phase=individual_start generation=4/8 individual=9/12 evals=57 stage2_unique_prices=1915 best_score=3.12908153346 best_price=3.849,4.14808 elapsed_sec=11228.28
[GA] phase=stage2_start generation=4/8 individual=9/12 evals=57 stage2_unique_prices=1915 best_score=3.12908153346 best_price=3.849,4.14808 elapsed_sec=11228.28
[GA] phase=stage2_done generation=4/8 individual=9/12 evals=57 stage2_unique_prices=1916 best_score=3.12908153346 best_price=3.849,4.14808 elapsed_sec=11234.72
[GA] phase=objective_start generation=4/8 individual=9/12 evals=57 stage2_unique_prices=1916 best_score=3.12908153346 best_price=3.849,4.14808 elapsed_sec=11234.72
[GA] phase=individual_done generation=4/8 individual=9/12 evals=57 stage2_unique_prices=1966 best_score=3.12908153346 best_price=3.849,4.14808 elapsed_sec=11519.22
[GA] phase=individual_start generation=4/8 individual=10/12 evals=58 stage2_unique_prices=1966 best_score=3.12908153346 best_price=3.849,4.14808 elapsed_sec=11519.22
[GA] phase=stage2_start generation=4/8 individual=10/12 evals=58 stage2_unique_prices=1966 best_score=3.12908153346 best_price=3.849,4.14808 elapsed_sec=11519.22
[GA] phase=stage2_done generation=4/8 individual=10/12 evals=58 stage2_unique_prices=1967 best_score=3.12908153346 best_price=3.849,4.14808 elapsed_sec=11524.76
[GA] phase=objective_start generation=4/8 individual=10/12 evals=58 stage2_unique_prices=1967 best_score=3.12908153346 best_price=3.849,4.14808 elapsed_sec=11524.76
[GA] phase=individual_done generation=4/8 individual=10/12 evals=58 stage2_unique_prices=1992 best_score=3.12908153346 best_price=3.849,4.14808 elapsed_sec=11660.66
[GA] phase=individual_start generation=4/8 individual=11/12 evals=59 stage2_unique_prices=1992 best_score=3.12908153346 best_price=3.849,4.14808 elapsed_sec=11660.66
[GA] phase=stage2_start generation=4/8 individual=11/12 evals=59 stage2_unique_prices=1992 best_score=3.12908153346 best_price=3.849,4.14808 elapsed_sec=11660.66
[GA] phase=stage2_done generation=4/8 individual=11/12 evals=59 stage2_unique_prices=1993 best_score=3.12908153346 best_price=3.849,4.14808 elapsed_sec=11666.99
[GA] phase=objective_start generation=4/8 individual=11/12 evals=59 stage2_unique_prices=1993 best_score=3.12908153346 best_price=3.849,4.14808 elapsed_sec=11666.99
[GA] phase=individual_done generation=4/8 individual=11/12 evals=59 stage2_unique_prices=2043 best_score=3.12908153346 best_price=3.849,4.14808 elapsed_sec=11941.81
[GA] phase=individual_start generation=4/8 individual=12/12 evals=60 stage2_unique_prices=2043 best_score=3.12908153346 best_price=3.849,4.14808 elapsed_sec=11941.81
[GA] phase=stage2_start generation=4/8 individual=12/12 evals=60 stage2_unique_prices=2043 best_score=3.12908153346 best_price=3.849,4.14808 elapsed_sec=11941.81
[GA] phase=stage2_done generation=4/8 individual=12/12 evals=60 stage2_unique_prices=2044 best_score=3.12908153346 best_price=3.849,4.14808 elapsed_sec=11948.16
[GA] phase=objective_start generation=4/8 individual=12/12 evals=60 stage2_unique_prices=2044 best_score=3.12908153346 best_price=3.849,4.14808 elapsed_sec=11948.16
[GA] phase=individual_done generation=4/8 individual=12/12 evals=60 stage2_unique_prices=2094 best_score=3.12908153346 best_price=3.849,4.14808 elapsed_sec=12251.91
[GA] phase=population_done generation=4/8 evals=60 stage2_unique_prices=2094 best_score=3.12908153346 best_price=3.849,4.14808 elapsed_sec=12251.91
[GA] phase=population_start generation=5/8 evals=60 stage2_unique_prices=2094 best_score=3.12908153346 best_price=3.849,4.14808 elapsed_sec=12251.91
[GA] phase=individual_start generation=5/8 individual=1/12 evals=61 stage2_unique_prices=2094 best_score=3.12908153346 best_price=3.849,4.14808 elapsed_sec=12251.91
[GA] phase=stage2_cache_hit generation=5/8 individual=1/12 evals=61 stage2_unique_prices=2094 best_score=3.12908153346 best_price=3.849,4.14808 elapsed_sec=12251.91
[GA] phase=objective_start generation=5/8 individual=1/12 evals=61 stage2_unique_prices=2094 best_score=3.12908153346 best_price=3.849,4.14808 elapsed_sec=12251.91
[GA] phase=individual_done generation=5/8 individual=1/12 evals=61 stage2_unique_prices=2094 best_score=3.12908153346 best_price=3.849,4.14808 elapsed_sec=12251.91
[GA] phase=individual_start generation=5/8 individual=2/12 evals=62 stage2_unique_prices=2094 best_score=3.12908153346 best_price=3.849,4.14808 elapsed_sec=12251.91
[GA] phase=stage2_cache_hit generation=5/8 individual=2/12 evals=62 stage2_unique_prices=2094 best_score=3.12908153346 best_price=3.849,4.14808 elapsed_sec=12251.91
[GA] phase=objective_start generation=5/8 individual=2/12 evals=62 stage2_unique_prices=2094 best_score=3.12908153346 best_price=3.849,4.14808 elapsed_sec=12251.91
[GA] phase=individual_done generation=5/8 individual=2/12 evals=62 stage2_unique_prices=2094 best_score=3.12908153346 best_price=3.849,4.14808 elapsed_sec=12251.91
[GA] phase=individual_start generation=5/8 individual=3/12 evals=63 stage2_unique_prices=2094 best_score=3.12908153346 best_price=3.849,4.14808 elapsed_sec=12251.91
[GA] phase=stage2_start generation=5/8 individual=3/12 evals=63 stage2_unique_prices=2094 best_score=3.12908153346 best_price=3.849,4.14808 elapsed_sec=12251.91
[GA] phase=stage2_done generation=5/8 individual=3/12 evals=63 stage2_unique_prices=2095 best_score=3.12908153346 best_price=3.849,4.14808 elapsed_sec=12257.36
[GA] phase=objective_start generation=5/8 individual=3/12 evals=63 stage2_unique_prices=2095 best_score=3.12908153346 best_price=3.849,4.14808 elapsed_sec=12257.36
[GA] phase=individual_done generation=5/8 individual=3/12 evals=63 stage2_unique_prices=2120 best_score=3.12908153346 best_price=3.849,4.14808 elapsed_sec=12404.27
[GA] phase=individual_start generation=5/8 individual=4/12 evals=64 stage2_unique_prices=2120 best_score=3.12908153346 best_price=3.849,4.14808 elapsed_sec=12404.27
[GA] phase=stage2_start generation=5/8 individual=4/12 evals=64 stage2_unique_prices=2120 best_score=3.12908153346 best_price=3.849,4.14808 elapsed_sec=12404.27
[GA] phase=stage2_done generation=5/8 individual=4/12 evals=64 stage2_unique_prices=2121 best_score=3.12908153346 best_price=3.849,4.14808 elapsed_sec=12409.55
[GA] phase=objective_start generation=5/8 individual=4/12 evals=64 stage2_unique_prices=2121 best_score=3.12908153346 best_price=3.849,4.14808 elapsed_sec=12409.55
[GA] phase=individual_done generation=5/8 individual=4/12 evals=64 stage2_unique_prices=2146 best_score=3.12908153346 best_price=3.849,4.14808 elapsed_sec=12554.81
[GA] phase=individual_start generation=5/8 individual=5/12 evals=65 stage2_unique_prices=2146 best_score=3.12908153346 best_price=3.849,4.14808 elapsed_sec=12554.81
[GA] phase=stage2_start generation=5/8 individual=5/12 evals=65 stage2_unique_prices=2146 best_score=3.12908153346 best_price=3.849,4.14808 elapsed_sec=12554.81
[GA] phase=stage2_done generation=5/8 individual=5/12 evals=65 stage2_unique_prices=2147 best_score=3.12908153346 best_price=3.849,4.14808 elapsed_sec=12559.82
[GA] phase=objective_start generation=5/8 individual=5/12 evals=65 stage2_unique_prices=2147 best_score=3.12908153346 best_price=3.849,4.14808 elapsed_sec=12559.82
[GA] phase=individual_done generation=5/8 individual=5/12 evals=65 stage2_unique_prices=2172 best_score=3.12908153346 best_price=3.849,4.14808 elapsed_sec=12695.65
[GA] phase=individual_start generation=5/8 individual=6/12 evals=66 stage2_unique_prices=2172 best_score=3.12908153346 best_price=3.849,4.14808 elapsed_sec=12695.65
[GA] phase=stage2_start generation=5/8 individual=6/12 evals=66 stage2_unique_prices=2172 best_score=3.12908153346 best_price=3.849,4.14808 elapsed_sec=12695.65
[GA] phase=stage2_done generation=5/8 individual=6/12 evals=66 stage2_unique_prices=2173 best_score=3.12908153346 best_price=3.849,4.14808 elapsed_sec=12701.05
[GA] phase=objective_start generation=5/8 individual=6/12 evals=66 stage2_unique_prices=2173 best_score=3.12908153346 best_price=3.849,4.14808 elapsed_sec=12701.05
[GA] phase=individual_done generation=5/8 individual=6/12 evals=66 stage2_unique_prices=2223 best_score=0.695855022261 best_price=4.339977,3.71857 elapsed_sec=12966.15
[GA] phase=individual_start generation=5/8 individual=7/12 evals=67 stage2_unique_prices=2223 best_score=0.695855022261 best_price=4.339977,3.71857 elapsed_sec=12966.15
[GA] phase=stage2_start generation=5/8 individual=7/12 evals=67 stage2_unique_prices=2223 best_score=0.695855022261 best_price=4.339977,3.71857 elapsed_sec=12966.15
[GA] phase=stage2_done generation=5/8 individual=7/12 evals=67 stage2_unique_prices=2224 best_score=0.695855022261 best_price=4.339977,3.71857 elapsed_sec=12971.54
[GA] phase=objective_start generation=5/8 individual=7/12 evals=67 stage2_unique_prices=2224 best_score=0.695855022261 best_price=4.339977,3.71857 elapsed_sec=12971.54
[GA] phase=individual_done generation=5/8 individual=7/12 evals=67 stage2_unique_prices=2274 best_score=0.695855022261 best_price=4.339977,3.71857 elapsed_sec=13252.82
[GA] phase=individual_start generation=5/8 individual=8/12 evals=68 stage2_unique_prices=2274 best_score=0.695855022261 best_price=4.339977,3.71857 elapsed_sec=13252.82
[GA] phase=stage2_start generation=5/8 individual=8/12 evals=68 stage2_unique_prices=2274 best_score=0.695855022261 best_price=4.339977,3.71857 elapsed_sec=13252.82
[GA] phase=stage2_done generation=5/8 individual=8/12 evals=68 stage2_unique_prices=2275 best_score=0.695855022261 best_price=4.339977,3.71857 elapsed_sec=13259.48
[GA] phase=objective_start generation=5/8 individual=8/12 evals=68 stage2_unique_prices=2275 best_score=0.695855022261 best_price=4.339977,3.71857 elapsed_sec=13259.48
[GA] phase=individual_done generation=5/8 individual=8/12 evals=68 stage2_unique_prices=2325 best_score=0.695855022261 best_price=4.339977,3.71857 elapsed_sec=13595.59
[GA] phase=individual_start generation=5/8 individual=9/12 evals=69 stage2_unique_prices=2325 best_score=0.695855022261 best_price=4.339977,3.71857 elapsed_sec=13595.59
[GA] phase=stage2_start generation=5/8 individual=9/12 evals=69 stage2_unique_prices=2325 best_score=0.695855022261 best_price=4.339977,3.71857 elapsed_sec=13595.59
[GA] phase=stage2_done generation=5/8 individual=9/12 evals=69 stage2_unique_prices=2326 best_score=0.695855022261 best_price=4.339977,3.71857 elapsed_sec=13601.90
[GA] phase=objective_start generation=5/8 individual=9/12 evals=69 stage2_unique_prices=2326 best_score=0.695855022261 best_price=4.339977,3.71857 elapsed_sec=13601.90
[GA] phase=individual_done generation=5/8 individual=9/12 evals=69 stage2_unique_prices=2376 best_score=0.695855022261 best_price=4.339977,3.71857 elapsed_sec=13919.75
[GA] phase=individual_start generation=5/8 individual=10/12 evals=70 stage2_unique_prices=2376 best_score=0.695855022261 best_price=4.339977,3.71857 elapsed_sec=13919.75
[GA] phase=stage2_start generation=5/8 individual=10/12 evals=70 stage2_unique_prices=2376 best_score=0.695855022261 best_price=4.339977,3.71857 elapsed_sec=13919.75
[GA] phase=stage2_done generation=5/8 individual=10/12 evals=70 stage2_unique_prices=2377 best_score=0.695855022261 best_price=4.339977,3.71857 elapsed_sec=13926.16
[GA] phase=objective_start generation=5/8 individual=10/12 evals=70 stage2_unique_prices=2377 best_score=0.695855022261 best_price=4.339977,3.71857 elapsed_sec=13926.16
[GA] phase=individual_done generation=5/8 individual=10/12 evals=70 stage2_unique_prices=2427 best_score=0.695855022261 best_price=4.339977,3.71857 elapsed_sec=14215.18
[GA] phase=individual_start generation=5/8 individual=11/12 evals=71 stage2_unique_prices=2427 best_score=0.695855022261 best_price=4.339977,3.71857 elapsed_sec=14215.18
[GA] phase=stage2_start generation=5/8 individual=11/12 evals=71 stage2_unique_prices=2427 best_score=0.695855022261 best_price=4.339977,3.71857 elapsed_sec=14215.18
[GA] phase=stage2_done generation=5/8 individual=11/12 evals=71 stage2_unique_prices=2428 best_score=0.695855022261 best_price=4.339977,3.71857 elapsed_sec=14220.67
[GA] phase=objective_start generation=5/8 individual=11/12 evals=71 stage2_unique_prices=2428 best_score=0.695855022261 best_price=4.339977,3.71857 elapsed_sec=14220.67
[GA] phase=individual_done generation=5/8 individual=11/12 evals=71 stage2_unique_prices=2478 best_score=0.695855022261 best_price=4.339977,3.71857 elapsed_sec=14619.57
[GA] phase=individual_start generation=5/8 individual=12/12 evals=72 stage2_unique_prices=2478 best_score=0.695855022261 best_price=4.339977,3.71857 elapsed_sec=14619.57
[GA] phase=stage2_start generation=5/8 individual=12/12 evals=72 stage2_unique_prices=2478 best_score=0.695855022261 best_price=4.339977,3.71857 elapsed_sec=14619.57
[GA] phase=stage2_done generation=5/8 individual=12/12 evals=72 stage2_unique_prices=2479 best_score=0.695855022261 best_price=4.339977,3.71857 elapsed_sec=14629.29
[GA] phase=objective_start generation=5/8 individual=12/12 evals=72 stage2_unique_prices=2479 best_score=0.695855022261 best_price=4.339977,3.71857 elapsed_sec=14629.29
[GA] phase=individual_done generation=5/8 individual=12/12 evals=72 stage2_unique_prices=2529 best_score=0.695855022261 best_price=4.339977,3.71857 elapsed_sec=15112.92
[GA] phase=population_done generation=5/8 evals=72 stage2_unique_prices=2529 best_score=0.695855022261 best_price=4.339977,3.71857 elapsed_sec=15112.92
[GA] phase=population_start generation=6/8 evals=72 stage2_unique_prices=2529 best_score=0.695855022261 best_price=4.339977,3.71857 elapsed_sec=15112.93
[GA] phase=individual_start generation=6/8 individual=1/12 evals=73 stage2_unique_prices=2529 best_score=0.695855022261 best_price=4.339977,3.71857 elapsed_sec=15112.93
[GA] phase=stage2_cache_hit generation=6/8 individual=1/12 evals=73 stage2_unique_prices=2529 best_score=0.695855022261 best_price=4.339977,3.71857 elapsed_sec=15112.93
[GA] phase=objective_start generation=6/8 individual=1/12 evals=73 stage2_unique_prices=2529 best_score=0.695855022261 best_price=4.339977,3.71857 elapsed_sec=15112.93
[GA] phase=individual_done generation=6/8 individual=1/12 evals=73 stage2_unique_prices=2529 best_score=0.695855022261 best_price=4.339977,3.71857 elapsed_sec=15112.93
[GA] phase=individual_start generation=6/8 individual=2/12 evals=74 stage2_unique_prices=2529 best_score=0.695855022261 best_price=4.339977,3.71857 elapsed_sec=15112.93
[GA] phase=stage2_cache_hit generation=6/8 individual=2/12 evals=74 stage2_unique_prices=2529 best_score=0.695855022261 best_price=4.339977,3.71857 elapsed_sec=15112.93
[GA] phase=objective_start generation=6/8 individual=2/12 evals=74 stage2_unique_prices=2529 best_score=0.695855022261 best_price=4.339977,3.71857 elapsed_sec=15112.93
[GA] phase=individual_done generation=6/8 individual=2/12 evals=74 stage2_unique_prices=2529 best_score=0.695855022261 best_price=4.339977,3.71857 elapsed_sec=15112.93
[GA] phase=individual_start generation=6/8 individual=3/12 evals=75 stage2_unique_prices=2529 best_score=0.695855022261 best_price=4.339977,3.71857 elapsed_sec=15112.93
[GA] phase=stage2_cache_hit generation=6/8 individual=3/12 evals=75 stage2_unique_prices=2529 best_score=0.695855022261 best_price=4.339977,3.71857 elapsed_sec=15112.93
[GA] phase=objective_start generation=6/8 individual=3/12 evals=75 stage2_unique_prices=2529 best_score=0.695855022261 best_price=4.339977,3.71857 elapsed_sec=15112.93
[GA] phase=individual_done generation=6/8 individual=3/12 evals=75 stage2_unique_prices=2529 best_score=0.695855022261 best_price=4.339977,3.71857 elapsed_sec=15112.93
[GA] phase=individual_start generation=6/8 individual=4/12 evals=76 stage2_unique_prices=2529 best_score=0.695855022261 best_price=4.339977,3.71857 elapsed_sec=15112.93
[GA] phase=stage2_cache_hit generation=6/8 individual=4/12 evals=76 stage2_unique_prices=2529 best_score=0.695855022261 best_price=4.339977,3.71857 elapsed_sec=15112.93
[GA] phase=objective_start generation=6/8 individual=4/12 evals=76 stage2_unique_prices=2529 best_score=0.695855022261 best_price=4.339977,3.71857 elapsed_sec=15112.93
[GA] phase=individual_done generation=6/8 individual=4/12 evals=76 stage2_unique_prices=2529 best_score=0.695855022261 best_price=4.339977,3.71857 elapsed_sec=15112.93
[GA] phase=individual_start generation=6/8 individual=5/12 evals=77 stage2_unique_prices=2529 best_score=0.695855022261 best_price=4.339977,3.71857 elapsed_sec=15112.93
[GA] phase=stage2_cache_hit generation=6/8 individual=5/12 evals=77 stage2_unique_prices=2529 best_score=0.695855022261 best_price=4.339977,3.71857 elapsed_sec=15112.93
[GA] phase=objective_start generation=6/8 individual=5/12 evals=77 stage2_unique_prices=2529 best_score=0.695855022261 best_price=4.339977,3.71857 elapsed_sec=15112.93
[GA] phase=individual_done generation=6/8 individual=5/12 evals=77 stage2_unique_prices=2529 best_score=0.695855022261 best_price=4.339977,3.71857 elapsed_sec=15112.93
[GA] phase=individual_start generation=6/8 individual=6/12 evals=78 stage2_unique_prices=2529 best_score=0.695855022261 best_price=4.339977,3.71857 elapsed_sec=15112.93
[GA] phase=stage2_cache_hit generation=6/8 individual=6/12 evals=78 stage2_unique_prices=2529 best_score=0.695855022261 best_price=4.339977,3.71857 elapsed_sec=15112.93
[GA] phase=objective_start generation=6/8 individual=6/12 evals=78 stage2_unique_prices=2529 best_score=0.695855022261 best_price=4.339977,3.71857 elapsed_sec=15112.93
[GA] phase=individual_done generation=6/8 individual=6/12 evals=78 stage2_unique_prices=2529 best_score=0.695855022261 best_price=4.339977,3.71857 elapsed_sec=15112.93
[GA] phase=individual_start generation=6/8 individual=7/12 evals=79 stage2_unique_prices=2529 best_score=0.695855022261 best_price=4.339977,3.71857 elapsed_sec=15112.93
[GA] phase=stage2_start generation=6/8 individual=7/12 evals=79 stage2_unique_prices=2529 best_score=0.695855022261 best_price=4.339977,3.71857 elapsed_sec=15112.93
[GA] phase=stage2_done generation=6/8 individual=7/12 evals=79 stage2_unique_prices=2530 best_score=0.695855022261 best_price=4.339977,3.71857 elapsed_sec=15122.64
[GA] phase=objective_start generation=6/8 individual=7/12 evals=79 stage2_unique_prices=2530 best_score=0.695855022261 best_price=4.339977,3.71857 elapsed_sec=15122.64
[GA] phase=individual_done generation=6/8 individual=7/12 evals=79 stage2_unique_prices=2580 best_score=0.695855022261 best_price=4.339977,3.71857 elapsed_sec=15610.98
[GA] phase=individual_start generation=6/8 individual=8/12 evals=80 stage2_unique_prices=2580 best_score=0.695855022261 best_price=4.339977,3.71857 elapsed_sec=15610.98
[GA] phase=stage2_start generation=6/8 individual=8/12 evals=80 stage2_unique_prices=2580 best_score=0.695855022261 best_price=4.339977,3.71857 elapsed_sec=15610.98
[GA] phase=stage2_done generation=6/8 individual=8/12 evals=80 stage2_unique_prices=2581 best_score=0.695855022261 best_price=4.339977,3.71857 elapsed_sec=15621.27
[GA] phase=objective_start generation=6/8 individual=8/12 evals=80 stage2_unique_prices=2581 best_score=0.695855022261 best_price=4.339977,3.71857 elapsed_sec=15621.27
[GA] phase=individual_done generation=6/8 individual=8/12 evals=80 stage2_unique_prices=2631 best_score=0.695855022261 best_price=4.339977,3.71857 elapsed_sec=16129.54
[GA] phase=individual_start generation=6/8 individual=9/12 evals=81 stage2_unique_prices=2631 best_score=0.695855022261 best_price=4.339977,3.71857 elapsed_sec=16129.54
[GA] phase=stage2_cache_hit generation=6/8 individual=9/12 evals=81 stage2_unique_prices=2631 best_score=0.695855022261 best_price=4.339977,3.71857 elapsed_sec=16129.54
[GA] phase=objective_start generation=6/8 individual=9/12 evals=81 stage2_unique_prices=2631 best_score=0.695855022261 best_price=4.339977,3.71857 elapsed_sec=16129.54
[GA] phase=individual_done generation=6/8 individual=9/12 evals=81 stage2_unique_prices=2631 best_score=0.695855022261 best_price=4.339977,3.71857 elapsed_sec=16129.54
[GA] phase=individual_start generation=6/8 individual=10/12 evals=82 stage2_unique_prices=2631 best_score=0.695855022261 best_price=4.339977,3.71857 elapsed_sec=16129.54
[GA] phase=stage2_start generation=6/8 individual=10/12 evals=82 stage2_unique_prices=2631 best_score=0.695855022261 best_price=4.339977,3.71857 elapsed_sec=16129.54
[GA] phase=stage2_done generation=6/8 individual=10/12 evals=82 stage2_unique_prices=2632 best_score=0.695855022261 best_price=4.339977,3.71857 elapsed_sec=16138.10
[GA] phase=objective_start generation=6/8 individual=10/12 evals=82 stage2_unique_prices=2632 best_score=0.695855022261 best_price=4.339977,3.71857 elapsed_sec=16138.10
[GA] phase=individual_done generation=6/8 individual=10/12 evals=82 stage2_unique_prices=2657 best_score=0.695855022261 best_price=4.339977,3.71857 elapsed_sec=16331.40
[GA] phase=individual_start generation=6/8 individual=11/12 evals=83 stage2_unique_prices=2657 best_score=0.695855022261 best_price=4.339977,3.71857 elapsed_sec=16331.40
[GA] phase=stage2_start generation=6/8 individual=11/12 evals=83 stage2_unique_prices=2657 best_score=0.695855022261 best_price=4.339977,3.71857 elapsed_sec=16331.40
[GA] phase=stage2_done generation=6/8 individual=11/12 evals=83 stage2_unique_prices=2658 best_score=0.695855022261 best_price=4.339977,3.71857 elapsed_sec=16341.06
[GA] phase=objective_start generation=6/8 individual=11/12 evals=83 stage2_unique_prices=2658 best_score=0.695855022261 best_price=4.339977,3.71857 elapsed_sec=16341.06
[GA] phase=individual_done generation=6/8 individual=11/12 evals=83 stage2_unique_prices=2683 best_score=0.695855022261 best_price=4.339977,3.71857 elapsed_sec=16626.40
[GA] phase=individual_start generation=6/8 individual=12/12 evals=84 stage2_unique_prices=2683 best_score=0.695855022261 best_price=4.339977,3.71857 elapsed_sec=16626.40
[GA] phase=stage2_cache_hit generation=6/8 individual=12/12 evals=84 stage2_unique_prices=2683 best_score=0.695855022261 best_price=4.339977,3.71857 elapsed_sec=16626.40
[GA] phase=objective_start generation=6/8 individual=12/12 evals=84 stage2_unique_prices=2683 best_score=0.695855022261 best_price=4.339977,3.71857 elapsed_sec=16626.40
[GA] phase=individual_done generation=6/8 individual=12/12 evals=84 stage2_unique_prices=2683 best_score=0.695855022261 best_price=4.339977,3.71857 elapsed_sec=16626.40
[GA] phase=population_done generation=6/8 evals=84 stage2_unique_prices=2683 best_score=0.695855022261 best_price=4.339977,3.71857 elapsed_sec=16626.40
[GA] phase=population_start generation=7/8 evals=84 stage2_unique_prices=2683 best_score=0.695855022261 best_price=4.339977,3.71857 elapsed_sec=16626.40
[GA] phase=individual_start generation=7/8 individual=1/12 evals=85 stage2_unique_prices=2683 best_score=0.695855022261 best_price=4.339977,3.71857 elapsed_sec=16626.40
[GA] phase=stage2_cache_hit generation=7/8 individual=1/12 evals=85 stage2_unique_prices=2683 best_score=0.695855022261 best_price=4.339977,3.71857 elapsed_sec=16626.40
[GA] phase=objective_start generation=7/8 individual=1/12 evals=85 stage2_unique_prices=2683 best_score=0.695855022261 best_price=4.339977,3.71857 elapsed_sec=16626.40
[GA] phase=individual_done generation=7/8 individual=1/12 evals=85 stage2_unique_prices=2683 best_score=0.695855022261 best_price=4.339977,3.71857 elapsed_sec=16626.40
[GA] phase=individual_start generation=7/8 individual=2/12 evals=86 stage2_unique_prices=2683 best_score=0.695855022261 best_price=4.339977,3.71857 elapsed_sec=16626.40
[GA] phase=stage2_cache_hit generation=7/8 individual=2/12 evals=86 stage2_unique_prices=2683 best_score=0.695855022261 best_price=4.339977,3.71857 elapsed_sec=16626.40
[GA] phase=objective_start generation=7/8 individual=2/12 evals=86 stage2_unique_prices=2683 best_score=0.695855022261 best_price=4.339977,3.71857 elapsed_sec=16626.40
[GA] phase=individual_done generation=7/8 individual=2/12 evals=86 stage2_unique_prices=2683 best_score=0.695855022261 best_price=4.339977,3.71857 elapsed_sec=16626.40
[GA] phase=individual_start generation=7/8 individual=3/12 evals=87 stage2_unique_prices=2683 best_score=0.695855022261 best_price=4.339977,3.71857 elapsed_sec=16626.40
[GA] phase=stage2_cache_hit generation=7/8 individual=3/12 evals=87 stage2_unique_prices=2683 best_score=0.695855022261 best_price=4.339977,3.71857 elapsed_sec=16626.40
[GA] phase=objective_start generation=7/8 individual=3/12 evals=87 stage2_unique_prices=2683 best_score=0.695855022261 best_price=4.339977,3.71857 elapsed_sec=16626.40
[GA] phase=individual_done generation=7/8 individual=3/12 evals=87 stage2_unique_prices=2683 best_score=0.695855022261 best_price=4.339977,3.71857 elapsed_sec=16626.40
[GA] phase=individual_start generation=7/8 individual=4/12 evals=88 stage2_unique_prices=2683 best_score=0.695855022261 best_price=4.339977,3.71857 elapsed_sec=16626.40
[GA] phase=stage2_start generation=7/8 individual=4/12 evals=88 stage2_unique_prices=2683 best_score=0.695855022261 best_price=4.339977,3.71857 elapsed_sec=16626.40
[GA] phase=stage2_done generation=7/8 individual=4/12 evals=88 stage2_unique_prices=2684 best_score=0.695855022261 best_price=4.339977,3.71857 elapsed_sec=16636.09
[GA] phase=objective_start generation=7/8 individual=4/12 evals=88 stage2_unique_prices=2684 best_score=0.695855022261 best_price=4.339977,3.71857 elapsed_sec=16636.09
[GA] phase=individual_done generation=7/8 individual=4/12 evals=88 stage2_unique_prices=2709 best_score=0.695855022261 best_price=4.339977,3.71857 elapsed_sec=16903.02
[GA] phase=individual_start generation=7/8 individual=5/12 evals=89 stage2_unique_prices=2709 best_score=0.695855022261 best_price=4.339977,3.71857 elapsed_sec=16903.02
[GA] phase=stage2_start generation=7/8 individual=5/12 evals=89 stage2_unique_prices=2709 best_score=0.695855022261 best_price=4.339977,3.71857 elapsed_sec=16903.02
[GA] phase=stage2_done generation=7/8 individual=5/12 evals=89 stage2_unique_prices=2710 best_score=0.695855022261 best_price=4.339977,3.71857 elapsed_sec=16912.69
[GA] phase=objective_start generation=7/8 individual=5/12 evals=89 stage2_unique_prices=2710 best_score=0.695855022261 best_price=4.339977,3.71857 elapsed_sec=16912.69
[GA] phase=individual_done generation=7/8 individual=5/12 evals=89 stage2_unique_prices=2760 best_score=0.695855022261 best_price=4.339977,3.71857 elapsed_sec=17393.60
[GA] phase=individual_start generation=7/8 individual=6/12 evals=90 stage2_unique_prices=2760 best_score=0.695855022261 best_price=4.339977,3.71857 elapsed_sec=17393.60
[GA] phase=stage2_start generation=7/8 individual=6/12 evals=90 stage2_unique_prices=2760 best_score=0.695855022261 best_price=4.339977,3.71857 elapsed_sec=17393.60
[GA] phase=stage2_done generation=7/8 individual=6/12 evals=90 stage2_unique_prices=2761 best_score=0.695855022261 best_price=4.339977,3.71857 elapsed_sec=17403.21
[GA] phase=objective_start generation=7/8 individual=6/12 evals=90 stage2_unique_prices=2761 best_score=0.695855022261 best_price=4.339977,3.71857 elapsed_sec=17403.21
[GA] phase=individual_done generation=7/8 individual=6/12 evals=90 stage2_unique_prices=2811 best_score=0.695855022261 best_price=4.339977,3.71857 elapsed_sec=17890.60
[GA] phase=individual_start generation=7/8 individual=7/12 evals=91 stage2_unique_prices=2811 best_score=0.695855022261 best_price=4.339977,3.71857 elapsed_sec=17890.60
[GA] phase=stage2_cache_hit generation=7/8 individual=7/12 evals=91 stage2_unique_prices=2811 best_score=0.695855022261 best_price=4.339977,3.71857 elapsed_sec=17890.60
[GA] phase=objective_start generation=7/8 individual=7/12 evals=91 stage2_unique_prices=2811 best_score=0.695855022261 best_price=4.339977,3.71857 elapsed_sec=17890.60
[GA] phase=individual_done generation=7/8 individual=7/12 evals=91 stage2_unique_prices=2811 best_score=0.695855022261 best_price=4.339977,3.71857 elapsed_sec=17890.60
[GA] phase=individual_start generation=7/8 individual=8/12 evals=92 stage2_unique_prices=2811 best_score=0.695855022261 best_price=4.339977,3.71857 elapsed_sec=17890.60
[GA] phase=stage2_start generation=7/8 individual=8/12 evals=92 stage2_unique_prices=2811 best_score=0.695855022261 best_price=4.339977,3.71857 elapsed_sec=17890.60
[GA] phase=stage2_done generation=7/8 individual=8/12 evals=92 stage2_unique_prices=2812 best_score=0.695855022261 best_price=4.339977,3.71857 elapsed_sec=17899.65
[GA] phase=objective_start generation=7/8 individual=8/12 evals=92 stage2_unique_prices=2812 best_score=0.695855022261 best_price=4.339977,3.71857 elapsed_sec=17899.65
[GA] phase=individual_done generation=7/8 individual=8/12 evals=92 stage2_unique_prices=2837 best_score=0.695855022261 best_price=4.339977,3.71857 elapsed_sec=18163.11
[GA] phase=individual_start generation=7/8 individual=9/12 evals=93 stage2_unique_prices=2837 best_score=0.695855022261 best_price=4.339977,3.71857 elapsed_sec=18163.11
[GA] phase=stage2_cache_hit generation=7/8 individual=9/12 evals=93 stage2_unique_prices=2837 best_score=0.695855022261 best_price=4.339977,3.71857 elapsed_sec=18163.11
[GA] phase=objective_start generation=7/8 individual=9/12 evals=93 stage2_unique_prices=2837 best_score=0.695855022261 best_price=4.339977,3.71857 elapsed_sec=18163.11
[GA] phase=individual_done generation=7/8 individual=9/12 evals=93 stage2_unique_prices=2837 best_score=0.695855022261 best_price=4.339977,3.71857 elapsed_sec=18163.11
[GA] phase=individual_start generation=7/8 individual=10/12 evals=94 stage2_unique_prices=2837 best_score=0.695855022261 best_price=4.339977,3.71857 elapsed_sec=18163.11
[GA] phase=stage2_cache_hit generation=7/8 individual=10/12 evals=94 stage2_unique_prices=2837 best_score=0.695855022261 best_price=4.339977,3.71857 elapsed_sec=18163.11
[GA] phase=objective_start generation=7/8 individual=10/12 evals=94 stage2_unique_prices=2837 best_score=0.695855022261 best_price=4.339977,3.71857 elapsed_sec=18163.11
[GA] phase=individual_done generation=7/8 individual=10/12 evals=94 stage2_unique_prices=2837 best_score=0.695855022261 best_price=4.339977,3.71857 elapsed_sec=18163.11
[GA] phase=individual_start generation=7/8 individual=11/12 evals=95 stage2_unique_prices=2837 best_score=0.695855022261 best_price=4.339977,3.71857 elapsed_sec=18163.11
[GA] phase=stage2_start generation=7/8 individual=11/12 evals=95 stage2_unique_prices=2837 best_score=0.695855022261 best_price=4.339977,3.71857 elapsed_sec=18163.11
[GA] phase=stage2_done generation=7/8 individual=11/12 evals=95 stage2_unique_prices=2838 best_score=0.695855022261 best_price=4.339977,3.71857 elapsed_sec=18172.80
[GA] phase=objective_start generation=7/8 individual=11/12 evals=95 stage2_unique_prices=2838 best_score=0.695855022261 best_price=4.339977,3.71857 elapsed_sec=18172.80
[GA] phase=individual_done generation=7/8 individual=11/12 evals=95 stage2_unique_prices=2863 best_score=0.695855022261 best_price=4.339977,3.71857 elapsed_sec=18391.18
[GA] phase=individual_start generation=7/8 individual=12/12 evals=96 stage2_unique_prices=2863 best_score=0.695855022261 best_price=4.339977,3.71857 elapsed_sec=18391.18
[GA] phase=stage2_start generation=7/8 individual=12/12 evals=96 stage2_unique_prices=2863 best_score=0.695855022261 best_price=4.339977,3.71857 elapsed_sec=18391.18
[GA] phase=stage2_done generation=7/8 individual=12/12 evals=96 stage2_unique_prices=2864 best_score=0.695855022261 best_price=4.339977,3.71857 elapsed_sec=18400.78
[GA] phase=objective_start generation=7/8 individual=12/12 evals=96 stage2_unique_prices=2864 best_score=0.695855022261 best_price=4.339977,3.71857 elapsed_sec=18400.78
[GA] phase=individual_done generation=7/8 individual=12/12 evals=96 stage2_unique_prices=2889 best_score=0 best_price=4.12618,4.024545 elapsed_sec=18551.28
[GA] phase=population_done generation=7/8 evals=96 stage2_unique_prices=2889 best_score=0 best_price=4.12618,4.024545 elapsed_sec=18551.28
[GA] phase=population_start generation=8/8 evals=96 stage2_unique_prices=2889 best_score=0 best_price=4.12618,4.024545 elapsed_sec=18551.28
[GA] phase=individual_start generation=8/8 individual=1/12 evals=97 stage2_unique_prices=2889 best_score=0 best_price=4.12618,4.024545 elapsed_sec=18551.28
[GA] phase=stage2_cache_hit generation=8/8 individual=1/12 evals=97 stage2_unique_prices=2889 best_score=0 best_price=4.12618,4.024545 elapsed_sec=18551.28
[GA] phase=objective_start generation=8/8 individual=1/12 evals=97 stage2_unique_prices=2889 best_score=0 best_price=4.12618,4.024545 elapsed_sec=18551.28
[GA] phase=individual_done generation=8/8 individual=1/12 evals=97 stage2_unique_prices=2889 best_score=0 best_price=4.12618,4.024545 elapsed_sec=18551.28
[GA] phase=individual_start generation=8/8 individual=2/12 evals=98 stage2_unique_prices=2889 best_score=0 best_price=4.12618,4.024545 elapsed_sec=18551.28
[GA] phase=stage2_cache_hit generation=8/8 individual=2/12 evals=98 stage2_unique_prices=2889 best_score=0 best_price=4.12618,4.024545 elapsed_sec=18551.28
[GA] phase=objective_start generation=8/8 individual=2/12 evals=98 stage2_unique_prices=2889 best_score=0 best_price=4.12618,4.024545 elapsed_sec=18551.28
[GA] phase=individual_done generation=8/8 individual=2/12 evals=98 stage2_unique_prices=2889 best_score=0 best_price=4.12618,4.024545 elapsed_sec=18551.28
[GA] phase=individual_start generation=8/8 individual=3/12 evals=99 stage2_unique_prices=2889 best_score=0 best_price=4.12618,4.024545 elapsed_sec=18551.28
[GA] phase=stage2_cache_hit generation=8/8 individual=3/12 evals=99 stage2_unique_prices=2889 best_score=0 best_price=4.12618,4.024545 elapsed_sec=18551.28
[GA] phase=objective_start generation=8/8 individual=3/12 evals=99 stage2_unique_prices=2889 best_score=0 best_price=4.12618,4.024545 elapsed_sec=18551.28
[GA] phase=individual_done generation=8/8 individual=3/12 evals=99 stage2_unique_prices=2889 best_score=0 best_price=4.12618,4.024545 elapsed_sec=18551.28
[GA] phase=individual_start generation=8/8 individual=4/12 evals=100 stage2_unique_prices=2889 best_score=0 best_price=4.12618,4.024545 elapsed_sec=18551.28
[GA] phase=stage2_cache_hit generation=8/8 individual=4/12 evals=100 stage2_unique_prices=2889 best_score=0 best_price=4.12618,4.024545 elapsed_sec=18551.28
[GA] phase=objective_start generation=8/8 individual=4/12 evals=100 stage2_unique_prices=2889 best_score=0 best_price=4.12618,4.024545 elapsed_sec=18551.28
[GA] phase=individual_done generation=8/8 individual=4/12 evals=100 stage2_unique_prices=2889 best_score=0 best_price=4.12618,4.024545 elapsed_sec=18551.28
[GA] phase=individual_start generation=8/8 individual=5/12 evals=101 stage2_unique_prices=2889 best_score=0 best_price=4.12618,4.024545 elapsed_sec=18551.28
[GA] phase=stage2_cache_hit generation=8/8 individual=5/12 evals=101 stage2_unique_prices=2889 best_score=0 best_price=4.12618,4.024545 elapsed_sec=18551.28
[GA] phase=objective_start generation=8/8 individual=5/12 evals=101 stage2_unique_prices=2889 best_score=0 best_price=4.12618,4.024545 elapsed_sec=18551.28
[GA] phase=individual_done generation=8/8 individual=5/12 evals=101 stage2_unique_prices=2889 best_score=0 best_price=4.12618,4.024545 elapsed_sec=18551.28
[GA] phase=individual_start generation=8/8 individual=6/12 evals=102 stage2_unique_prices=2889 best_score=0 best_price=4.12618,4.024545 elapsed_sec=18551.28
[GA] phase=stage2_cache_hit generation=8/8 individual=6/12 evals=102 stage2_unique_prices=2889 best_score=0 best_price=4.12618,4.024545 elapsed_sec=18551.28
[GA] phase=objective_start generation=8/8 individual=6/12 evals=102 stage2_unique_prices=2889 best_score=0 best_price=4.12618,4.024545 elapsed_sec=18551.28
[GA] phase=individual_done generation=8/8 individual=6/12 evals=102 stage2_unique_prices=2889 best_score=0 best_price=4.12618,4.024545 elapsed_sec=18551.28
[GA] phase=individual_start generation=8/8 individual=7/12 evals=103 stage2_unique_prices=2889 best_score=0 best_price=4.12618,4.024545 elapsed_sec=18551.28
[GA] phase=stage2_start generation=8/8 individual=7/12 evals=103 stage2_unique_prices=2889 best_score=0 best_price=4.12618,4.024545 elapsed_sec=18551.28
[GA] phase=stage2_done generation=8/8 individual=7/12 evals=103 stage2_unique_prices=2890 best_score=0 best_price=4.12618,4.024545 elapsed_sec=18556.28
[GA] phase=objective_start generation=8/8 individual=7/12 evals=103 stage2_unique_prices=2890 best_score=0 best_price=4.12618,4.024545 elapsed_sec=18556.28
[GA] phase=individual_done generation=8/8 individual=7/12 evals=103 stage2_unique_prices=2940 best_score=0 best_price=4.12618,4.024545 elapsed_sec=18804.02
[GA] phase=individual_start generation=8/8 individual=8/12 evals=104 stage2_unique_prices=2940 best_score=0 best_price=4.12618,4.024545 elapsed_sec=18804.02
[GA] phase=stage2_start generation=8/8 individual=8/12 evals=104 stage2_unique_prices=2940 best_score=0 best_price=4.12618,4.024545 elapsed_sec=18804.02
[GA] phase=stage2_done generation=8/8 individual=8/12 evals=104 stage2_unique_prices=2941 best_score=0 best_price=4.12618,4.024545 elapsed_sec=18809.02
[GA] phase=objective_start generation=8/8 individual=8/12 evals=104 stage2_unique_prices=2941 best_score=0 best_price=4.12618,4.024545 elapsed_sec=18809.02
[GA] phase=individual_done generation=8/8 individual=8/12 evals=104 stage2_unique_prices=2991 best_score=0 best_price=4.12618,4.024545 elapsed_sec=19057.15
[GA] phase=individual_start generation=8/8 individual=9/12 evals=105 stage2_unique_prices=2991 best_score=0 best_price=4.12618,4.024545 elapsed_sec=19057.15
[GA] phase=stage2_start generation=8/8 individual=9/12 evals=105 stage2_unique_prices=2991 best_score=0 best_price=4.12618,4.024545 elapsed_sec=19057.15
[GA] phase=stage2_done generation=8/8 individual=9/12 evals=105 stage2_unique_prices=2992 best_score=0 best_price=4.12618,4.024545 elapsed_sec=19061.55
[GA] phase=objective_start generation=8/8 individual=9/12 evals=105 stage2_unique_prices=2992 best_score=0 best_price=4.12618,4.024545 elapsed_sec=19061.55
[GA] phase=individual_done generation=8/8 individual=9/12 evals=105 stage2_unique_prices=3042 best_score=0 best_price=4.12618,4.024545 elapsed_sec=19306.07
[GA] phase=individual_start generation=8/8 individual=10/12 evals=106 stage2_unique_prices=3042 best_score=0 best_price=4.12618,4.024545 elapsed_sec=19306.07
[GA] phase=stage2_start generation=8/8 individual=10/12 evals=106 stage2_unique_prices=3042 best_score=0 best_price=4.12618,4.024545 elapsed_sec=19306.07
[GA] phase=stage2_done generation=8/8 individual=10/12 evals=106 stage2_unique_prices=3043 best_score=0 best_price=4.12618,4.024545 elapsed_sec=19311.10
[GA] phase=objective_start generation=8/8 individual=10/12 evals=106 stage2_unique_prices=3043 best_score=0 best_price=4.12618,4.024545 elapsed_sec=19311.10
[GA] phase=individual_done generation=8/8 individual=10/12 evals=106 stage2_unique_prices=3093 best_score=0 best_price=4.12618,4.024545 elapsed_sec=19561.37
[GA] phase=individual_start generation=8/8 individual=11/12 evals=107 stage2_unique_prices=3093 best_score=0 best_price=4.12618,4.024545 elapsed_sec=19561.37
[GA] phase=stage2_start generation=8/8 individual=11/12 evals=107 stage2_unique_prices=3093 best_score=0 best_price=4.12618,4.024545 elapsed_sec=19561.37
[GA] phase=stage2_done generation=8/8 individual=11/12 evals=107 stage2_unique_prices=3094 best_score=0 best_price=4.12618,4.024545 elapsed_sec=19566.32
[GA] phase=objective_start generation=8/8 individual=11/12 evals=107 stage2_unique_prices=3094 best_score=0 best_price=4.12618,4.024545 elapsed_sec=19566.32
[GA] phase=individual_done generation=8/8 individual=11/12 evals=107 stage2_unique_prices=3144 best_score=0 best_price=4.12618,4.024545 elapsed_sec=19814.88
[GA] phase=individual_start generation=8/8 individual=12/12 evals=108 stage2_unique_prices=3144 best_score=0 best_price=4.12618,4.024545 elapsed_sec=19814.88
[GA] phase=stage2_start generation=8/8 individual=12/12 evals=108 stage2_unique_prices=3144 best_score=0 best_price=4.12618,4.024545 elapsed_sec=19814.88
[GA] phase=stage2_done generation=8/8 individual=12/12 evals=108 stage2_unique_prices=3145 best_score=0 best_price=4.12618,4.024545 elapsed_sec=19819.90
[GA] phase=objective_start generation=8/8 individual=12/12 evals=108 stage2_unique_prices=3145 best_score=0 best_price=4.12618,4.024545 elapsed_sec=19819.90
[GA] phase=individual_done generation=8/8 individual=12/12 evals=108 stage2_unique_prices=3195 best_score=0 best_price=4.12618,4.024545 elapsed_sec=20068.56
[GA] phase=population_done generation=8/8 evals=108 stage2_unique_prices=3195 best_score=0 best_price=4.12618,4.024545 elapsed_sec=20068.56
[189/200] phase=done n_users=250 trial=7/10 method=GA
[190/200] phase=start n_users=250 trial=7/10 method=BO-online
[190/200] phase=done n_users=250 trial=7/10 method=BO-online
[191/200] phase=start n_users=250 trial=7/10 method=MARL
[191/200] phase=done n_users=250 trial=7/10 method=MARL
[192/200] phase=start n_users=250 trial=8/10 method=GA
[GA] phase=population_start generation=initial/8 evals=0 stage2_unique_prices=0 elapsed_sec=0.00
[GA] phase=individual_start generation=initial/8 individual=1/12 evals=1 stage2_unique_prices=0 elapsed_sec=0.00
[GA] phase=stage2_start generation=initial/8 individual=1/12 evals=1 stage2_unique_prices=0 elapsed_sec=0.00
[GA] phase=stage2_done generation=initial/8 individual=1/12 evals=1 stage2_unique_prices=1 elapsed_sec=7.63
[GA] phase=objective_start generation=initial/8 individual=1/12 evals=1 stage2_unique_prices=1 elapsed_sec=7.63
[GA] phase=individual_done generation=initial/8 individual=1/12 evals=1 stage2_unique_prices=51 best_score=220 best_price=0.5,0.5 elapsed_sec=365.54
[GA] phase=individual_start generation=initial/8 individual=2/12 evals=2 stage2_unique_prices=51 best_score=220 best_price=0.5,0.5 elapsed_sec=365.54
[GA] phase=stage2_start generation=initial/8 individual=2/12 evals=2 stage2_unique_prices=51 best_score=220 best_price=0.5,0.5 elapsed_sec=365.54
[GA] phase=stage2_done generation=initial/8 individual=2/12 evals=2 stage2_unique_prices=52 best_score=220 best_price=0.5,0.5 elapsed_sec=373.23
[GA] phase=objective_start generation=initial/8 individual=2/12 evals=2 stage2_unique_prices=52 best_score=220 best_price=0.5,0.5 elapsed_sec=373.23
[GA] phase=individual_done generation=initial/8 individual=2/12 evals=2 stage2_unique_prices=102 best_score=164.395534597 best_price=0.121696,5.031579 elapsed_sec=710.41
[GA] phase=individual_start generation=initial/8 individual=3/12 evals=3 stage2_unique_prices=102 best_score=164.395534597 best_price=0.121696,5.031579 elapsed_sec=710.41
[GA] phase=stage2_start generation=initial/8 individual=3/12 evals=3 stage2_unique_prices=102 best_score=164.395534597 best_price=0.121696,5.031579 elapsed_sec=710.41
[GA] phase=stage2_done generation=initial/8 individual=3/12 evals=3 stage2_unique_prices=103 best_score=164.395534597 best_price=0.121696,5.031579 elapsed_sec=716.42
[GA] phase=objective_start generation=initial/8 individual=3/12 evals=3 stage2_unique_prices=103 best_score=164.395534597 best_price=0.121696,5.031579 elapsed_sec=716.42
[GA] phase=individual_done generation=initial/8 individual=3/12 evals=3 stage2_unique_prices=153 best_score=50.8860689993 best_price=4.144049,2.473006 elapsed_sec=1039.62
[GA] phase=individual_start generation=initial/8 individual=4/12 evals=4 stage2_unique_prices=153 best_score=50.8860689993 best_price=4.144049,2.473006 elapsed_sec=1039.62
[GA] phase=stage2_start generation=initial/8 individual=4/12 evals=4 stage2_unique_prices=153 best_score=50.8860689993 best_price=4.144049,2.473006 elapsed_sec=1039.62
[GA] phase=stage2_done generation=initial/8 individual=4/12 evals=4 stage2_unique_prices=154 best_score=50.8860689993 best_price=4.144049,2.473006 elapsed_sec=1044.34
[GA] phase=objective_start generation=initial/8 individual=4/12 evals=4 stage2_unique_prices=154 best_score=50.8860689993 best_price=4.144049,2.473006 elapsed_sec=1044.34
[GA] phase=individual_done generation=initial/8 individual=4/12 evals=4 stage2_unique_prices=204 best_score=47.3766724731 best_price=3.643208,5.481398 elapsed_sec=1330.20
[GA] phase=individual_start generation=initial/8 individual=5/12 evals=5 stage2_unique_prices=204 best_score=47.3766724731 best_price=3.643208,5.481398 elapsed_sec=1330.20
[GA] phase=stage2_start generation=initial/8 individual=5/12 evals=5 stage2_unique_prices=204 best_score=47.3766724731 best_price=3.643208,5.481398 elapsed_sec=1330.20
[GA] phase=stage2_done generation=initial/8 individual=5/12 evals=5 stage2_unique_prices=205 best_score=47.3766724731 best_price=3.643208,5.481398 elapsed_sec=1338.24
[GA] phase=objective_start generation=initial/8 individual=5/12 evals=5 stage2_unique_prices=205 best_score=47.3766724731 best_price=3.643208,5.481398 elapsed_sec=1338.24
[GA] phase=individual_done generation=initial/8 individual=5/12 evals=5 stage2_unique_prices=255 best_score=47.3766724731 best_price=3.643208,5.481398 elapsed_sec=1725.44
[GA] phase=individual_start generation=initial/8 individual=6/12 evals=6 stage2_unique_prices=255 best_score=47.3766724731 best_price=3.643208,5.481398 elapsed_sec=1725.44
[GA] phase=stage2_start generation=initial/8 individual=6/12 evals=6 stage2_unique_prices=255 best_score=47.3766724731 best_price=3.643208,5.481398 elapsed_sec=1725.44
[GA] phase=stage2_done generation=initial/8 individual=6/12 evals=6 stage2_unique_prices=256 best_score=47.3766724731 best_price=3.643208,5.481398 elapsed_sec=1733.98
[GA] phase=objective_start generation=initial/8 individual=6/12 evals=6 stage2_unique_prices=256 best_score=47.3766724731 best_price=3.643208,5.481398 elapsed_sec=1733.98
[GA] phase=individual_done generation=initial/8 individual=6/12 evals=6 stage2_unique_prices=306 best_score=47.3766724731 best_price=3.643208,5.481398 elapsed_sec=2123.97
[GA] phase=individual_start generation=initial/8 individual=7/12 evals=7 stage2_unique_prices=306 best_score=47.3766724731 best_price=3.643208,5.481398 elapsed_sec=2123.97
[GA] phase=stage2_start generation=initial/8 individual=7/12 evals=7 stage2_unique_prices=306 best_score=47.3766724731 best_price=3.643208,5.481398 elapsed_sec=2123.97
[GA] phase=stage2_done generation=initial/8 individual=7/12 evals=7 stage2_unique_prices=307 best_score=47.3766724731 best_price=3.643208,5.481398 elapsed_sec=2130.12
[GA] phase=objective_start generation=initial/8 individual=7/12 evals=7 stage2_unique_prices=307 best_score=47.3766724731 best_price=3.643208,5.481398 elapsed_sec=2130.12
[GA] phase=individual_done generation=initial/8 individual=7/12 evals=7 stage2_unique_prices=357 best_score=47.3766724731 best_price=3.643208,5.481398 elapsed_sec=2440.22
[GA] phase=individual_start generation=initial/8 individual=8/12 evals=8 stage2_unique_prices=357 best_score=47.3766724731 best_price=3.643208,5.481398 elapsed_sec=2440.22
[GA] phase=stage2_start generation=initial/8 individual=8/12 evals=8 stage2_unique_prices=357 best_score=47.3766724731 best_price=3.643208,5.481398 elapsed_sec=2440.22
[GA] phase=stage2_done generation=initial/8 individual=8/12 evals=8 stage2_unique_prices=358 best_score=47.3766724731 best_price=3.643208,5.481398 elapsed_sec=2445.24
[GA] phase=objective_start generation=initial/8 individual=8/12 evals=8 stage2_unique_prices=358 best_score=47.3766724731 best_price=3.643208,5.481398 elapsed_sec=2445.24
[GA] phase=individual_done generation=initial/8 individual=8/12 evals=8 stage2_unique_prices=408 best_score=39.9625051962 best_price=3.647875,4.940528 elapsed_sec=2745.02
[GA] phase=individual_start generation=initial/8 individual=9/12 evals=9 stage2_unique_prices=408 best_score=39.9625051962 best_price=3.647875,4.940528 elapsed_sec=2745.02
[GA] phase=stage2_start generation=initial/8 individual=9/12 evals=9 stage2_unique_prices=408 best_score=39.9625051962 best_price=3.647875,4.940528 elapsed_sec=2745.02
[GA] phase=stage2_done generation=initial/8 individual=9/12 evals=9 stage2_unique_prices=409 best_score=39.9625051962 best_price=3.647875,4.940528 elapsed_sec=2752.58
[GA] phase=objective_start generation=initial/8 individual=9/12 evals=9 stage2_unique_prices=409 best_score=39.9625051962 best_price=3.647875,4.940528 elapsed_sec=2752.58
[GA] phase=individual_done generation=initial/8 individual=9/12 evals=9 stage2_unique_prices=459 best_score=2.89699708561 best_price=2.482911,5.300653 elapsed_sec=3135.87
[GA] phase=individual_start generation=initial/8 individual=10/12 evals=10 stage2_unique_prices=459 best_score=2.89699708561 best_price=2.482911,5.300653 elapsed_sec=3135.87
[GA] phase=stage2_start generation=initial/8 individual=10/12 evals=10 stage2_unique_prices=459 best_score=2.89699708561 best_price=2.482911,5.300653 elapsed_sec=3135.87
[GA] phase=stage2_done generation=initial/8 individual=10/12 evals=10 stage2_unique_prices=460 best_score=2.89699708561 best_price=2.482911,5.300653 elapsed_sec=3145.12
[GA] phase=objective_start generation=initial/8 individual=10/12 evals=10 stage2_unique_prices=460 best_score=2.89699708561 best_price=2.482911,5.300653 elapsed_sec=3145.12
[GA] phase=individual_done generation=initial/8 individual=10/12 evals=10 stage2_unique_prices=510 best_score=2.89699708561 best_price=2.482911,5.300653 elapsed_sec=3484.49
[GA] phase=individual_start generation=initial/8 individual=11/12 evals=11 stage2_unique_prices=510 best_score=2.89699708561 best_price=2.482911,5.300653 elapsed_sec=3484.49
[GA] phase=stage2_start generation=initial/8 individual=11/12 evals=11 stage2_unique_prices=510 best_score=2.89699708561 best_price=2.482911,5.300653 elapsed_sec=3484.49
[GA] phase=stage2_done generation=initial/8 individual=11/12 evals=11 stage2_unique_prices=511 best_score=2.89699708561 best_price=2.482911,5.300653 elapsed_sec=3493.41
[GA] phase=objective_start generation=initial/8 individual=11/12 evals=11 stage2_unique_prices=511 best_score=2.89699708561 best_price=2.482911,5.300653 elapsed_sec=3493.41
[GA] phase=individual_done generation=initial/8 individual=11/12 evals=11 stage2_unique_prices=561 best_score=2.89699708561 best_price=2.482911,5.300653 elapsed_sec=3892.93
[GA] phase=individual_start generation=initial/8 individual=12/12 evals=12 stage2_unique_prices=561 best_score=2.89699708561 best_price=2.482911,5.300653 elapsed_sec=3892.93
[GA] phase=stage2_start generation=initial/8 individual=12/12 evals=12 stage2_unique_prices=561 best_score=2.89699708561 best_price=2.482911,5.300653 elapsed_sec=3892.93
[GA] phase=stage2_done generation=initial/8 individual=12/12 evals=12 stage2_unique_prices=562 best_score=2.89699708561 best_price=2.482911,5.300653 elapsed_sec=3901.37
[GA] phase=objective_start generation=initial/8 individual=12/12 evals=12 stage2_unique_prices=562 best_score=2.89699708561 best_price=2.482911,5.300653 elapsed_sec=3901.37
[GA] phase=individual_done generation=initial/8 individual=12/12 evals=12 stage2_unique_prices=612 best_score=2.89699708561 best_price=2.482911,5.300653 elapsed_sec=4276.92
[GA] phase=population_done generation=initial/8 evals=12 stage2_unique_prices=612 best_score=2.89699708561 best_price=2.482911,5.300653 elapsed_sec=4276.92
[GA] phase=population_start generation=1/8 evals=12 stage2_unique_prices=612 best_score=2.89699708561 best_price=2.482911,5.300653 elapsed_sec=4276.92
[GA] phase=individual_start generation=1/8 individual=1/12 evals=13 stage2_unique_prices=612 best_score=2.89699708561 best_price=2.482911,5.300653 elapsed_sec=4276.92
[GA] phase=stage2_cache_hit generation=1/8 individual=1/12 evals=13 stage2_unique_prices=612 best_score=2.89699708561 best_price=2.482911,5.300653 elapsed_sec=4276.92
[GA] phase=objective_start generation=1/8 individual=1/12 evals=13 stage2_unique_prices=612 best_score=2.89699708561 best_price=2.482911,5.300653 elapsed_sec=4276.92
[GA] phase=individual_done generation=1/8 individual=1/12 evals=13 stage2_unique_prices=612 best_score=2.89699708561 best_price=2.482911,5.300653 elapsed_sec=4276.92
[GA] phase=individual_start generation=1/8 individual=2/12 evals=14 stage2_unique_prices=612 best_score=2.89699708561 best_price=2.482911,5.300653 elapsed_sec=4276.92
[GA] phase=stage2_cache_hit generation=1/8 individual=2/12 evals=14 stage2_unique_prices=612 best_score=2.89699708561 best_price=2.482911,5.300653 elapsed_sec=4276.92
[GA] phase=objective_start generation=1/8 individual=2/12 evals=14 stage2_unique_prices=612 best_score=2.89699708561 best_price=2.482911,5.300653 elapsed_sec=4276.92
[GA] phase=individual_done generation=1/8 individual=2/12 evals=14 stage2_unique_prices=612 best_score=2.89699708561 best_price=2.482911,5.300653 elapsed_sec=4276.92
[GA] phase=individual_start generation=1/8 individual=3/12 evals=15 stage2_unique_prices=612 best_score=2.89699708561 best_price=2.482911,5.300653 elapsed_sec=4276.92
[GA] phase=stage2_start generation=1/8 individual=3/12 evals=15 stage2_unique_prices=612 best_score=2.89699708561 best_price=2.482911,5.300653 elapsed_sec=4276.92
[GA] phase=stage2_done generation=1/8 individual=3/12 evals=15 stage2_unique_prices=613 best_score=2.89699708561 best_price=2.482911,5.300653 elapsed_sec=4281.77
[GA] phase=objective_start generation=1/8 individual=3/12 evals=15 stage2_unique_prices=613 best_score=2.89699708561 best_price=2.482911,5.300653 elapsed_sec=4281.77
[GA] phase=individual_done generation=1/8 individual=3/12 evals=15 stage2_unique_prices=663 best_score=2.89699708561 best_price=2.482911,5.300653 elapsed_sec=4594.14
[GA] phase=individual_start generation=1/8 individual=4/12 evals=16 stage2_unique_prices=663 best_score=2.89699708561 best_price=2.482911,5.300653 elapsed_sec=4594.14
[GA] phase=stage2_start generation=1/8 individual=4/12 evals=16 stage2_unique_prices=663 best_score=2.89699708561 best_price=2.482911,5.300653 elapsed_sec=4594.14
[GA] phase=stage2_done generation=1/8 individual=4/12 evals=16 stage2_unique_prices=664 best_score=2.89699708561 best_price=2.482911,5.300653 elapsed_sec=4599.27
[GA] phase=objective_start generation=1/8 individual=4/12 evals=16 stage2_unique_prices=664 best_score=2.89699708561 best_price=2.482911,5.300653 elapsed_sec=4599.27
[GA] phase=individual_done generation=1/8 individual=4/12 evals=16 stage2_unique_prices=714 best_score=2.89699708561 best_price=2.482911,5.300653 elapsed_sec=4888.84
[GA] phase=individual_start generation=1/8 individual=5/12 evals=17 stage2_unique_prices=714 best_score=2.89699708561 best_price=2.482911,5.300653 elapsed_sec=4888.84
[GA] phase=stage2_start generation=1/8 individual=5/12 evals=17 stage2_unique_prices=714 best_score=2.89699708561 best_price=2.482911,5.300653 elapsed_sec=4888.84
[GA] phase=stage2_done generation=1/8 individual=5/12 evals=17 stage2_unique_prices=715 best_score=2.89699708561 best_price=2.482911,5.300653 elapsed_sec=4894.78
[GA] phase=objective_start generation=1/8 individual=5/12 evals=17 stage2_unique_prices=715 best_score=2.89699708561 best_price=2.482911,5.300653 elapsed_sec=4894.78
[GA] phase=individual_done generation=1/8 individual=5/12 evals=17 stage2_unique_prices=765 best_score=2.89699708561 best_price=2.482911,5.300653 elapsed_sec=5196.95
[GA] phase=individual_start generation=1/8 individual=6/12 evals=18 stage2_unique_prices=765 best_score=2.89699708561 best_price=2.482911,5.300653 elapsed_sec=5196.95
[GA] phase=stage2_start generation=1/8 individual=6/12 evals=18 stage2_unique_prices=765 best_score=2.89699708561 best_price=2.482911,5.300653 elapsed_sec=5196.95
[GA] phase=stage2_done generation=1/8 individual=6/12 evals=18 stage2_unique_prices=766 best_score=2.89699708561 best_price=2.482911,5.300653 elapsed_sec=5202.31
[GA] phase=objective_start generation=1/8 individual=6/12 evals=18 stage2_unique_prices=766 best_score=2.89699708561 best_price=2.482911,5.300653 elapsed_sec=5202.31
[GA] phase=individual_done generation=1/8 individual=6/12 evals=18 stage2_unique_prices=816 best_score=2.64750964753 best_price=4.858381,3.392798 elapsed_sec=5494.38
[GA] phase=individual_start generation=1/8 individual=7/12 evals=19 stage2_unique_prices=816 best_score=2.64750964753 best_price=4.858381,3.392798 elapsed_sec=5494.38
[GA] phase=stage2_start generation=1/8 individual=7/12 evals=19 stage2_unique_prices=816 best_score=2.64750964753 best_price=4.858381,3.392798 elapsed_sec=5494.38
[GA] phase=stage2_done generation=1/8 individual=7/12 evals=19 stage2_unique_prices=817 best_score=2.64750964753 best_price=4.858381,3.392798 elapsed_sec=5500.43
[GA] phase=objective_start generation=1/8 individual=7/12 evals=19 stage2_unique_prices=817 best_score=2.64750964753 best_price=4.858381,3.392798 elapsed_sec=5500.43
[GA] phase=individual_done generation=1/8 individual=7/12 evals=19 stage2_unique_prices=867 best_score=2.64750964753 best_price=4.858381,3.392798 elapsed_sec=6037.13
[GA] phase=individual_start generation=1/8 individual=8/12 evals=20 stage2_unique_prices=867 best_score=2.64750964753 best_price=4.858381,3.392798 elapsed_sec=6037.13
[GA] phase=stage2_start generation=1/8 individual=8/12 evals=20 stage2_unique_prices=867 best_score=2.64750964753 best_price=4.858381,3.392798 elapsed_sec=6037.13
[GA] phase=stage2_done generation=1/8 individual=8/12 evals=20 stage2_unique_prices=868 best_score=2.64750964753 best_price=4.858381,3.392798 elapsed_sec=6047.97
[GA] phase=objective_start generation=1/8 individual=8/12 evals=20 stage2_unique_prices=868 best_score=2.64750964753 best_price=4.858381,3.392798 elapsed_sec=6047.97
[GA] phase=individual_done generation=1/8 individual=8/12 evals=20 stage2_unique_prices=918 best_score=2.64750964753 best_price=4.858381,3.392798 elapsed_sec=6599.66
[GA] phase=individual_start generation=1/8 individual=9/12 evals=21 stage2_unique_prices=918 best_score=2.64750964753 best_price=4.858381,3.392798 elapsed_sec=6599.66
[GA] phase=stage2_start generation=1/8 individual=9/12 evals=21 stage2_unique_prices=918 best_score=2.64750964753 best_price=4.858381,3.392798 elapsed_sec=6599.66
[GA] phase=stage2_done generation=1/8 individual=9/12 evals=21 stage2_unique_prices=919 best_score=2.64750964753 best_price=4.858381,3.392798 elapsed_sec=6611.75
[GA] phase=objective_start generation=1/8 individual=9/12 evals=21 stage2_unique_prices=919 best_score=2.64750964753 best_price=4.858381,3.392798 elapsed_sec=6611.75
[GA] phase=individual_done generation=1/8 individual=9/12 evals=21 stage2_unique_prices=969 best_score=2.64750964753 best_price=4.858381,3.392798 elapsed_sec=7186.14
[GA] phase=individual_start generation=1/8 individual=10/12 evals=22 stage2_unique_prices=969 best_score=2.64750964753 best_price=4.858381,3.392798 elapsed_sec=7186.14
[GA] phase=stage2_start generation=1/8 individual=10/12 evals=22 stage2_unique_prices=969 best_score=2.64750964753 best_price=4.858381,3.392798 elapsed_sec=7186.14
[GA] phase=stage2_done generation=1/8 individual=10/12 evals=22 stage2_unique_prices=970 best_score=2.64750964753 best_price=4.858381,3.392798 elapsed_sec=7197.19
[GA] phase=objective_start generation=1/8 individual=10/12 evals=22 stage2_unique_prices=970 best_score=2.64750964753 best_price=4.858381,3.392798 elapsed_sec=7197.19
[GA] phase=individual_done generation=1/8 individual=10/12 evals=22 stage2_unique_prices=1020 best_score=2.64750964753 best_price=4.858381,3.392798 elapsed_sec=7750.00
[GA] phase=individual_start generation=1/8 individual=11/12 evals=23 stage2_unique_prices=1020 best_score=2.64750964753 best_price=4.858381,3.392798 elapsed_sec=7750.00
[GA] phase=stage2_start generation=1/8 individual=11/12 evals=23 stage2_unique_prices=1020 best_score=2.64750964753 best_price=4.858381,3.392798 elapsed_sec=7750.00
[GA] phase=stage2_done generation=1/8 individual=11/12 evals=23 stage2_unique_prices=1021 best_score=2.64750964753 best_price=4.858381,3.392798 elapsed_sec=7761.41
[GA] phase=objective_start generation=1/8 individual=11/12 evals=23 stage2_unique_prices=1021 best_score=2.64750964753 best_price=4.858381,3.392798 elapsed_sec=7761.41
[GA] phase=individual_done generation=1/8 individual=11/12 evals=23 stage2_unique_prices=1071 best_score=2.64750964753 best_price=4.858381,3.392798 elapsed_sec=8347.22
[GA] phase=individual_start generation=1/8 individual=12/12 evals=24 stage2_unique_prices=1071 best_score=2.64750964753 best_price=4.858381,3.392798 elapsed_sec=8347.22
[GA] phase=stage2_start generation=1/8 individual=12/12 evals=24 stage2_unique_prices=1071 best_score=2.64750964753 best_price=4.858381,3.392798 elapsed_sec=8347.22
[GA] phase=stage2_done generation=1/8 individual=12/12 evals=24 stage2_unique_prices=1072 best_score=2.64750964753 best_price=4.858381,3.392798 elapsed_sec=8355.86
[GA] phase=objective_start generation=1/8 individual=12/12 evals=24 stage2_unique_prices=1072 best_score=2.64750964753 best_price=4.858381,3.392798 elapsed_sec=8355.86
[GA] phase=individual_done generation=1/8 individual=12/12 evals=24 stage2_unique_prices=1122 best_score=2.64750964753 best_price=4.858381,3.392798 elapsed_sec=8763.05
[GA] phase=population_done generation=1/8 evals=24 stage2_unique_prices=1122 best_score=2.64750964753 best_price=4.858381,3.392798 elapsed_sec=8763.05
[GA] phase=population_start generation=2/8 evals=24 stage2_unique_prices=1122 best_score=2.64750964753 best_price=4.858381,3.392798 elapsed_sec=8763.05
[GA] phase=individual_start generation=2/8 individual=1/12 evals=25 stage2_unique_prices=1122 best_score=2.64750964753 best_price=4.858381,3.392798 elapsed_sec=8763.05
[GA] phase=stage2_cache_hit generation=2/8 individual=1/12 evals=25 stage2_unique_prices=1122 best_score=2.64750964753 best_price=4.858381,3.392798 elapsed_sec=8763.05
[GA] phase=objective_start generation=2/8 individual=1/12 evals=25 stage2_unique_prices=1122 best_score=2.64750964753 best_price=4.858381,3.392798 elapsed_sec=8763.05
[GA] phase=individual_done generation=2/8 individual=1/12 evals=25 stage2_unique_prices=1122 best_score=2.64750964753 best_price=4.858381,3.392798 elapsed_sec=8763.05
[GA] phase=individual_start generation=2/8 individual=2/12 evals=26 stage2_unique_prices=1122 best_score=2.64750964753 best_price=4.858381,3.392798 elapsed_sec=8763.05
[GA] phase=stage2_cache_hit generation=2/8 individual=2/12 evals=26 stage2_unique_prices=1122 best_score=2.64750964753 best_price=4.858381,3.392798 elapsed_sec=8763.05
[GA] phase=objective_start generation=2/8 individual=2/12 evals=26 stage2_unique_prices=1122 best_score=2.64750964753 best_price=4.858381,3.392798 elapsed_sec=8763.05
[GA] phase=individual_done generation=2/8 individual=2/12 evals=26 stage2_unique_prices=1122 best_score=2.64750964753 best_price=4.858381,3.392798 elapsed_sec=8763.05
[GA] phase=individual_start generation=2/8 individual=3/12 evals=27 stage2_unique_prices=1122 best_score=2.64750964753 best_price=4.858381,3.392798 elapsed_sec=8763.05
[GA] phase=stage2_start generation=2/8 individual=3/12 evals=27 stage2_unique_prices=1122 best_score=2.64750964753 best_price=4.858381,3.392798 elapsed_sec=8763.05
[GA] phase=stage2_done generation=2/8 individual=3/12 evals=27 stage2_unique_prices=1123 best_score=2.64750964753 best_price=4.858381,3.392798 elapsed_sec=8769.46
[GA] phase=objective_start generation=2/8 individual=3/12 evals=27 stage2_unique_prices=1123 best_score=2.64750964753 best_price=4.858381,3.392798 elapsed_sec=8769.46
[GA] phase=individual_done generation=2/8 individual=3/12 evals=27 stage2_unique_prices=1173 best_score=2.64750964753 best_price=4.858381,3.392798 elapsed_sec=9069.84
[GA] phase=individual_start generation=2/8 individual=4/12 evals=28 stage2_unique_prices=1173 best_score=2.64750964753 best_price=4.858381,3.392798 elapsed_sec=9069.84
[GA] phase=stage2_start generation=2/8 individual=4/12 evals=28 stage2_unique_prices=1173 best_score=2.64750964753 best_price=4.858381,3.392798 elapsed_sec=9069.84
[GA] phase=stage2_done generation=2/8 individual=4/12 evals=28 stage2_unique_prices=1174 best_score=2.64750964753 best_price=4.858381,3.392798 elapsed_sec=9076.58
[GA] phase=objective_start generation=2/8 individual=4/12 evals=28 stage2_unique_prices=1174 best_score=2.64750964753 best_price=4.858381,3.392798 elapsed_sec=9076.58
[GA] phase=individual_done generation=2/8 individual=4/12 evals=28 stage2_unique_prices=1224 best_score=1.75174666667 best_price=2.715325,4.957873 elapsed_sec=9379.33
[GA] phase=individual_start generation=2/8 individual=5/12 evals=29 stage2_unique_prices=1224 best_score=1.75174666667 best_price=2.715325,4.957873 elapsed_sec=9379.33
[GA] phase=stage2_start generation=2/8 individual=5/12 evals=29 stage2_unique_prices=1224 best_score=1.75174666667 best_price=2.715325,4.957873 elapsed_sec=9379.33
[GA] phase=stage2_done generation=2/8 individual=5/12 evals=29 stage2_unique_prices=1225 best_score=1.75174666667 best_price=2.715325,4.957873 elapsed_sec=9384.64
[GA] phase=objective_start generation=2/8 individual=5/12 evals=29 stage2_unique_prices=1225 best_score=1.75174666667 best_price=2.715325,4.957873 elapsed_sec=9384.64
[GA] phase=individual_done generation=2/8 individual=5/12 evals=29 stage2_unique_prices=1275 best_score=1.75174666667 best_price=2.715325,4.957873 elapsed_sec=9666.66
[GA] phase=individual_start generation=2/8 individual=6/12 evals=30 stage2_unique_prices=1275 best_score=1.75174666667 best_price=2.715325,4.957873 elapsed_sec=9666.66
[GA] phase=stage2_start generation=2/8 individual=6/12 evals=30 stage2_unique_prices=1275 best_score=1.75174666667 best_price=2.715325,4.957873 elapsed_sec=9666.66
[GA] phase=stage2_done generation=2/8 individual=6/12 evals=30 stage2_unique_prices=1276 best_score=1.75174666667 best_price=2.715325,4.957873 elapsed_sec=9672.28
[GA] phase=objective_start generation=2/8 individual=6/12 evals=30 stage2_unique_prices=1276 best_score=1.75174666667 best_price=2.715325,4.957873 elapsed_sec=9672.28
[GA] phase=individual_done generation=2/8 individual=6/12 evals=30 stage2_unique_prices=1326 best_score=1.75174666667 best_price=2.715325,4.957873 elapsed_sec=9959.44
[GA] phase=individual_start generation=2/8 individual=7/12 evals=31 stage2_unique_prices=1326 best_score=1.75174666667 best_price=2.715325,4.957873 elapsed_sec=9959.44
[GA] phase=stage2_start generation=2/8 individual=7/12 evals=31 stage2_unique_prices=1326 best_score=1.75174666667 best_price=2.715325,4.957873 elapsed_sec=9959.44
[GA] phase=stage2_done generation=2/8 individual=7/12 evals=31 stage2_unique_prices=1327 best_score=1.75174666667 best_price=2.715325,4.957873 elapsed_sec=9965.33
[GA] phase=objective_start generation=2/8 individual=7/12 evals=31 stage2_unique_prices=1327 best_score=1.75174666667 best_price=2.715325,4.957873 elapsed_sec=9965.33
[GA] phase=individual_done generation=2/8 individual=7/12 evals=31 stage2_unique_prices=1352 best_score=1.75174666667 best_price=2.715325,4.957873 elapsed_sec=10099.60
[GA] phase=individual_start generation=2/8 individual=8/12 evals=32 stage2_unique_prices=1352 best_score=1.75174666667 best_price=2.715325,4.957873 elapsed_sec=10099.60
[GA] phase=stage2_cache_hit generation=2/8 individual=8/12 evals=32 stage2_unique_prices=1352 best_score=1.75174666667 best_price=2.715325,4.957873 elapsed_sec=10099.60
[GA] phase=objective_start generation=2/8 individual=8/12 evals=32 stage2_unique_prices=1352 best_score=1.75174666667 best_price=2.715325,4.957873 elapsed_sec=10099.60
[GA] phase=individual_done generation=2/8 individual=8/12 evals=32 stage2_unique_prices=1352 best_score=1.75174666667 best_price=2.715325,4.957873 elapsed_sec=10099.60
[GA] phase=individual_start generation=2/8 individual=9/12 evals=33 stage2_unique_prices=1352 best_score=1.75174666667 best_price=2.715325,4.957873 elapsed_sec=10099.60
[GA] phase=stage2_start generation=2/8 individual=9/12 evals=33 stage2_unique_prices=1352 best_score=1.75174666667 best_price=2.715325,4.957873 elapsed_sec=10099.60
[GA] phase=stage2_done generation=2/8 individual=9/12 evals=33 stage2_unique_prices=1353 best_score=1.75174666667 best_price=2.715325,4.957873 elapsed_sec=10104.93
[GA] phase=objective_start generation=2/8 individual=9/12 evals=33 stage2_unique_prices=1353 best_score=1.75174666667 best_price=2.715325,4.957873 elapsed_sec=10104.93
[GA] phase=individual_done generation=2/8 individual=9/12 evals=33 stage2_unique_prices=1403 best_score=1.75174666667 best_price=2.715325,4.957873 elapsed_sec=10388.72
[GA] phase=individual_start generation=2/8 individual=10/12 evals=34 stage2_unique_prices=1403 best_score=1.75174666667 best_price=2.715325,4.957873 elapsed_sec=10388.72
[GA] phase=stage2_start generation=2/8 individual=10/12 evals=34 stage2_unique_prices=1403 best_score=1.75174666667 best_price=2.715325,4.957873 elapsed_sec=10388.72
[GA] phase=stage2_done generation=2/8 individual=10/12 evals=34 stage2_unique_prices=1404 best_score=1.75174666667 best_price=2.715325,4.957873 elapsed_sec=10394.32
[GA] phase=objective_start generation=2/8 individual=10/12 evals=34 stage2_unique_prices=1404 best_score=1.75174666667 best_price=2.715325,4.957873 elapsed_sec=10394.32
[GA] phase=individual_done generation=2/8 individual=10/12 evals=34 stage2_unique_prices=1454 best_score=0.586628999258 best_price=4.30154,3.730492 elapsed_sec=10679.03
[GA] phase=individual_start generation=2/8 individual=11/12 evals=35 stage2_unique_prices=1454 best_score=0.586628999258 best_price=4.30154,3.730492 elapsed_sec=10679.03
[GA] phase=stage2_start generation=2/8 individual=11/12 evals=35 stage2_unique_prices=1454 best_score=0.586628999258 best_price=4.30154,3.730492 elapsed_sec=10679.03
[GA] phase=stage2_done generation=2/8 individual=11/12 evals=35 stage2_unique_prices=1455 best_score=0.586628999258 best_price=4.30154,3.730492 elapsed_sec=10684.65
[GA] phase=objective_start generation=2/8 individual=11/12 evals=35 stage2_unique_prices=1455 best_score=0.586628999258 best_price=4.30154,3.730492 elapsed_sec=10684.65
[GA] phase=individual_done generation=2/8 individual=11/12 evals=35 stage2_unique_prices=1505 best_score=0 best_price=4.425149,3.598964 elapsed_sec=10967.07
[GA] phase=individual_start generation=2/8 individual=12/12 evals=36 stage2_unique_prices=1505 best_score=0 best_price=4.425149,3.598964 elapsed_sec=10967.07
[GA] phase=stage2_start generation=2/8 individual=12/12 evals=36 stage2_unique_prices=1505 best_score=0 best_price=4.425149,3.598964 elapsed_sec=10967.07
[GA] phase=stage2_done generation=2/8 individual=12/12 evals=36 stage2_unique_prices=1506 best_score=0 best_price=4.425149,3.598964 elapsed_sec=10972.07
[GA] phase=objective_start generation=2/8 individual=12/12 evals=36 stage2_unique_prices=1506 best_score=0 best_price=4.425149,3.598964 elapsed_sec=10972.07
[GA] phase=individual_done generation=2/8 individual=12/12 evals=36 stage2_unique_prices=1556 best_score=0 best_price=4.425149,3.598964 elapsed_sec=11250.84
[GA] phase=population_done generation=2/8 evals=36 stage2_unique_prices=1556 best_score=0 best_price=4.425149,3.598964 elapsed_sec=11250.84
[GA] phase=population_start generation=3/8 evals=36 stage2_unique_prices=1556 best_score=0 best_price=4.425149,3.598964 elapsed_sec=11250.84
[GA] phase=individual_start generation=3/8 individual=1/12 evals=37 stage2_unique_prices=1556 best_score=0 best_price=4.425149,3.598964 elapsed_sec=11250.84
[GA] phase=stage2_cache_hit generation=3/8 individual=1/12 evals=37 stage2_unique_prices=1556 best_score=0 best_price=4.425149,3.598964 elapsed_sec=11250.84
[GA] phase=objective_start generation=3/8 individual=1/12 evals=37 stage2_unique_prices=1556 best_score=0 best_price=4.425149,3.598964 elapsed_sec=11250.84
[GA] phase=individual_done generation=3/8 individual=1/12 evals=37 stage2_unique_prices=1556 best_score=0 best_price=4.425149,3.598964 elapsed_sec=11250.84
[GA] phase=individual_start generation=3/8 individual=2/12 evals=38 stage2_unique_prices=1556 best_score=0 best_price=4.425149,3.598964 elapsed_sec=11250.84
[GA] phase=stage2_cache_hit generation=3/8 individual=2/12 evals=38 stage2_unique_prices=1556 best_score=0 best_price=4.425149,3.598964 elapsed_sec=11250.84
[GA] phase=objective_start generation=3/8 individual=2/12 evals=38 stage2_unique_prices=1556 best_score=0 best_price=4.425149,3.598964 elapsed_sec=11250.84
[GA] phase=individual_done generation=3/8 individual=2/12 evals=38 stage2_unique_prices=1556 best_score=0 best_price=4.425149,3.598964 elapsed_sec=11250.84
[GA] phase=individual_start generation=3/8 individual=3/12 evals=39 stage2_unique_prices=1556 best_score=0 best_price=4.425149,3.598964 elapsed_sec=11250.84
[GA] phase=stage2_start generation=3/8 individual=3/12 evals=39 stage2_unique_prices=1556 best_score=0 best_price=4.425149,3.598964 elapsed_sec=11250.84
[GA] phase=stage2_done generation=3/8 individual=3/12 evals=39 stage2_unique_prices=1557 best_score=0 best_price=4.425149,3.598964 elapsed_sec=11256.52
[GA] phase=objective_start generation=3/8 individual=3/12 evals=39 stage2_unique_prices=1557 best_score=0 best_price=4.425149,3.598964 elapsed_sec=11256.52
[GA] phase=individual_done generation=3/8 individual=3/12 evals=39 stage2_unique_prices=1582 best_score=0 best_price=4.425149,3.598964 elapsed_sec=11423.81
[GA] phase=individual_start generation=3/8 individual=4/12 evals=40 stage2_unique_prices=1582 best_score=0 best_price=4.425149,3.598964 elapsed_sec=11423.81
[GA] phase=stage2_cache_hit generation=3/8 individual=4/12 evals=40 stage2_unique_prices=1582 best_score=0 best_price=4.425149,3.598964 elapsed_sec=11423.81
[GA] phase=objective_start generation=3/8 individual=4/12 evals=40 stage2_unique_prices=1582 best_score=0 best_price=4.425149,3.598964 elapsed_sec=11423.81
[GA] phase=individual_done generation=3/8 individual=4/12 evals=40 stage2_unique_prices=1582 best_score=0 best_price=4.425149,3.598964 elapsed_sec=11423.81
[GA] phase=individual_start generation=3/8 individual=5/12 evals=41 stage2_unique_prices=1582 best_score=0 best_price=4.425149,3.598964 elapsed_sec=11423.81
[GA] phase=stage2_start generation=3/8 individual=5/12 evals=41 stage2_unique_prices=1582 best_score=0 best_price=4.425149,3.598964 elapsed_sec=11423.81
[GA] phase=stage2_done generation=3/8 individual=5/12 evals=41 stage2_unique_prices=1583 best_score=0 best_price=4.425149,3.598964 elapsed_sec=11428.29
[GA] phase=objective_start generation=3/8 individual=5/12 evals=41 stage2_unique_prices=1583 best_score=0 best_price=4.425149,3.598964 elapsed_sec=11428.29
[GA] phase=individual_done generation=3/8 individual=5/12 evals=41 stage2_unique_prices=1608 best_score=0 best_price=4.425149,3.598964 elapsed_sec=11545.50
[GA] phase=individual_start generation=3/8 individual=6/12 evals=42 stage2_unique_prices=1608 best_score=0 best_price=4.425149,3.598964 elapsed_sec=11545.50
[GA] phase=stage2_cache_hit generation=3/8 individual=6/12 evals=42 stage2_unique_prices=1608 best_score=0 best_price=4.425149,3.598964 elapsed_sec=11545.50
[GA] phase=objective_start generation=3/8 individual=6/12 evals=42 stage2_unique_prices=1608 best_score=0 best_price=4.425149,3.598964 elapsed_sec=11545.50
[GA] phase=individual_done generation=3/8 individual=6/12 evals=42 stage2_unique_prices=1608 best_score=0 best_price=4.425149,3.598964 elapsed_sec=11545.50
[GA] phase=individual_start generation=3/8 individual=7/12 evals=43 stage2_unique_prices=1608 best_score=0 best_price=4.425149,3.598964 elapsed_sec=11545.50
[GA] phase=stage2_start generation=3/8 individual=7/12 evals=43 stage2_unique_prices=1608 best_score=0 best_price=4.425149,3.598964 elapsed_sec=11545.50
[GA] phase=stage2_done generation=3/8 individual=7/12 evals=43 stage2_unique_prices=1609 best_score=0 best_price=4.425149,3.598964 elapsed_sec=11551.94
[GA] phase=objective_start generation=3/8 individual=7/12 evals=43 stage2_unique_prices=1609 best_score=0 best_price=4.425149,3.598964 elapsed_sec=11551.94
[GA] phase=individual_done generation=3/8 individual=7/12 evals=43 stage2_unique_prices=1659 best_score=0 best_price=4.425149,3.598964 elapsed_sec=11859.49
[GA] phase=individual_start generation=3/8 individual=8/12 evals=44 stage2_unique_prices=1659 best_score=0 best_price=4.425149,3.598964 elapsed_sec=11859.49
[GA] phase=stage2_start generation=3/8 individual=8/12 evals=44 stage2_unique_prices=1659 best_score=0 best_price=4.425149,3.598964 elapsed_sec=11859.49
[GA] phase=stage2_done generation=3/8 individual=8/12 evals=44 stage2_unique_prices=1660 best_score=0 best_price=4.425149,3.598964 elapsed_sec=11866.10
[GA] phase=objective_start generation=3/8 individual=8/12 evals=44 stage2_unique_prices=1660 best_score=0 best_price=4.425149,3.598964 elapsed_sec=11866.10
[GA] phase=individual_done generation=3/8 individual=8/12 evals=44 stage2_unique_prices=1710 best_score=0 best_price=4.425149,3.598964 elapsed_sec=12294.99
[GA] phase=individual_start generation=3/8 individual=9/12 evals=45 stage2_unique_prices=1710 best_score=0 best_price=4.425149,3.598964 elapsed_sec=12294.99
[GA] phase=stage2_start generation=3/8 individual=9/12 evals=45 stage2_unique_prices=1710 best_score=0 best_price=4.425149,3.598964 elapsed_sec=12294.99
[GA] phase=stage2_done generation=3/8 individual=9/12 evals=45 stage2_unique_prices=1711 best_score=0 best_price=4.425149,3.598964 elapsed_sec=12302.24
[GA] phase=objective_start generation=3/8 individual=9/12 evals=45 stage2_unique_prices=1711 best_score=0 best_price=4.425149,3.598964 elapsed_sec=12302.24
[GA] phase=individual_done generation=3/8 individual=9/12 evals=45 stage2_unique_prices=1736 best_score=0 best_price=4.425149,3.598964 elapsed_sec=12473.01
[GA] phase=individual_start generation=3/8 individual=10/12 evals=46 stage2_unique_prices=1736 best_score=0 best_price=4.425149,3.598964 elapsed_sec=12473.01
[GA] phase=stage2_cache_hit generation=3/8 individual=10/12 evals=46 stage2_unique_prices=1736 best_score=0 best_price=4.425149,3.598964 elapsed_sec=12473.01
[GA] phase=objective_start generation=3/8 individual=10/12 evals=46 stage2_unique_prices=1736 best_score=0 best_price=4.425149,3.598964 elapsed_sec=12473.01
[GA] phase=individual_done generation=3/8 individual=10/12 evals=46 stage2_unique_prices=1736 best_score=0 best_price=4.425149,3.598964 elapsed_sec=12473.01
[GA] phase=individual_start generation=3/8 individual=11/12 evals=47 stage2_unique_prices=1736 best_score=0 best_price=4.425149,3.598964 elapsed_sec=12473.01
[GA] phase=stage2_start generation=3/8 individual=11/12 evals=47 stage2_unique_prices=1736 best_score=0 best_price=4.425149,3.598964 elapsed_sec=12473.01
[GA] phase=stage2_done generation=3/8 individual=11/12 evals=47 stage2_unique_prices=1737 best_score=0 best_price=4.425149,3.598964 elapsed_sec=12478.29
[GA] phase=objective_start generation=3/8 individual=11/12 evals=47 stage2_unique_prices=1737 best_score=0 best_price=4.425149,3.598964 elapsed_sec=12478.29
[GA] phase=individual_done generation=3/8 individual=11/12 evals=47 stage2_unique_prices=1787 best_score=0 best_price=4.425149,3.598964 elapsed_sec=12773.93
[GA] phase=individual_start generation=3/8 individual=12/12 evals=48 stage2_unique_prices=1787 best_score=0 best_price=4.425149,3.598964 elapsed_sec=12773.93
[GA] phase=stage2_start generation=3/8 individual=12/12 evals=48 stage2_unique_prices=1787 best_score=0 best_price=4.425149,3.598964 elapsed_sec=12773.93
[GA] phase=stage2_done generation=3/8 individual=12/12 evals=48 stage2_unique_prices=1788 best_score=0 best_price=4.425149,3.598964 elapsed_sec=12778.74
[GA] phase=objective_start generation=3/8 individual=12/12 evals=48 stage2_unique_prices=1788 best_score=0 best_price=4.425149,3.598964 elapsed_sec=12778.74
[GA] phase=individual_done generation=3/8 individual=12/12 evals=48 stage2_unique_prices=1838 best_score=0 best_price=4.425149,3.598964 elapsed_sec=13061.40
[GA] phase=population_done generation=3/8 evals=48 stage2_unique_prices=1838 best_score=0 best_price=4.425149,3.598964 elapsed_sec=13061.40
[GA] phase=population_start generation=4/8 evals=48 stage2_unique_prices=1838 best_score=0 best_price=4.425149,3.598964 elapsed_sec=13061.40
[GA] phase=individual_start generation=4/8 individual=1/12 evals=49 stage2_unique_prices=1838 best_score=0 best_price=4.425149,3.598964 elapsed_sec=13061.40
[GA] phase=stage2_cache_hit generation=4/8 individual=1/12 evals=49 stage2_unique_prices=1838 best_score=0 best_price=4.425149,3.598964 elapsed_sec=13061.40
[GA] phase=objective_start generation=4/8 individual=1/12 evals=49 stage2_unique_prices=1838 best_score=0 best_price=4.425149,3.598964 elapsed_sec=13061.40
[GA] phase=individual_done generation=4/8 individual=1/12 evals=49 stage2_unique_prices=1838 best_score=0 best_price=4.425149,3.598964 elapsed_sec=13061.40
[GA] phase=individual_start generation=4/8 individual=2/12 evals=50 stage2_unique_prices=1838 best_score=0 best_price=4.425149,3.598964 elapsed_sec=13061.40
[GA] phase=stage2_cache_hit generation=4/8 individual=2/12 evals=50 stage2_unique_prices=1838 best_score=0 best_price=4.425149,3.598964 elapsed_sec=13061.40
[GA] phase=objective_start generation=4/8 individual=2/12 evals=50 stage2_unique_prices=1838 best_score=0 best_price=4.425149,3.598964 elapsed_sec=13061.40
[GA] phase=individual_done generation=4/8 individual=2/12 evals=50 stage2_unique_prices=1838 best_score=0 best_price=4.425149,3.598964 elapsed_sec=13061.40
[GA] phase=individual_start generation=4/8 individual=3/12 evals=51 stage2_unique_prices=1838 best_score=0 best_price=4.425149,3.598964 elapsed_sec=13061.40
[GA] phase=stage2_cache_hit generation=4/8 individual=3/12 evals=51 stage2_unique_prices=1838 best_score=0 best_price=4.425149,3.598964 elapsed_sec=13061.40
[GA] phase=objective_start generation=4/8 individual=3/12 evals=51 stage2_unique_prices=1838 best_score=0 best_price=4.425149,3.598964 elapsed_sec=13061.40
[GA] phase=individual_done generation=4/8 individual=3/12 evals=51 stage2_unique_prices=1838 best_score=0 best_price=4.425149,3.598964 elapsed_sec=13061.40
[GA] phase=individual_start generation=4/8 individual=4/12 evals=52 stage2_unique_prices=1838 best_score=0 best_price=4.425149,3.598964 elapsed_sec=13061.40
[GA] phase=stage2_cache_hit generation=4/8 individual=4/12 evals=52 stage2_unique_prices=1838 best_score=0 best_price=4.425149,3.598964 elapsed_sec=13061.40
[GA] phase=objective_start generation=4/8 individual=4/12 evals=52 stage2_unique_prices=1838 best_score=0 best_price=4.425149,3.598964 elapsed_sec=13061.40
[GA] phase=individual_done generation=4/8 individual=4/12 evals=52 stage2_unique_prices=1838 best_score=0 best_price=4.425149,3.598964 elapsed_sec=13061.40
[GA] phase=individual_start generation=4/8 individual=5/12 evals=53 stage2_unique_prices=1838 best_score=0 best_price=4.425149,3.598964 elapsed_sec=13061.40
[GA] phase=stage2_cache_hit generation=4/8 individual=5/12 evals=53 stage2_unique_prices=1838 best_score=0 best_price=4.425149,3.598964 elapsed_sec=13061.40
[GA] phase=objective_start generation=4/8 individual=5/12 evals=53 stage2_unique_prices=1838 best_score=0 best_price=4.425149,3.598964 elapsed_sec=13061.40
[GA] phase=individual_done generation=4/8 individual=5/12 evals=53 stage2_unique_prices=1838 best_score=0 best_price=4.425149,3.598964 elapsed_sec=13061.40
[GA] phase=individual_start generation=4/8 individual=6/12 evals=54 stage2_unique_prices=1838 best_score=0 best_price=4.425149,3.598964 elapsed_sec=13061.40
[GA] phase=stage2_cache_hit generation=4/8 individual=6/12 evals=54 stage2_unique_prices=1838 best_score=0 best_price=4.425149,3.598964 elapsed_sec=13061.40
[GA] phase=objective_start generation=4/8 individual=6/12 evals=54 stage2_unique_prices=1838 best_score=0 best_price=4.425149,3.598964 elapsed_sec=13061.40
[GA] phase=individual_done generation=4/8 individual=6/12 evals=54 stage2_unique_prices=1838 best_score=0 best_price=4.425149,3.598964 elapsed_sec=13061.40
[GA] phase=individual_start generation=4/8 individual=7/12 evals=55 stage2_unique_prices=1838 best_score=0 best_price=4.425149,3.598964 elapsed_sec=13061.40
[GA] phase=stage2_cache_hit generation=4/8 individual=7/12 evals=55 stage2_unique_prices=1838 best_score=0 best_price=4.425149,3.598964 elapsed_sec=13061.40
[GA] phase=objective_start generation=4/8 individual=7/12 evals=55 stage2_unique_prices=1838 best_score=0 best_price=4.425149,3.598964 elapsed_sec=13061.40
[GA] phase=individual_done generation=4/8 individual=7/12 evals=55 stage2_unique_prices=1838 best_score=0 best_price=4.425149,3.598964 elapsed_sec=13061.40
[GA] phase=individual_start generation=4/8 individual=8/12 evals=56 stage2_unique_prices=1838 best_score=0 best_price=4.425149,3.598964 elapsed_sec=13061.40
[GA] phase=stage2_start generation=4/8 individual=8/12 evals=56 stage2_unique_prices=1838 best_score=0 best_price=4.425149,3.598964 elapsed_sec=13061.40
[GA] phase=stage2_done generation=4/8 individual=8/12 evals=56 stage2_unique_prices=1839 best_score=0 best_price=4.425149,3.598964 elapsed_sec=13066.91
[GA] phase=objective_start generation=4/8 individual=8/12 evals=56 stage2_unique_prices=1839 best_score=0 best_price=4.425149,3.598964 elapsed_sec=13066.91
[GA] phase=individual_done generation=4/8 individual=8/12 evals=56 stage2_unique_prices=1864 best_score=0 best_price=4.425149,3.598964 elapsed_sec=13189.91
[GA] phase=individual_start generation=4/8 individual=9/12 evals=57 stage2_unique_prices=1864 best_score=0 best_price=4.425149,3.598964 elapsed_sec=13189.91
[GA] phase=stage2_start generation=4/8 individual=9/12 evals=57 stage2_unique_prices=1864 best_score=0 best_price=4.425149,3.598964 elapsed_sec=13189.91
[GA] phase=stage2_done generation=4/8 individual=9/12 evals=57 stage2_unique_prices=1865 best_score=0 best_price=4.425149,3.598964 elapsed_sec=13195.25
[GA] phase=objective_start generation=4/8 individual=9/12 evals=57 stage2_unique_prices=1865 best_score=0 best_price=4.425149,3.598964 elapsed_sec=13195.25
[GA] phase=individual_done generation=4/8 individual=9/12 evals=57 stage2_unique_prices=1890 best_score=0 best_price=4.425149,3.598964 elapsed_sec=13370.11
[GA] phase=individual_start generation=4/8 individual=10/12 evals=58 stage2_unique_prices=1890 best_score=0 best_price=4.425149,3.598964 elapsed_sec=13370.11
[GA] phase=stage2_cache_hit generation=4/8 individual=10/12 evals=58 stage2_unique_prices=1890 best_score=0 best_price=4.425149,3.598964 elapsed_sec=13370.11
[GA] phase=objective_start generation=4/8 individual=10/12 evals=58 stage2_unique_prices=1890 best_score=0 best_price=4.425149,3.598964 elapsed_sec=13370.11
[GA] phase=individual_done generation=4/8 individual=10/12 evals=58 stage2_unique_prices=1890 best_score=0 best_price=4.425149,3.598964 elapsed_sec=13370.11
[GA] phase=individual_start generation=4/8 individual=11/12 evals=59 stage2_unique_prices=1890 best_score=0 best_price=4.425149,3.598964 elapsed_sec=13370.11
[GA] phase=stage2_start generation=4/8 individual=11/12 evals=59 stage2_unique_prices=1890 best_score=0 best_price=4.425149,3.598964 elapsed_sec=13370.11
[GA] phase=stage2_done generation=4/8 individual=11/12 evals=59 stage2_unique_prices=1891 best_score=0 best_price=4.425149,3.598964 elapsed_sec=13375.95
[GA] phase=objective_start generation=4/8 individual=11/12 evals=59 stage2_unique_prices=1891 best_score=0 best_price=4.425149,3.598964 elapsed_sec=13375.95
[GA] phase=individual_done generation=4/8 individual=11/12 evals=59 stage2_unique_prices=1941 best_score=0 best_price=4.367591,3.660209 elapsed_sec=13672.93
[GA] phase=individual_start generation=4/8 individual=12/12 evals=60 stage2_unique_prices=1941 best_score=0 best_price=4.367591,3.660209 elapsed_sec=13672.93
[GA] phase=stage2_start generation=4/8 individual=12/12 evals=60 stage2_unique_prices=1941 best_score=0 best_price=4.367591,3.660209 elapsed_sec=13672.93
[GA] phase=stage2_done generation=4/8 individual=12/12 evals=60 stage2_unique_prices=1942 best_score=0 best_price=4.367591,3.660209 elapsed_sec=13679.81
[GA] phase=objective_start generation=4/8 individual=12/12 evals=60 stage2_unique_prices=1942 best_score=0 best_price=4.367591,3.660209 elapsed_sec=13679.81
[GA] phase=individual_done generation=4/8 individual=12/12 evals=60 stage2_unique_prices=1992 best_score=0 best_price=4.367591,3.660209 elapsed_sec=13995.71
[GA] phase=population_done generation=4/8 evals=60 stage2_unique_prices=1992 best_score=0 best_price=4.367591,3.660209 elapsed_sec=13995.71
[GA] phase=population_start generation=5/8 evals=60 stage2_unique_prices=1992 best_score=0 best_price=4.367591,3.660209 elapsed_sec=13995.71
[GA] phase=individual_start generation=5/8 individual=1/12 evals=61 stage2_unique_prices=1992 best_score=0 best_price=4.367591,3.660209 elapsed_sec=13995.71
[GA] phase=stage2_cache_hit generation=5/8 individual=1/12 evals=61 stage2_unique_prices=1992 best_score=0 best_price=4.367591,3.660209 elapsed_sec=13995.71
[GA] phase=objective_start generation=5/8 individual=1/12 evals=61 stage2_unique_prices=1992 best_score=0 best_price=4.367591,3.660209 elapsed_sec=13995.71
[GA] phase=individual_done generation=5/8 individual=1/12 evals=61 stage2_unique_prices=1992 best_score=0 best_price=4.367591,3.660209 elapsed_sec=13995.71
[GA] phase=individual_start generation=5/8 individual=2/12 evals=62 stage2_unique_prices=1992 best_score=0 best_price=4.367591,3.660209 elapsed_sec=13995.71
[GA] phase=stage2_cache_hit generation=5/8 individual=2/12 evals=62 stage2_unique_prices=1992 best_score=0 best_price=4.367591,3.660209 elapsed_sec=13995.71
[GA] phase=objective_start generation=5/8 individual=2/12 evals=62 stage2_unique_prices=1992 best_score=0 best_price=4.367591,3.660209 elapsed_sec=13995.71
[GA] phase=individual_done generation=5/8 individual=2/12 evals=62 stage2_unique_prices=1992 best_score=0 best_price=4.367591,3.660209 elapsed_sec=13995.71
[GA] phase=individual_start generation=5/8 individual=3/12 evals=63 stage2_unique_prices=1992 best_score=0 best_price=4.367591,3.660209 elapsed_sec=13995.71
[GA] phase=stage2_start generation=5/8 individual=3/12 evals=63 stage2_unique_prices=1992 best_score=0 best_price=4.367591,3.660209 elapsed_sec=13995.71
[GA] phase=stage2_done generation=5/8 individual=3/12 evals=63 stage2_unique_prices=1993 best_score=0 best_price=4.367591,3.660209 elapsed_sec=14001.43
[GA] phase=objective_start generation=5/8 individual=3/12 evals=63 stage2_unique_prices=1993 best_score=0 best_price=4.367591,3.660209 elapsed_sec=14001.43
[GA] phase=individual_done generation=5/8 individual=3/12 evals=63 stage2_unique_prices=2043 best_score=0 best_price=4.367591,3.660209 elapsed_sec=14305.98
[GA] phase=individual_start generation=5/8 individual=4/12 evals=64 stage2_unique_prices=2043 best_score=0 best_price=4.367591,3.660209 elapsed_sec=14305.98
[GA] phase=stage2_start generation=5/8 individual=4/12 evals=64 stage2_unique_prices=2043 best_score=0 best_price=4.367591,3.660209 elapsed_sec=14305.98
[GA] phase=stage2_done generation=5/8 individual=4/12 evals=64 stage2_unique_prices=2044 best_score=0 best_price=4.367591,3.660209 elapsed_sec=14312.00
[GA] phase=objective_start generation=5/8 individual=4/12 evals=64 stage2_unique_prices=2044 best_score=0 best_price=4.367591,3.660209 elapsed_sec=14312.00
[GA] phase=individual_done generation=5/8 individual=4/12 evals=64 stage2_unique_prices=2094 best_score=0 best_price=4.367591,3.660209 elapsed_sec=14628.25
[GA] phase=individual_start generation=5/8 individual=5/12 evals=65 stage2_unique_prices=2094 best_score=0 best_price=4.367591,3.660209 elapsed_sec=14628.25
[GA] phase=stage2_start generation=5/8 individual=5/12 evals=65 stage2_unique_prices=2094 best_score=0 best_price=4.367591,3.660209 elapsed_sec=14628.25
[GA] phase=stage2_done generation=5/8 individual=5/12 evals=65 stage2_unique_prices=2095 best_score=0 best_price=4.367591,3.660209 elapsed_sec=14634.07
[GA] phase=objective_start generation=5/8 individual=5/12 evals=65 stage2_unique_prices=2095 best_score=0 best_price=4.367591,3.660209 elapsed_sec=14634.07
[GA] phase=individual_done generation=5/8 individual=5/12 evals=65 stage2_unique_prices=2120 best_score=0 best_price=4.367591,3.660209 elapsed_sec=14815.22
[GA] phase=individual_start generation=5/8 individual=6/12 evals=66 stage2_unique_prices=2120 best_score=0 best_price=4.367591,3.660209 elapsed_sec=14815.22
[GA] phase=stage2_start generation=5/8 individual=6/12 evals=66 stage2_unique_prices=2120 best_score=0 best_price=4.367591,3.660209 elapsed_sec=14815.22
[GA] phase=stage2_done generation=5/8 individual=6/12 evals=66 stage2_unique_prices=2121 best_score=0 best_price=4.367591,3.660209 elapsed_sec=14821.57
[GA] phase=objective_start generation=5/8 individual=6/12 evals=66 stage2_unique_prices=2121 best_score=0 best_price=4.367591,3.660209 elapsed_sec=14821.57
[GA] phase=individual_done generation=5/8 individual=6/12 evals=66 stage2_unique_prices=2171 best_score=0 best_price=4.367591,3.660209 elapsed_sec=15132.56
[GA] phase=individual_start generation=5/8 individual=7/12 evals=67 stage2_unique_prices=2171 best_score=0 best_price=4.367591,3.660209 elapsed_sec=15132.56
[GA] phase=stage2_start generation=5/8 individual=7/12 evals=67 stage2_unique_prices=2171 best_score=0 best_price=4.367591,3.660209 elapsed_sec=15132.56
[GA] phase=stage2_done generation=5/8 individual=7/12 evals=67 stage2_unique_prices=2172 best_score=0 best_price=4.367591,3.660209 elapsed_sec=15138.71
[GA] phase=objective_start generation=5/8 individual=7/12 evals=67 stage2_unique_prices=2172 best_score=0 best_price=4.367591,3.660209 elapsed_sec=15138.71
[GA] phase=individual_done generation=5/8 individual=7/12 evals=67 stage2_unique_prices=2222 best_score=0 best_price=4.367591,3.660209 elapsed_sec=15458.79
[GA] phase=individual_start generation=5/8 individual=8/12 evals=68 stage2_unique_prices=2222 best_score=0 best_price=4.367591,3.660209 elapsed_sec=15458.79
[GA] phase=stage2_start generation=5/8 individual=8/12 evals=68 stage2_unique_prices=2222 best_score=0 best_price=4.367591,3.660209 elapsed_sec=15458.79
[GA] phase=stage2_done generation=5/8 individual=8/12 evals=68 stage2_unique_prices=2223 best_score=0 best_price=4.367591,3.660209 elapsed_sec=15464.66
[GA] phase=objective_start generation=5/8 individual=8/12 evals=68 stage2_unique_prices=2223 best_score=0 best_price=4.367591,3.660209 elapsed_sec=15464.66
[GA] phase=individual_done generation=5/8 individual=8/12 evals=68 stage2_unique_prices=2273 best_score=0 best_price=4.367591,3.660209 elapsed_sec=15767.33
[GA] phase=individual_start generation=5/8 individual=9/12 evals=69 stage2_unique_prices=2273 best_score=0 best_price=4.367591,3.660209 elapsed_sec=15767.33
[GA] phase=stage2_start generation=5/8 individual=9/12 evals=69 stage2_unique_prices=2273 best_score=0 best_price=4.367591,3.660209 elapsed_sec=15767.33
[GA] phase=stage2_done generation=5/8 individual=9/12 evals=69 stage2_unique_prices=2274 best_score=0 best_price=4.367591,3.660209 elapsed_sec=15772.90
[GA] phase=objective_start generation=5/8 individual=9/12 evals=69 stage2_unique_prices=2274 best_score=0 best_price=4.367591,3.660209 elapsed_sec=15772.90
[GA] phase=individual_done generation=5/8 individual=9/12 evals=69 stage2_unique_prices=2324 best_score=0 best_price=4.367591,3.660209 elapsed_sec=16077.58
[GA] phase=individual_start generation=5/8 individual=10/12 evals=70 stage2_unique_prices=2324 best_score=0 best_price=4.367591,3.660209 elapsed_sec=16077.58
[GA] phase=stage2_start generation=5/8 individual=10/12 evals=70 stage2_unique_prices=2324 best_score=0 best_price=4.367591,3.660209 elapsed_sec=16077.58
[GA] phase=stage2_done generation=5/8 individual=10/12 evals=70 stage2_unique_prices=2325 best_score=0 best_price=4.367591,3.660209 elapsed_sec=16083.77
[GA] phase=objective_start generation=5/8 individual=10/12 evals=70 stage2_unique_prices=2325 best_score=0 best_price=4.367591,3.660209 elapsed_sec=16083.77
[GA] phase=individual_done generation=5/8 individual=10/12 evals=70 stage2_unique_prices=2375 best_score=0 best_price=4.367591,3.660209 elapsed_sec=16390.03
[GA] phase=individual_start generation=5/8 individual=11/12 evals=71 stage2_unique_prices=2375 best_score=0 best_price=4.367591,3.660209 elapsed_sec=16390.03
[GA] phase=stage2_cache_hit generation=5/8 individual=11/12 evals=71 stage2_unique_prices=2375 best_score=0 best_price=4.367591,3.660209 elapsed_sec=16390.03
[GA] phase=objective_start generation=5/8 individual=11/12 evals=71 stage2_unique_prices=2375 best_score=0 best_price=4.367591,3.660209 elapsed_sec=16390.03
[GA] phase=individual_done generation=5/8 individual=11/12 evals=71 stage2_unique_prices=2375 best_score=0 best_price=4.367591,3.660209 elapsed_sec=16390.03
[GA] phase=individual_start generation=5/8 individual=12/12 evals=72 stage2_unique_prices=2375 best_score=0 best_price=4.367591,3.660209 elapsed_sec=16390.03
[GA] phase=stage2_cache_hit generation=5/8 individual=12/12 evals=72 stage2_unique_prices=2375 best_score=0 best_price=4.367591,3.660209 elapsed_sec=16390.03
[GA] phase=objective_start generation=5/8 individual=12/12 evals=72 stage2_unique_prices=2375 best_score=0 best_price=4.367591,3.660209 elapsed_sec=16390.03
[GA] phase=individual_done generation=5/8 individual=12/12 evals=72 stage2_unique_prices=2375 best_score=0 best_price=4.367591,3.660209 elapsed_sec=16390.03
[GA] phase=population_done generation=5/8 evals=72 stage2_unique_prices=2375 best_score=0 best_price=4.367591,3.660209 elapsed_sec=16390.03
[GA] phase=population_start generation=6/8 evals=72 stage2_unique_prices=2375 best_score=0 best_price=4.367591,3.660209 elapsed_sec=16390.03
[GA] phase=individual_start generation=6/8 individual=1/12 evals=73 stage2_unique_prices=2375 best_score=0 best_price=4.367591,3.660209 elapsed_sec=16390.03
[GA] phase=stage2_cache_hit generation=6/8 individual=1/12 evals=73 stage2_unique_prices=2375 best_score=0 best_price=4.367591,3.660209 elapsed_sec=16390.03
[GA] phase=objective_start generation=6/8 individual=1/12 evals=73 stage2_unique_prices=2375 best_score=0 best_price=4.367591,3.660209 elapsed_sec=16390.03
[GA] phase=individual_done generation=6/8 individual=1/12 evals=73 stage2_unique_prices=2375 best_score=0 best_price=4.367591,3.660209 elapsed_sec=16390.03
[GA] phase=individual_start generation=6/8 individual=2/12 evals=74 stage2_unique_prices=2375 best_score=0 best_price=4.367591,3.660209 elapsed_sec=16390.03
[GA] phase=stage2_cache_hit generation=6/8 individual=2/12 evals=74 stage2_unique_prices=2375 best_score=0 best_price=4.367591,3.660209 elapsed_sec=16390.03
[GA] phase=objective_start generation=6/8 individual=2/12 evals=74 stage2_unique_prices=2375 best_score=0 best_price=4.367591,3.660209 elapsed_sec=16390.03
[GA] phase=individual_done generation=6/8 individual=2/12 evals=74 stage2_unique_prices=2375 best_score=0 best_price=4.367591,3.660209 elapsed_sec=16390.03
[GA] phase=individual_start generation=6/8 individual=3/12 evals=75 stage2_unique_prices=2375 best_score=0 best_price=4.367591,3.660209 elapsed_sec=16390.03
[GA] phase=stage2_cache_hit generation=6/8 individual=3/12 evals=75 stage2_unique_prices=2375 best_score=0 best_price=4.367591,3.660209 elapsed_sec=16390.03
[GA] phase=objective_start generation=6/8 individual=3/12 evals=75 stage2_unique_prices=2375 best_score=0 best_price=4.367591,3.660209 elapsed_sec=16390.03
[GA] phase=individual_done generation=6/8 individual=3/12 evals=75 stage2_unique_prices=2375 best_score=0 best_price=4.367591,3.660209 elapsed_sec=16390.03
[GA] phase=individual_start generation=6/8 individual=4/12 evals=76 stage2_unique_prices=2375 best_score=0 best_price=4.367591,3.660209 elapsed_sec=16390.03
[GA] phase=stage2_cache_hit generation=6/8 individual=4/12 evals=76 stage2_unique_prices=2375 best_score=0 best_price=4.367591,3.660209 elapsed_sec=16390.03
[GA] phase=objective_start generation=6/8 individual=4/12 evals=76 stage2_unique_prices=2375 best_score=0 best_price=4.367591,3.660209 elapsed_sec=16390.03
[GA] phase=individual_done generation=6/8 individual=4/12 evals=76 stage2_unique_prices=2375 best_score=0 best_price=4.367591,3.660209 elapsed_sec=16390.03
[GA] phase=individual_start generation=6/8 individual=5/12 evals=77 stage2_unique_prices=2375 best_score=0 best_price=4.367591,3.660209 elapsed_sec=16390.03
[GA] phase=stage2_start generation=6/8 individual=5/12 evals=77 stage2_unique_prices=2375 best_score=0 best_price=4.367591,3.660209 elapsed_sec=16390.03
[GA] phase=stage2_done generation=6/8 individual=5/12 evals=77 stage2_unique_prices=2376 best_score=0 best_price=4.367591,3.660209 elapsed_sec=16396.16
[GA] phase=objective_start generation=6/8 individual=5/12 evals=77 stage2_unique_prices=2376 best_score=0 best_price=4.367591,3.660209 elapsed_sec=16396.16
[GA] phase=individual_done generation=6/8 individual=5/12 evals=77 stage2_unique_prices=2401 best_score=0 best_price=4.367591,3.660209 elapsed_sec=16573.07
[GA] phase=individual_start generation=6/8 individual=6/12 evals=78 stage2_unique_prices=2401 best_score=0 best_price=4.367591,3.660209 elapsed_sec=16573.07
[GA] phase=stage2_start generation=6/8 individual=6/12 evals=78 stage2_unique_prices=2401 best_score=0 best_price=4.367591,3.660209 elapsed_sec=16573.07
[GA] phase=stage2_done generation=6/8 individual=6/12 evals=78 stage2_unique_prices=2402 best_score=0 best_price=4.367591,3.660209 elapsed_sec=16579.61
[GA] phase=objective_start generation=6/8 individual=6/12 evals=78 stage2_unique_prices=2402 best_score=0 best_price=4.367591,3.660209 elapsed_sec=16579.61
[GA] phase=individual_done generation=6/8 individual=6/12 evals=78 stage2_unique_prices=2427 best_score=0 best_price=4.367591,3.660209 elapsed_sec=16763.46
[GA] phase=individual_start generation=6/8 individual=7/12 evals=79 stage2_unique_prices=2427 best_score=0 best_price=4.367591,3.660209 elapsed_sec=16763.46
[GA] phase=stage2_start generation=6/8 individual=7/12 evals=79 stage2_unique_prices=2427 best_score=0 best_price=4.367591,3.660209 elapsed_sec=16763.46
[GA] phase=stage2_done generation=6/8 individual=7/12 evals=79 stage2_unique_prices=2428 best_score=0 best_price=4.367591,3.660209 elapsed_sec=16769.40
[GA] phase=objective_start generation=6/8 individual=7/12 evals=79 stage2_unique_prices=2428 best_score=0 best_price=4.367591,3.660209 elapsed_sec=16769.40
[GA] phase=individual_done generation=6/8 individual=7/12 evals=79 stage2_unique_prices=2478 best_score=0 best_price=4.367591,3.660209 elapsed_sec=17078.53
[GA] phase=individual_start generation=6/8 individual=8/12 evals=80 stage2_unique_prices=2478 best_score=0 best_price=4.367591,3.660209 elapsed_sec=17078.53
[GA] phase=stage2_start generation=6/8 individual=8/12 evals=80 stage2_unique_prices=2478 best_score=0 best_price=4.367591,3.660209 elapsed_sec=17078.53
[GA] phase=stage2_done generation=6/8 individual=8/12 evals=80 stage2_unique_prices=2479 best_score=0 best_price=4.367591,3.660209 elapsed_sec=17087.56
[GA] phase=objective_start generation=6/8 individual=8/12 evals=80 stage2_unique_prices=2479 best_score=0 best_price=4.367591,3.660209 elapsed_sec=17087.56
[GA] phase=individual_done generation=6/8 individual=8/12 evals=80 stage2_unique_prices=2529 best_score=0 best_price=4.367591,3.660209 elapsed_sec=17414.47
[GA] phase=individual_start generation=6/8 individual=9/12 evals=81 stage2_unique_prices=2529 best_score=0 best_price=4.367591,3.660209 elapsed_sec=17414.47
[GA] phase=stage2_cache_hit generation=6/8 individual=9/12 evals=81 stage2_unique_prices=2529 best_score=0 best_price=4.367591,3.660209 elapsed_sec=17414.47
[GA] phase=objective_start generation=6/8 individual=9/12 evals=81 stage2_unique_prices=2529 best_score=0 best_price=4.367591,3.660209 elapsed_sec=17414.47
[GA] phase=individual_done generation=6/8 individual=9/12 evals=81 stage2_unique_prices=2529 best_score=0 best_price=4.367591,3.660209 elapsed_sec=17414.47
[GA] phase=individual_start generation=6/8 individual=10/12 evals=82 stage2_unique_prices=2529 best_score=0 best_price=4.367591,3.660209 elapsed_sec=17414.47
[GA] phase=stage2_start generation=6/8 individual=10/12 evals=82 stage2_unique_prices=2529 best_score=0 best_price=4.367591,3.660209 elapsed_sec=17414.47
[GA] phase=stage2_done generation=6/8 individual=10/12 evals=82 stage2_unique_prices=2530 best_score=0 best_price=4.367591,3.660209 elapsed_sec=17419.95
[GA] phase=objective_start generation=6/8 individual=10/12 evals=82 stage2_unique_prices=2530 best_score=0 best_price=4.367591,3.660209 elapsed_sec=17419.95
[GA] phase=individual_done generation=6/8 individual=10/12 evals=82 stage2_unique_prices=2555 best_score=0 best_price=4.367591,3.660209 elapsed_sec=17540.23
[GA] phase=individual_start generation=6/8 individual=11/12 evals=83 stage2_unique_prices=2555 best_score=0 best_price=4.367591,3.660209 elapsed_sec=17540.23
[GA] phase=stage2_start generation=6/8 individual=11/12 evals=83 stage2_unique_prices=2555 best_score=0 best_price=4.367591,3.660209 elapsed_sec=17540.23
[GA] phase=stage2_done generation=6/8 individual=11/12 evals=83 stage2_unique_prices=2556 best_score=0 best_price=4.367591,3.660209 elapsed_sec=17546.33
[GA] phase=objective_start generation=6/8 individual=11/12 evals=83 stage2_unique_prices=2556 best_score=0 best_price=4.367591,3.660209 elapsed_sec=17546.33
[GA] phase=individual_done generation=6/8 individual=11/12 evals=83 stage2_unique_prices=2581 best_score=0 best_price=4.367591,3.660209 elapsed_sec=17721.22
[GA] phase=individual_start generation=6/8 individual=12/12 evals=84 stage2_unique_prices=2581 best_score=0 best_price=4.367591,3.660209 elapsed_sec=17721.22
[GA] phase=stage2_cache_hit generation=6/8 individual=12/12 evals=84 stage2_unique_prices=2581 best_score=0 best_price=4.367591,3.660209 elapsed_sec=17721.22
[GA] phase=objective_start generation=6/8 individual=12/12 evals=84 stage2_unique_prices=2581 best_score=0 best_price=4.367591,3.660209 elapsed_sec=17721.22
[GA] phase=individual_done generation=6/8 individual=12/12 evals=84 stage2_unique_prices=2581 best_score=0 best_price=4.367591,3.660209 elapsed_sec=17721.22
[GA] phase=population_done generation=6/8 evals=84 stage2_unique_prices=2581 best_score=0 best_price=4.367591,3.660209 elapsed_sec=17721.22
[GA] phase=population_start generation=7/8 evals=84 stage2_unique_prices=2581 best_score=0 best_price=4.367591,3.660209 elapsed_sec=17721.22
[GA] phase=individual_start generation=7/8 individual=1/12 evals=85 stage2_unique_prices=2581 best_score=0 best_price=4.367591,3.660209 elapsed_sec=17721.22
[GA] phase=stage2_cache_hit generation=7/8 individual=1/12 evals=85 stage2_unique_prices=2581 best_score=0 best_price=4.367591,3.660209 elapsed_sec=17721.22
[GA] phase=objective_start generation=7/8 individual=1/12 evals=85 stage2_unique_prices=2581 best_score=0 best_price=4.367591,3.660209 elapsed_sec=17721.22
[GA] phase=individual_done generation=7/8 individual=1/12 evals=85 stage2_unique_prices=2581 best_score=0 best_price=4.367591,3.660209 elapsed_sec=17721.22
[GA] phase=individual_start generation=7/8 individual=2/12 evals=86 stage2_unique_prices=2581 best_score=0 best_price=4.367591,3.660209 elapsed_sec=17721.22
[GA] phase=stage2_cache_hit generation=7/8 individual=2/12 evals=86 stage2_unique_prices=2581 best_score=0 best_price=4.367591,3.660209 elapsed_sec=17721.22
[GA] phase=objective_start generation=7/8 individual=2/12 evals=86 stage2_unique_prices=2581 best_score=0 best_price=4.367591,3.660209 elapsed_sec=17721.22
[GA] phase=individual_done generation=7/8 individual=2/12 evals=86 stage2_unique_prices=2581 best_score=0 best_price=4.367591,3.660209 elapsed_sec=17721.22
[GA] phase=individual_start generation=7/8 individual=3/12 evals=87 stage2_unique_prices=2581 best_score=0 best_price=4.367591,3.660209 elapsed_sec=17721.22
[GA] phase=stage2_cache_hit generation=7/8 individual=3/12 evals=87 stage2_unique_prices=2581 best_score=0 best_price=4.367591,3.660209 elapsed_sec=17721.22
[GA] phase=objective_start generation=7/8 individual=3/12 evals=87 stage2_unique_prices=2581 best_score=0 best_price=4.367591,3.660209 elapsed_sec=17721.22
[GA] phase=individual_done generation=7/8 individual=3/12 evals=87 stage2_unique_prices=2581 best_score=0 best_price=4.367591,3.660209 elapsed_sec=17721.22
[GA] phase=individual_start generation=7/8 individual=4/12 evals=88 stage2_unique_prices=2581 best_score=0 best_price=4.367591,3.660209 elapsed_sec=17721.22
[GA] phase=stage2_start generation=7/8 individual=4/12 evals=88 stage2_unique_prices=2581 best_score=0 best_price=4.367591,3.660209 elapsed_sec=17721.22
[GA] phase=stage2_done generation=7/8 individual=4/12 evals=88 stage2_unique_prices=2582 best_score=0 best_price=4.367591,3.660209 elapsed_sec=17727.01
[GA] phase=objective_start generation=7/8 individual=4/12 evals=88 stage2_unique_prices=2582 best_score=0 best_price=4.367591,3.660209 elapsed_sec=17727.01
[GA] phase=individual_done generation=7/8 individual=4/12 evals=88 stage2_unique_prices=2607 best_score=0 best_price=4.367591,3.660209 elapsed_sec=17894.87
[GA] phase=individual_start generation=7/8 individual=5/12 evals=89 stage2_unique_prices=2607 best_score=0 best_price=4.367591,3.660209 elapsed_sec=17894.87
[GA] phase=stage2_start generation=7/8 individual=5/12 evals=89 stage2_unique_prices=2607 best_score=0 best_price=4.367591,3.660209 elapsed_sec=17894.87
[GA] phase=stage2_done generation=7/8 individual=5/12 evals=89 stage2_unique_prices=2608 best_score=0 best_price=4.367591,3.660209 elapsed_sec=17900.79
[GA] phase=objective_start generation=7/8 individual=5/12 evals=89 stage2_unique_prices=2608 best_score=0 best_price=4.367591,3.660209 elapsed_sec=17900.79
[GA] phase=individual_done generation=7/8 individual=5/12 evals=89 stage2_unique_prices=2633 best_score=0 best_price=4.367591,3.660209 elapsed_sec=18066.58
[GA] phase=individual_start generation=7/8 individual=6/12 evals=90 stage2_unique_prices=2633 best_score=0 best_price=4.367591,3.660209 elapsed_sec=18066.58
[GA] phase=stage2_start generation=7/8 individual=6/12 evals=90 stage2_unique_prices=2633 best_score=0 best_price=4.367591,3.660209 elapsed_sec=18066.58
[GA] phase=stage2_done generation=7/8 individual=6/12 evals=90 stage2_unique_prices=2634 best_score=0 best_price=4.367591,3.660209 elapsed_sec=18072.51
[GA] phase=objective_start generation=7/8 individual=6/12 evals=90 stage2_unique_prices=2634 best_score=0 best_price=4.367591,3.660209 elapsed_sec=18072.51
[GA] phase=individual_done generation=7/8 individual=6/12 evals=90 stage2_unique_prices=2659 best_score=0 best_price=4.367591,3.660209 elapsed_sec=18244.90
[GA] phase=individual_start generation=7/8 individual=7/12 evals=91 stage2_unique_prices=2659 best_score=0 best_price=4.367591,3.660209 elapsed_sec=18244.90
[GA] phase=stage2_start generation=7/8 individual=7/12 evals=91 stage2_unique_prices=2659 best_score=0 best_price=4.367591,3.660209 elapsed_sec=18244.90
[GA] phase=stage2_done generation=7/8 individual=7/12 evals=91 stage2_unique_prices=2660 best_score=0 best_price=4.367591,3.660209 elapsed_sec=18251.00
[GA] phase=objective_start generation=7/8 individual=7/12 evals=91 stage2_unique_prices=2660 best_score=0 best_price=4.367591,3.660209 elapsed_sec=18251.00
[GA] phase=individual_done generation=7/8 individual=7/12 evals=91 stage2_unique_prices=2710 best_score=0 best_price=4.367591,3.660209 elapsed_sec=18536.65
[GA] phase=individual_start generation=7/8 individual=8/12 evals=92 stage2_unique_prices=2710 best_score=0 best_price=4.367591,3.660209 elapsed_sec=18536.65
[GA] phase=stage2_start generation=7/8 individual=8/12 evals=92 stage2_unique_prices=2710 best_score=0 best_price=4.367591,3.660209 elapsed_sec=18536.65
[GA] phase=stage2_done generation=7/8 individual=8/12 evals=92 stage2_unique_prices=2711 best_score=0 best_price=4.367591,3.660209 elapsed_sec=18541.75
[GA] phase=objective_start generation=7/8 individual=8/12 evals=92 stage2_unique_prices=2711 best_score=0 best_price=4.367591,3.660209 elapsed_sec=18541.75
[GA] phase=individual_done generation=7/8 individual=8/12 evals=92 stage2_unique_prices=2761 best_score=0 best_price=4.367591,3.660209 elapsed_sec=18825.66
[GA] phase=individual_start generation=7/8 individual=9/12 evals=93 stage2_unique_prices=2761 best_score=0 best_price=4.367591,3.660209 elapsed_sec=18825.66
[GA] phase=stage2_cache_hit generation=7/8 individual=9/12 evals=93 stage2_unique_prices=2761 best_score=0 best_price=4.367591,3.660209 elapsed_sec=18825.66
[GA] phase=objective_start generation=7/8 individual=9/12 evals=93 stage2_unique_prices=2761 best_score=0 best_price=4.367591,3.660209 elapsed_sec=18825.66
[GA] phase=individual_done generation=7/8 individual=9/12 evals=93 stage2_unique_prices=2761 best_score=0 best_price=4.367591,3.660209 elapsed_sec=18825.66
[GA] phase=individual_start generation=7/8 individual=10/12 evals=94 stage2_unique_prices=2761 best_score=0 best_price=4.367591,3.660209 elapsed_sec=18825.66
[GA] phase=stage2_cache_hit generation=7/8 individual=10/12 evals=94 stage2_unique_prices=2761 best_score=0 best_price=4.367591,3.660209 elapsed_sec=18825.66
[GA] phase=objective_start generation=7/8 individual=10/12 evals=94 stage2_unique_prices=2761 best_score=0 best_price=4.367591,3.660209 elapsed_sec=18825.66
[GA] phase=individual_done generation=7/8 individual=10/12 evals=94 stage2_unique_prices=2761 best_score=0 best_price=4.367591,3.660209 elapsed_sec=18825.66
[GA] phase=individual_start generation=7/8 individual=11/12 evals=95 stage2_unique_prices=2761 best_score=0 best_price=4.367591,3.660209 elapsed_sec=18825.66
[GA] phase=stage2_start generation=7/8 individual=11/12 evals=95 stage2_unique_prices=2761 best_score=0 best_price=4.367591,3.660209 elapsed_sec=18825.66
[GA] phase=stage2_done generation=7/8 individual=11/12 evals=95 stage2_unique_prices=2762 best_score=0 best_price=4.367591,3.660209 elapsed_sec=18831.42
[GA] phase=objective_start generation=7/8 individual=11/12 evals=95 stage2_unique_prices=2762 best_score=0 best_price=4.367591,3.660209 elapsed_sec=18831.42
[GA] phase=individual_done generation=7/8 individual=11/12 evals=95 stage2_unique_prices=2812 best_score=0 best_price=4.367591,3.660209 elapsed_sec=19115.14
[GA] phase=individual_start generation=7/8 individual=12/12 evals=96 stage2_unique_prices=2812 best_score=0 best_price=4.367591,3.660209 elapsed_sec=19115.14
[GA] phase=stage2_start generation=7/8 individual=12/12 evals=96 stage2_unique_prices=2812 best_score=0 best_price=4.367591,3.660209 elapsed_sec=19115.14
[GA] phase=stage2_done generation=7/8 individual=12/12 evals=96 stage2_unique_prices=2813 best_score=0 best_price=4.367591,3.660209 elapsed_sec=19120.47
[GA] phase=objective_start generation=7/8 individual=12/12 evals=96 stage2_unique_prices=2813 best_score=0 best_price=4.367591,3.660209 elapsed_sec=19120.47
[GA] phase=individual_done generation=7/8 individual=12/12 evals=96 stage2_unique_prices=2863 best_score=0 best_price=4.367591,3.660209 elapsed_sec=19402.58
[GA] phase=population_done generation=7/8 evals=96 stage2_unique_prices=2863 best_score=0 best_price=4.367591,3.660209 elapsed_sec=19402.58
[GA] phase=population_start generation=8/8 evals=96 stage2_unique_prices=2863 best_score=0 best_price=4.367591,3.660209 elapsed_sec=19402.58
[GA] phase=individual_start generation=8/8 individual=1/12 evals=97 stage2_unique_prices=2863 best_score=0 best_price=4.367591,3.660209 elapsed_sec=19402.58
[GA] phase=stage2_cache_hit generation=8/8 individual=1/12 evals=97 stage2_unique_prices=2863 best_score=0 best_price=4.367591,3.660209 elapsed_sec=19402.58
[GA] phase=objective_start generation=8/8 individual=1/12 evals=97 stage2_unique_prices=2863 best_score=0 best_price=4.367591,3.660209 elapsed_sec=19402.58
[GA] phase=individual_done generation=8/8 individual=1/12 evals=97 stage2_unique_prices=2863 best_score=0 best_price=4.367591,3.660209 elapsed_sec=19402.58
[GA] phase=individual_start generation=8/8 individual=2/12 evals=98 stage2_unique_prices=2863 best_score=0 best_price=4.367591,3.660209 elapsed_sec=19402.58
[GA] phase=stage2_cache_hit generation=8/8 individual=2/12 evals=98 stage2_unique_prices=2863 best_score=0 best_price=4.367591,3.660209 elapsed_sec=19402.58
[GA] phase=objective_start generation=8/8 individual=2/12 evals=98 stage2_unique_prices=2863 best_score=0 best_price=4.367591,3.660209 elapsed_sec=19402.58
[GA] phase=individual_done generation=8/8 individual=2/12 evals=98 stage2_unique_prices=2863 best_score=0 best_price=4.367591,3.660209 elapsed_sec=19402.58
[GA] phase=individual_start generation=8/8 individual=3/12 evals=99 stage2_unique_prices=2863 best_score=0 best_price=4.367591,3.660209 elapsed_sec=19402.58
[GA] phase=stage2_cache_hit generation=8/8 individual=3/12 evals=99 stage2_unique_prices=2863 best_score=0 best_price=4.367591,3.660209 elapsed_sec=19402.58
[GA] phase=objective_start generation=8/8 individual=3/12 evals=99 stage2_unique_prices=2863 best_score=0 best_price=4.367591,3.660209 elapsed_sec=19402.58
[GA] phase=individual_done generation=8/8 individual=3/12 evals=99 stage2_unique_prices=2863 best_score=0 best_price=4.367591,3.660209 elapsed_sec=19402.58
[GA] phase=individual_start generation=8/8 individual=4/12 evals=100 stage2_unique_prices=2863 best_score=0 best_price=4.367591,3.660209 elapsed_sec=19402.58
[GA] phase=stage2_cache_hit generation=8/8 individual=4/12 evals=100 stage2_unique_prices=2863 best_score=0 best_price=4.367591,3.660209 elapsed_sec=19402.58
[GA] phase=objective_start generation=8/8 individual=4/12 evals=100 stage2_unique_prices=2863 best_score=0 best_price=4.367591,3.660209 elapsed_sec=19402.58
[GA] phase=individual_done generation=8/8 individual=4/12 evals=100 stage2_unique_prices=2863 best_score=0 best_price=4.367591,3.660209 elapsed_sec=19402.58
[GA] phase=individual_start generation=8/8 individual=5/12 evals=101 stage2_unique_prices=2863 best_score=0 best_price=4.367591,3.660209 elapsed_sec=19402.58
[GA] phase=stage2_cache_hit generation=8/8 individual=5/12 evals=101 stage2_unique_prices=2863 best_score=0 best_price=4.367591,3.660209 elapsed_sec=19402.58
[GA] phase=objective_start generation=8/8 individual=5/12 evals=101 stage2_unique_prices=2863 best_score=0 best_price=4.367591,3.660209 elapsed_sec=19402.58
[GA] phase=individual_done generation=8/8 individual=5/12 evals=101 stage2_unique_prices=2863 best_score=0 best_price=4.367591,3.660209 elapsed_sec=19402.58
[GA] phase=individual_start generation=8/8 individual=6/12 evals=102 stage2_unique_prices=2863 best_score=0 best_price=4.367591,3.660209 elapsed_sec=19402.58
[GA] phase=stage2_cache_hit generation=8/8 individual=6/12 evals=102 stage2_unique_prices=2863 best_score=0 best_price=4.367591,3.660209 elapsed_sec=19402.58
[GA] phase=objective_start generation=8/8 individual=6/12 evals=102 stage2_unique_prices=2863 best_score=0 best_price=4.367591,3.660209 elapsed_sec=19402.58
[GA] phase=individual_done generation=8/8 individual=6/12 evals=102 stage2_unique_prices=2863 best_score=0 best_price=4.367591,3.660209 elapsed_sec=19402.58
[GA] phase=individual_start generation=8/8 individual=7/12 evals=103 stage2_unique_prices=2863 best_score=0 best_price=4.367591,3.660209 elapsed_sec=19402.58
[GA] phase=stage2_start generation=8/8 individual=7/12 evals=103 stage2_unique_prices=2863 best_score=0 best_price=4.367591,3.660209 elapsed_sec=19402.58
[GA] phase=stage2_done generation=8/8 individual=7/12 evals=103 stage2_unique_prices=2864 best_score=0 best_price=4.367591,3.660209 elapsed_sec=19408.25
[GA] phase=objective_start generation=8/8 individual=7/12 evals=103 stage2_unique_prices=2864 best_score=0 best_price=4.367591,3.660209 elapsed_sec=19408.25
[GA] phase=individual_done generation=8/8 individual=7/12 evals=103 stage2_unique_prices=2914 best_score=0 best_price=4.367591,3.660209 elapsed_sec=19692.30
[GA] phase=individual_start generation=8/8 individual=8/12 evals=104 stage2_unique_prices=2914 best_score=0 best_price=4.367591,3.660209 elapsed_sec=19692.30
[GA] phase=stage2_start generation=8/8 individual=8/12 evals=104 stage2_unique_prices=2914 best_score=0 best_price=4.367591,3.660209 elapsed_sec=19692.30
[GA] phase=stage2_done generation=8/8 individual=8/12 evals=104 stage2_unique_prices=2915 best_score=0 best_price=4.367591,3.660209 elapsed_sec=19697.94
[GA] phase=objective_start generation=8/8 individual=8/12 evals=104 stage2_unique_prices=2915 best_score=0 best_price=4.367591,3.660209 elapsed_sec=19697.94
[GA] phase=individual_done generation=8/8 individual=8/12 evals=104 stage2_unique_prices=2965 best_score=0 best_price=4.367591,3.660209 elapsed_sec=20003.72
[GA] phase=individual_start generation=8/8 individual=9/12 evals=105 stage2_unique_prices=2965 best_score=0 best_price=4.367591,3.660209 elapsed_sec=20003.72
[GA] phase=stage2_start generation=8/8 individual=9/12 evals=105 stage2_unique_prices=2965 best_score=0 best_price=4.367591,3.660209 elapsed_sec=20003.72
[GA] phase=stage2_done generation=8/8 individual=9/12 evals=105 stage2_unique_prices=2966 best_score=0 best_price=4.367591,3.660209 elapsed_sec=20009.14
[GA] phase=objective_start generation=8/8 individual=9/12 evals=105 stage2_unique_prices=2966 best_score=0 best_price=4.367591,3.660209 elapsed_sec=20009.14
[GA] phase=individual_done generation=8/8 individual=9/12 evals=105 stage2_unique_prices=3016 best_score=0 best_price=4.367591,3.660209 elapsed_sec=20298.46
[GA] phase=individual_start generation=8/8 individual=10/12 evals=106 stage2_unique_prices=3016 best_score=0 best_price=4.367591,3.660209 elapsed_sec=20298.46
[GA] phase=stage2_start generation=8/8 individual=10/12 evals=106 stage2_unique_prices=3016 best_score=0 best_price=4.367591,3.660209 elapsed_sec=20298.46
[GA] phase=stage2_done generation=8/8 individual=10/12 evals=106 stage2_unique_prices=3017 best_score=0 best_price=4.367591,3.660209 elapsed_sec=20304.19
[GA] phase=objective_start generation=8/8 individual=10/12 evals=106 stage2_unique_prices=3017 best_score=0 best_price=4.367591,3.660209 elapsed_sec=20304.19
[GA] phase=individual_done generation=8/8 individual=10/12 evals=106 stage2_unique_prices=3067 best_score=0 best_price=4.367591,3.660209 elapsed_sec=20585.64
[GA] phase=individual_start generation=8/8 individual=11/12 evals=107 stage2_unique_prices=3067 best_score=0 best_price=4.367591,3.660209 elapsed_sec=20585.64
[GA] phase=stage2_start generation=8/8 individual=11/12 evals=107 stage2_unique_prices=3067 best_score=0 best_price=4.367591,3.660209 elapsed_sec=20585.64
[GA] phase=stage2_done generation=8/8 individual=11/12 evals=107 stage2_unique_prices=3068 best_score=0 best_price=4.367591,3.660209 elapsed_sec=20591.18
[GA] phase=objective_start generation=8/8 individual=11/12 evals=107 stage2_unique_prices=3068 best_score=0 best_price=4.367591,3.660209 elapsed_sec=20591.18
[GA] phase=individual_done generation=8/8 individual=11/12 evals=107 stage2_unique_prices=3118 best_score=0 best_price=4.367591,3.660209 elapsed_sec=20871.51
[GA] phase=individual_start generation=8/8 individual=12/12 evals=108 stage2_unique_prices=3118 best_score=0 best_price=4.367591,3.660209 elapsed_sec=20871.51
[GA] phase=stage2_start generation=8/8 individual=12/12 evals=108 stage2_unique_prices=3118 best_score=0 best_price=4.367591,3.660209 elapsed_sec=20871.51
[GA] phase=stage2_done generation=8/8 individual=12/12 evals=108 stage2_unique_prices=3119 best_score=0 best_price=4.367591,3.660209 elapsed_sec=20877.07
[GA] phase=objective_start generation=8/8 individual=12/12 evals=108 stage2_unique_prices=3119 best_score=0 best_price=4.367591,3.660209 elapsed_sec=20877.07
[GA] phase=individual_done generation=8/8 individual=12/12 evals=108 stage2_unique_prices=3169 best_score=0 best_price=4.367591,3.660209 elapsed_sec=21157.90
[GA] phase=population_done generation=8/8 evals=108 stage2_unique_prices=3169 best_score=0 best_price=4.367591,3.660209 elapsed_sec=21157.90
[192/200] phase=done n_users=250 trial=8/10 method=GA
[193/200] phase=start n_users=250 trial=8/10 method=BO-online
[193/200] phase=done n_users=250 trial=8/10 method=BO-online
[194/200] phase=start n_users=250 trial=8/10 method=MARL
[194/200] phase=done n_users=250 trial=8/10 method=MARL
[195/200] phase=start n_users=250 trial=9/10 method=GA
[GA] phase=population_start generation=initial/8 evals=0 stage2_unique_prices=0 elapsed_sec=0.00
[GA] phase=individual_start generation=initial/8 individual=1/12 evals=1 stage2_unique_prices=0 elapsed_sec=0.00
[GA] phase=stage2_start generation=initial/8 individual=1/12 evals=1 stage2_unique_prices=0 elapsed_sec=0.00
[GA] phase=stage2_done generation=initial/8 individual=1/12 evals=1 stage2_unique_prices=1 elapsed_sec=7.04
[GA] phase=objective_start generation=initial/8 individual=1/12 evals=1 stage2_unique_prices=1 elapsed_sec=7.04
[GA] phase=individual_done generation=initial/8 individual=1/12 evals=1 stage2_unique_prices=51 best_score=217.44057576 best_price=0.5,0.5 elapsed_sec=329.12
[GA] phase=individual_start generation=initial/8 individual=2/12 evals=2 stage2_unique_prices=51 best_score=217.44057576 best_price=0.5,0.5 elapsed_sec=329.12
[GA] phase=stage2_start generation=initial/8 individual=2/12 evals=2 stage2_unique_prices=51 best_score=217.44057576 best_price=0.5,0.5 elapsed_sec=329.12
[GA] phase=stage2_done generation=initial/8 individual=2/12 evals=2 stage2_unique_prices=52 best_score=217.44057576 best_price=0.5,0.5 elapsed_sec=336.34
[GA] phase=objective_start generation=initial/8 individual=2/12 evals=2 stage2_unique_prices=52 best_score=217.44057576 best_price=0.5,0.5 elapsed_sec=336.34
[GA] phase=individual_done generation=initial/8 individual=2/12 evals=2 stage2_unique_prices=102 best_score=138.437823704 best_price=0.121696,5.031579 elapsed_sec=633.82
[GA] phase=individual_start generation=initial/8 individual=3/12 evals=3 stage2_unique_prices=102 best_score=138.437823704 best_price=0.121696,5.031579 elapsed_sec=633.82
[GA] phase=stage2_start generation=initial/8 individual=3/12 evals=3 stage2_unique_prices=102 best_score=138.437823704 best_price=0.121696,5.031579 elapsed_sec=633.82
[GA] phase=stage2_done generation=initial/8 individual=3/12 evals=3 stage2_unique_prices=103 best_score=138.437823704 best_price=0.121696,5.031579 elapsed_sec=639.37
[GA] phase=objective_start generation=initial/8 individual=3/12 evals=3 stage2_unique_prices=103 best_score=138.437823704 best_price=0.121696,5.031579 elapsed_sec=639.37
[GA] phase=individual_done generation=initial/8 individual=3/12 evals=3 stage2_unique_prices=153 best_score=53.7909404114 best_price=4.144049,2.473006 elapsed_sec=906.20
[GA] phase=individual_start generation=initial/8 individual=4/12 evals=4 stage2_unique_prices=153 best_score=53.7909404114 best_price=4.144049,2.473006 elapsed_sec=906.20
[GA] phase=stage2_start generation=initial/8 individual=4/12 evals=4 stage2_unique_prices=153 best_score=53.7909404114 best_price=4.144049,2.473006 elapsed_sec=906.20
[GA] phase=stage2_done generation=initial/8 individual=4/12 evals=4 stage2_unique_prices=154 best_score=53.7909404114 best_price=4.144049,2.473006 elapsed_sec=910.30
[GA] phase=objective_start generation=initial/8 individual=4/12 evals=4 stage2_unique_prices=154 best_score=53.7909404114 best_price=4.144049,2.473006 elapsed_sec=910.30
[GA] phase=individual_done generation=initial/8 individual=4/12 evals=4 stage2_unique_prices=204 best_score=37.0148536005 best_price=3.643208,5.481398 elapsed_sec=1151.38
[GA] phase=individual_start generation=initial/8 individual=5/12 evals=5 stage2_unique_prices=204 best_score=37.0148536005 best_price=3.643208,5.481398 elapsed_sec=1151.38
[GA] phase=stage2_start generation=initial/8 individual=5/12 evals=5 stage2_unique_prices=204 best_score=37.0148536005 best_price=3.643208,5.481398 elapsed_sec=1151.38
[GA] phase=stage2_done generation=initial/8 individual=5/12 evals=5 stage2_unique_prices=205 best_score=37.0148536005 best_price=3.643208,5.481398 elapsed_sec=1158.33
[GA] phase=objective_start generation=initial/8 individual=5/12 evals=5 stage2_unique_prices=205 best_score=37.0148536005 best_price=3.643208,5.481398 elapsed_sec=1158.33
[GA] phase=individual_done generation=initial/8 individual=5/12 evals=5 stage2_unique_prices=255 best_score=37.0148536005 best_price=3.643208,5.481398 elapsed_sec=1479.15
[GA] phase=individual_start generation=initial/8 individual=6/12 evals=6 stage2_unique_prices=255 best_score=37.0148536005 best_price=3.643208,5.481398 elapsed_sec=1479.15
[GA] phase=stage2_start generation=initial/8 individual=6/12 evals=6 stage2_unique_prices=255 best_score=37.0148536005 best_price=3.643208,5.481398 elapsed_sec=1479.15
[GA] phase=stage2_done generation=initial/8 individual=6/12 evals=6 stage2_unique_prices=256 best_score=37.0148536005 best_price=3.643208,5.481398 elapsed_sec=1486.33
[GA] phase=objective_start generation=initial/8 individual=6/12 evals=6 stage2_unique_prices=256 best_score=37.0148536005 best_price=3.643208,5.481398 elapsed_sec=1486.33
[GA] phase=individual_done generation=initial/8 individual=6/12 evals=6 stage2_unique_prices=306 best_score=37.0148536005 best_price=3.643208,5.481398 elapsed_sec=1810.64
[GA] phase=individual_start generation=initial/8 individual=7/12 evals=7 stage2_unique_prices=306 best_score=37.0148536005 best_price=3.643208,5.481398 elapsed_sec=1810.64
[GA] phase=stage2_start generation=initial/8 individual=7/12 evals=7 stage2_unique_prices=306 best_score=37.0148536005 best_price=3.643208,5.481398 elapsed_sec=1810.64
[GA] phase=stage2_done generation=initial/8 individual=7/12 evals=7 stage2_unique_prices=307 best_score=37.0148536005 best_price=3.643208,5.481398 elapsed_sec=1816.22
[GA] phase=objective_start generation=initial/8 individual=7/12 evals=7 stage2_unique_prices=307 best_score=37.0148536005 best_price=3.643208,5.481398 elapsed_sec=1816.22
[GA] phase=individual_done generation=initial/8 individual=7/12 evals=7 stage2_unique_prices=357 best_score=37.0148536005 best_price=3.643208,5.481398 elapsed_sec=2083.78
[GA] phase=individual_start generation=initial/8 individual=8/12 evals=8 stage2_unique_prices=357 best_score=37.0148536005 best_price=3.643208,5.481398 elapsed_sec=2083.78
[GA] phase=stage2_start generation=initial/8 individual=8/12 evals=8 stage2_unique_prices=357 best_score=37.0148536005 best_price=3.643208,5.481398 elapsed_sec=2083.78
[GA] phase=stage2_done generation=initial/8 individual=8/12 evals=8 stage2_unique_prices=358 best_score=37.0148536005 best_price=3.643208,5.481398 elapsed_sec=2088.78
[GA] phase=objective_start generation=initial/8 individual=8/12 evals=8 stage2_unique_prices=358 best_score=37.0148536005 best_price=3.643208,5.481398 elapsed_sec=2088.78
[GA] phase=individual_done generation=initial/8 individual=8/12 evals=8 stage2_unique_prices=408 best_score=10.7046503042 best_price=3.647875,4.940528 elapsed_sec=2339.97
[GA] phase=individual_start generation=initial/8 individual=9/12 evals=9 stage2_unique_prices=408 best_score=10.7046503042 best_price=3.647875,4.940528 elapsed_sec=2339.97
[GA] phase=stage2_start generation=initial/8 individual=9/12 evals=9 stage2_unique_prices=408 best_score=10.7046503042 best_price=3.647875,4.940528 elapsed_sec=2339.97
[GA] phase=stage2_done generation=initial/8 individual=9/12 evals=9 stage2_unique_prices=409 best_score=10.7046503042 best_price=3.647875,4.940528 elapsed_sec=2345.54
[GA] phase=objective_start generation=initial/8 individual=9/12 evals=9 stage2_unique_prices=409 best_score=10.7046503042 best_price=3.647875,4.940528 elapsed_sec=2345.54
[GA] phase=individual_done generation=initial/8 individual=9/12 evals=9 stage2_unique_prices=459 best_score=10.7046503042 best_price=3.647875,4.940528 elapsed_sec=2611.66
[GA] phase=individual_start generation=initial/8 individual=10/12 evals=10 stage2_unique_prices=459 best_score=10.7046503042 best_price=3.647875,4.940528 elapsed_sec=2611.66
[GA] phase=stage2_start generation=initial/8 individual=10/12 evals=10 stage2_unique_prices=459 best_score=10.7046503042 best_price=3.647875,4.940528 elapsed_sec=2611.66
[GA] phase=stage2_done generation=initial/8 individual=10/12 evals=10 stage2_unique_prices=460 best_score=10.7046503042 best_price=3.647875,4.940528 elapsed_sec=2615.75
[GA] phase=objective_start generation=initial/8 individual=10/12 evals=10 stage2_unique_prices=460 best_score=10.7046503042 best_price=3.647875,4.940528 elapsed_sec=2615.75
[GA] phase=individual_done generation=initial/8 individual=10/12 evals=10 stage2_unique_prices=510 best_score=10.7046503042 best_price=3.647875,4.940528 elapsed_sec=2852.71
[GA] phase=individual_start generation=initial/8 individual=11/12 evals=11 stage2_unique_prices=510 best_score=10.7046503042 best_price=3.647875,4.940528 elapsed_sec=2852.71
[GA] phase=stage2_start generation=initial/8 individual=11/12 evals=11 stage2_unique_prices=510 best_score=10.7046503042 best_price=3.647875,4.940528 elapsed_sec=2852.71
[GA] phase=stage2_done generation=initial/8 individual=11/12 evals=11 stage2_unique_prices=511 best_score=10.7046503042 best_price=3.647875,4.940528 elapsed_sec=2859.60
[GA] phase=objective_start generation=initial/8 individual=11/12 evals=11 stage2_unique_prices=511 best_score=10.7046503042 best_price=3.647875,4.940528 elapsed_sec=2859.60
[GA] phase=individual_done generation=initial/8 individual=11/12 evals=11 stage2_unique_prices=561 best_score=10.7046503042 best_price=3.647875,4.940528 elapsed_sec=3181.63
[GA] phase=individual_start generation=initial/8 individual=12/12 evals=12 stage2_unique_prices=561 best_score=10.7046503042 best_price=3.647875,4.940528 elapsed_sec=3181.63
[GA] phase=stage2_start generation=initial/8 individual=12/12 evals=12 stage2_unique_prices=561 best_score=10.7046503042 best_price=3.647875,4.940528 elapsed_sec=3181.63
[GA] phase=stage2_done generation=initial/8 individual=12/12 evals=12 stage2_unique_prices=562 best_score=10.7046503042 best_price=3.647875,4.940528 elapsed_sec=3188.10
[GA] phase=objective_start generation=initial/8 individual=12/12 evals=12 stage2_unique_prices=562 best_score=10.7046503042 best_price=3.647875,4.940528 elapsed_sec=3188.10
[GA] phase=individual_done generation=initial/8 individual=12/12 evals=12 stage2_unique_prices=612 best_score=10.7046503042 best_price=3.647875,4.940528 elapsed_sec=3477.16
[GA] phase=population_done generation=initial/8 evals=12 stage2_unique_prices=612 best_score=10.7046503042 best_price=3.647875,4.940528 elapsed_sec=3477.16
[GA] phase=population_start generation=1/8 evals=12 stage2_unique_prices=612 best_score=10.7046503042 best_price=3.647875,4.940528 elapsed_sec=3477.16
[GA] phase=individual_start generation=1/8 individual=1/12 evals=13 stage2_unique_prices=612 best_score=10.7046503042 best_price=3.647875,4.940528 elapsed_sec=3477.16
[GA] phase=stage2_cache_hit generation=1/8 individual=1/12 evals=13 stage2_unique_prices=612 best_score=10.7046503042 best_price=3.647875,4.940528 elapsed_sec=3477.16
[GA] phase=objective_start generation=1/8 individual=1/12 evals=13 stage2_unique_prices=612 best_score=10.7046503042 best_price=3.647875,4.940528 elapsed_sec=3477.16
[GA] phase=individual_done generation=1/8 individual=1/12 evals=13 stage2_unique_prices=612 best_score=10.7046503042 best_price=3.647875,4.940528 elapsed_sec=3477.16
[GA] phase=individual_start generation=1/8 individual=2/12 evals=14 stage2_unique_prices=612 best_score=10.7046503042 best_price=3.647875,4.940528 elapsed_sec=3477.16
[GA] phase=stage2_cache_hit generation=1/8 individual=2/12 evals=14 stage2_unique_prices=612 best_score=10.7046503042 best_price=3.647875,4.940528 elapsed_sec=3477.16
[GA] phase=objective_start generation=1/8 individual=2/12 evals=14 stage2_unique_prices=612 best_score=10.7046503042 best_price=3.647875,4.940528 elapsed_sec=3477.16
[GA] phase=individual_done generation=1/8 individual=2/12 evals=14 stage2_unique_prices=612 best_score=10.7046503042 best_price=3.647875,4.940528 elapsed_sec=3477.16
[GA] phase=individual_start generation=1/8 individual=3/12 evals=15 stage2_unique_prices=612 best_score=10.7046503042 best_price=3.647875,4.940528 elapsed_sec=3477.16
[GA] phase=stage2_start generation=1/8 individual=3/12 evals=15 stage2_unique_prices=612 best_score=10.7046503042 best_price=3.647875,4.940528 elapsed_sec=3477.16
[GA] phase=stage2_done generation=1/8 individual=3/12 evals=15 stage2_unique_prices=613 best_score=10.7046503042 best_price=3.647875,4.940528 elapsed_sec=3482.74
[GA] phase=objective_start generation=1/8 individual=3/12 evals=15 stage2_unique_prices=613 best_score=10.7046503042 best_price=3.647875,4.940528 elapsed_sec=3482.74
[GA] phase=individual_done generation=1/8 individual=3/12 evals=15 stage2_unique_prices=663 best_score=0 best_price=3.406993,4.867955 elapsed_sec=3742.63
[GA] phase=individual_start generation=1/8 individual=4/12 evals=16 stage2_unique_prices=663 best_score=0 best_price=3.406993,4.867955 elapsed_sec=3742.63
[GA] phase=stage2_start generation=1/8 individual=4/12 evals=16 stage2_unique_prices=663 best_score=0 best_price=3.406993,4.867955 elapsed_sec=3742.63
[GA] phase=stage2_done generation=1/8 individual=4/12 evals=16 stage2_unique_prices=664 best_score=0 best_price=3.406993,4.867955 elapsed_sec=3749.04
[GA] phase=objective_start generation=1/8 individual=4/12 evals=16 stage2_unique_prices=664 best_score=0 best_price=3.406993,4.867955 elapsed_sec=3749.04
[GA] phase=individual_done generation=1/8 individual=4/12 evals=16 stage2_unique_prices=714 best_score=0 best_price=3.406993,4.867955 elapsed_sec=4034.40
[GA] phase=individual_start generation=1/8 individual=5/12 evals=17 stage2_unique_prices=714 best_score=0 best_price=3.406993,4.867955 elapsed_sec=4034.40
[GA] phase=stage2_start generation=1/8 individual=5/12 evals=17 stage2_unique_prices=714 best_score=0 best_price=3.406993,4.867955 elapsed_sec=4034.40
[GA] phase=stage2_done generation=1/8 individual=5/12 evals=17 stage2_unique_prices=715 best_score=0 best_price=3.406993,4.867955 elapsed_sec=4040.19
[GA] phase=objective_start generation=1/8 individual=5/12 evals=17 stage2_unique_prices=715 best_score=0 best_price=3.406993,4.867955 elapsed_sec=4040.19
[GA] phase=individual_done generation=1/8 individual=5/12 evals=17 stage2_unique_prices=765 best_score=0 best_price=3.406993,4.867955 elapsed_sec=4321.66
[GA] phase=individual_start generation=1/8 individual=6/12 evals=18 stage2_unique_prices=765 best_score=0 best_price=3.406993,4.867955 elapsed_sec=4321.66
[GA] phase=stage2_start generation=1/8 individual=6/12 evals=18 stage2_unique_prices=765 best_score=0 best_price=3.406993,4.867955 elapsed_sec=4321.66
[GA] phase=stage2_done generation=1/8 individual=6/12 evals=18 stage2_unique_prices=766 best_score=0 best_price=3.406993,4.867955 elapsed_sec=4328.06
[GA] phase=objective_start generation=1/8 individual=6/12 evals=18 stage2_unique_prices=766 best_score=0 best_price=3.406993,4.867955 elapsed_sec=4328.06
[GA] phase=individual_done generation=1/8 individual=6/12 evals=18 stage2_unique_prices=816 best_score=0 best_price=3.406993,4.867955 elapsed_sec=4630.06
[GA] phase=individual_start generation=1/8 individual=7/12 evals=19 stage2_unique_prices=816 best_score=0 best_price=3.406993,4.867955 elapsed_sec=4630.06
[GA] phase=stage2_start generation=1/8 individual=7/12 evals=19 stage2_unique_prices=816 best_score=0 best_price=3.406993,4.867955 elapsed_sec=4630.06
[GA] phase=stage2_done generation=1/8 individual=7/12 evals=19 stage2_unique_prices=817 best_score=0 best_price=3.406993,4.867955 elapsed_sec=4635.98
[GA] phase=objective_start generation=1/8 individual=7/12 evals=19 stage2_unique_prices=817 best_score=0 best_price=3.406993,4.867955 elapsed_sec=4635.98
[GA] phase=individual_done generation=1/8 individual=7/12 evals=19 stage2_unique_prices=867 best_score=0 best_price=3.406993,4.867955 elapsed_sec=4915.54
[GA] phase=individual_start generation=1/8 individual=8/12 evals=20 stage2_unique_prices=867 best_score=0 best_price=3.406993,4.867955 elapsed_sec=4915.54
[GA] phase=stage2_start generation=1/8 individual=8/12 evals=20 stage2_unique_prices=867 best_score=0 best_price=3.406993,4.867955 elapsed_sec=4915.54
[GA] phase=stage2_done generation=1/8 individual=8/12 evals=20 stage2_unique_prices=868 best_score=0 best_price=3.406993,4.867955 elapsed_sec=4921.36
[GA] phase=objective_start generation=1/8 individual=8/12 evals=20 stage2_unique_prices=868 best_score=0 best_price=3.406993,4.867955 elapsed_sec=4921.36
[GA] phase=individual_done generation=1/8 individual=8/12 evals=20 stage2_unique_prices=918 best_score=0 best_price=3.406993,4.867955 elapsed_sec=5198.92
[GA] phase=individual_start generation=1/8 individual=9/12 evals=21 stage2_unique_prices=918 best_score=0 best_price=3.406993,4.867955 elapsed_sec=5198.92
[GA] phase=stage2_start generation=1/8 individual=9/12 evals=21 stage2_unique_prices=918 best_score=0 best_price=3.406993,4.867955 elapsed_sec=5198.92
[GA] phase=stage2_done generation=1/8 individual=9/12 evals=21 stage2_unique_prices=919 best_score=0 best_price=3.406993,4.867955 elapsed_sec=5205.23
[GA] phase=objective_start generation=1/8 individual=9/12 evals=21 stage2_unique_prices=919 best_score=0 best_price=3.406993,4.867955 elapsed_sec=5205.23
[GA] phase=individual_done generation=1/8 individual=9/12 evals=21 stage2_unique_prices=969 best_score=0 best_price=3.406993,4.867955 elapsed_sec=5495.03
[GA] phase=individual_start generation=1/8 individual=10/12 evals=22 stage2_unique_prices=969 best_score=0 best_price=3.406993,4.867955 elapsed_sec=5495.03
[GA] phase=stage2_start generation=1/8 individual=10/12 evals=22 stage2_unique_prices=969 best_score=0 best_price=3.406993,4.867955 elapsed_sec=5495.03
[GA] phase=stage2_done generation=1/8 individual=10/12 evals=22 stage2_unique_prices=970 best_score=0 best_price=3.406993,4.867955 elapsed_sec=5500.89
[GA] phase=objective_start generation=1/8 individual=10/12 evals=22 stage2_unique_prices=970 best_score=0 best_price=3.406993,4.867955 elapsed_sec=5500.89
[GA] phase=individual_done generation=1/8 individual=10/12 evals=22 stage2_unique_prices=1020 best_score=0 best_price=3.406993,4.867955 elapsed_sec=5775.98
[GA] phase=individual_start generation=1/8 individual=11/12 evals=23 stage2_unique_prices=1020 best_score=0 best_price=3.406993,4.867955 elapsed_sec=5775.98
[GA] phase=stage2_start generation=1/8 individual=11/12 evals=23 stage2_unique_prices=1020 best_score=0 best_price=3.406993,4.867955 elapsed_sec=5775.98
[GA] phase=stage2_done generation=1/8 individual=11/12 evals=23 stage2_unique_prices=1021 best_score=0 best_price=3.406993,4.867955 elapsed_sec=5781.00
[GA] phase=objective_start generation=1/8 individual=11/12 evals=23 stage2_unique_prices=1021 best_score=0 best_price=3.406993,4.867955 elapsed_sec=5781.00
[GA] phase=individual_done generation=1/8 individual=11/12 evals=23 stage2_unique_prices=1071 best_score=0 best_price=3.406993,4.867955 elapsed_sec=6042.33
[GA] phase=individual_start generation=1/8 individual=12/12 evals=24 stage2_unique_prices=1071 best_score=0 best_price=3.406993,4.867955 elapsed_sec=6042.33
[GA] phase=stage2_start generation=1/8 individual=12/12 evals=24 stage2_unique_prices=1071 best_score=0 best_price=3.406993,4.867955 elapsed_sec=6042.33
[GA] phase=stage2_done generation=1/8 individual=12/12 evals=24 stage2_unique_prices=1072 best_score=0 best_price=3.406993,4.867955 elapsed_sec=6046.69
[GA] phase=objective_start generation=1/8 individual=12/12 evals=24 stage2_unique_prices=1072 best_score=0 best_price=3.406993,4.867955 elapsed_sec=6046.69
[GA] phase=individual_done generation=1/8 individual=12/12 evals=24 stage2_unique_prices=1122 best_score=0 best_price=3.406993,4.867955 elapsed_sec=6302.92
[GA] phase=population_done generation=1/8 evals=24 stage2_unique_prices=1122 best_score=0 best_price=3.406993,4.867955 elapsed_sec=6302.92
[GA] phase=population_start generation=2/8 evals=24 stage2_unique_prices=1122 best_score=0 best_price=3.406993,4.867955 elapsed_sec=6302.92
[GA] phase=individual_start generation=2/8 individual=1/12 evals=25 stage2_unique_prices=1122 best_score=0 best_price=3.406993,4.867955 elapsed_sec=6302.92
[GA] phase=stage2_cache_hit generation=2/8 individual=1/12 evals=25 stage2_unique_prices=1122 best_score=0 best_price=3.406993,4.867955 elapsed_sec=6302.92
[GA] phase=objective_start generation=2/8 individual=1/12 evals=25 stage2_unique_prices=1122 best_score=0 best_price=3.406993,4.867955 elapsed_sec=6302.92
[GA] phase=individual_done generation=2/8 individual=1/12 evals=25 stage2_unique_prices=1122 best_score=0 best_price=3.406993,4.867955 elapsed_sec=6302.92
[GA] phase=individual_start generation=2/8 individual=2/12 evals=26 stage2_unique_prices=1122 best_score=0 best_price=3.406993,4.867955 elapsed_sec=6302.92
[GA] phase=stage2_cache_hit generation=2/8 individual=2/12 evals=26 stage2_unique_prices=1122 best_score=0 best_price=3.406993,4.867955 elapsed_sec=6302.92
[GA] phase=objective_start generation=2/8 individual=2/12 evals=26 stage2_unique_prices=1122 best_score=0 best_price=3.406993,4.867955 elapsed_sec=6302.92
[GA] phase=individual_done generation=2/8 individual=2/12 evals=26 stage2_unique_prices=1122 best_score=0 best_price=3.406993,4.867955 elapsed_sec=6302.92
[GA] phase=individual_start generation=2/8 individual=3/12 evals=27 stage2_unique_prices=1122 best_score=0 best_price=3.406993,4.867955 elapsed_sec=6302.92
[GA] phase=stage2_start generation=2/8 individual=3/12 evals=27 stage2_unique_prices=1122 best_score=0 best_price=3.406993,4.867955 elapsed_sec=6302.92
[GA] phase=stage2_done generation=2/8 individual=3/12 evals=27 stage2_unique_prices=1123 best_score=0 best_price=3.406993,4.867955 elapsed_sec=6308.77
[GA] phase=objective_start generation=2/8 individual=3/12 evals=27 stage2_unique_prices=1123 best_score=0 best_price=3.406993,4.867955 elapsed_sec=6308.77
[GA] phase=individual_done generation=2/8 individual=3/12 evals=27 stage2_unique_prices=1173 best_score=0 best_price=3.406993,4.867955 elapsed_sec=6586.58
[GA] phase=individual_start generation=2/8 individual=4/12 evals=28 stage2_unique_prices=1173 best_score=0 best_price=3.406993,4.867955 elapsed_sec=6586.58
[GA] phase=stage2_start generation=2/8 individual=4/12 evals=28 stage2_unique_prices=1173 best_score=0 best_price=3.406993,4.867955 elapsed_sec=6586.58
[GA] phase=stage2_done generation=2/8 individual=4/12 evals=28 stage2_unique_prices=1174 best_score=0 best_price=3.406993,4.867955 elapsed_sec=6592.44
[GA] phase=objective_start generation=2/8 individual=4/12 evals=28 stage2_unique_prices=1174 best_score=0 best_price=3.406993,4.867955 elapsed_sec=6592.44
[GA] phase=individual_done generation=2/8 individual=4/12 evals=28 stage2_unique_prices=1224 best_score=0 best_price=3.406993,4.867955 elapsed_sec=6866.69
[GA] phase=individual_start generation=2/8 individual=5/12 evals=29 stage2_unique_prices=1224 best_score=0 best_price=3.406993,4.867955 elapsed_sec=6866.69
[GA] phase=stage2_start generation=2/8 individual=5/12 evals=29 stage2_unique_prices=1224 best_score=0 best_price=3.406993,4.867955 elapsed_sec=6866.69
[GA] phase=stage2_done generation=2/8 individual=5/12 evals=29 stage2_unique_prices=1225 best_score=0 best_price=3.406993,4.867955 elapsed_sec=6872.53
[GA] phase=objective_start generation=2/8 individual=5/12 evals=29 stage2_unique_prices=1225 best_score=0 best_price=3.406993,4.867955 elapsed_sec=6872.53
[GA] phase=individual_done generation=2/8 individual=5/12 evals=29 stage2_unique_prices=1275 best_score=0 best_price=3.406993,4.867955 elapsed_sec=7155.84
[GA] phase=individual_start generation=2/8 individual=6/12 evals=30 stage2_unique_prices=1275 best_score=0 best_price=3.406993,4.867955 elapsed_sec=7155.84
[GA] phase=stage2_start generation=2/8 individual=6/12 evals=30 stage2_unique_prices=1275 best_score=0 best_price=3.406993,4.867955 elapsed_sec=7155.84
[GA] phase=stage2_done generation=2/8 individual=6/12 evals=30 stage2_unique_prices=1276 best_score=0 best_price=3.406993,4.867955 elapsed_sec=7161.68
[GA] phase=objective_start generation=2/8 individual=6/12 evals=30 stage2_unique_prices=1276 best_score=0 best_price=3.406993,4.867955 elapsed_sec=7161.68
[GA] phase=individual_done generation=2/8 individual=6/12 evals=30 stage2_unique_prices=1326 best_score=0 best_price=3.406993,4.867955 elapsed_sec=7442.60
[GA] phase=individual_start generation=2/8 individual=7/12 evals=31 stage2_unique_prices=1326 best_score=0 best_price=3.406993,4.867955 elapsed_sec=7442.60
[GA] phase=stage2_start generation=2/8 individual=7/12 evals=31 stage2_unique_prices=1326 best_score=0 best_price=3.406993,4.867955 elapsed_sec=7442.60
[GA] phase=stage2_done generation=2/8 individual=7/12 evals=31 stage2_unique_prices=1327 best_score=0 best_price=3.406993,4.867955 elapsed_sec=7448.47
[GA] phase=objective_start generation=2/8 individual=7/12 evals=31 stage2_unique_prices=1327 best_score=0 best_price=3.406993,4.867955 elapsed_sec=7448.47
[GA] phase=individual_done generation=2/8 individual=7/12 evals=31 stage2_unique_prices=1352 best_score=0 best_price=3.406993,4.867955 elapsed_sec=7580.78
[GA] phase=individual_start generation=2/8 individual=8/12 evals=32 stage2_unique_prices=1352 best_score=0 best_price=3.406993,4.867955 elapsed_sec=7580.78
[GA] phase=stage2_cache_hit generation=2/8 individual=8/12 evals=32 stage2_unique_prices=1352 best_score=0 best_price=3.406993,4.867955 elapsed_sec=7580.78
[GA] phase=objective_start generation=2/8 individual=8/12 evals=32 stage2_unique_prices=1352 best_score=0 best_price=3.406993,4.867955 elapsed_sec=7580.78
[GA] phase=individual_done generation=2/8 individual=8/12 evals=32 stage2_unique_prices=1352 best_score=0 best_price=3.406993,4.867955 elapsed_sec=7580.78
[GA] phase=individual_start generation=2/8 individual=9/12 evals=33 stage2_unique_prices=1352 best_score=0 best_price=3.406993,4.867955 elapsed_sec=7580.78
[GA] phase=stage2_start generation=2/8 individual=9/12 evals=33 stage2_unique_prices=1352 best_score=0 best_price=3.406993,4.867955 elapsed_sec=7580.78
[GA] phase=stage2_done generation=2/8 individual=9/12 evals=33 stage2_unique_prices=1353 best_score=0 best_price=3.406993,4.867955 elapsed_sec=7586.68
[GA] phase=objective_start generation=2/8 individual=9/12 evals=33 stage2_unique_prices=1353 best_score=0 best_price=3.406993,4.867955 elapsed_sec=7586.68
[GA] phase=individual_done generation=2/8 individual=9/12 evals=33 stage2_unique_prices=1403 best_score=0 best_price=3.406993,4.867955 elapsed_sec=7862.43
[GA] phase=individual_start generation=2/8 individual=10/12 evals=34 stage2_unique_prices=1403 best_score=0 best_price=3.406993,4.867955 elapsed_sec=7862.43
[GA] phase=stage2_start generation=2/8 individual=10/12 evals=34 stage2_unique_prices=1403 best_score=0 best_price=3.406993,4.867955 elapsed_sec=7862.43
[GA] phase=stage2_done generation=2/8 individual=10/12 evals=34 stage2_unique_prices=1404 best_score=0 best_price=3.406993,4.867955 elapsed_sec=7868.31
[GA] phase=objective_start generation=2/8 individual=10/12 evals=34 stage2_unique_prices=1404 best_score=0 best_price=3.406993,4.867955 elapsed_sec=7868.31
[GA] phase=individual_done generation=2/8 individual=10/12 evals=34 stage2_unique_prices=1454 best_score=0 best_price=3.406993,4.867955 elapsed_sec=8144.77
[GA] phase=individual_start generation=2/8 individual=11/12 evals=35 stage2_unique_prices=1454 best_score=0 best_price=3.406993,4.867955 elapsed_sec=8144.77
[GA] phase=stage2_start generation=2/8 individual=11/12 evals=35 stage2_unique_prices=1454 best_score=0 best_price=3.406993,4.867955 elapsed_sec=8144.77
[GA] phase=stage2_done generation=2/8 individual=11/12 evals=35 stage2_unique_prices=1455 best_score=0 best_price=3.406993,4.867955 elapsed_sec=8150.62
[GA] phase=objective_start generation=2/8 individual=11/12 evals=35 stage2_unique_prices=1455 best_score=0 best_price=3.406993,4.867955 elapsed_sec=8150.62
[GA] phase=individual_done generation=2/8 individual=11/12 evals=35 stage2_unique_prices=1505 best_score=0 best_price=3.406993,4.867955 elapsed_sec=8424.61
[GA] phase=individual_start generation=2/8 individual=12/12 evals=36 stage2_unique_prices=1505 best_score=0 best_price=3.406993,4.867955 elapsed_sec=8424.61
[GA] phase=stage2_start generation=2/8 individual=12/12 evals=36 stage2_unique_prices=1505 best_score=0 best_price=3.406993,4.867955 elapsed_sec=8424.61
[GA] phase=stage2_done generation=2/8 individual=12/12 evals=36 stage2_unique_prices=1506 best_score=0 best_price=3.406993,4.867955 elapsed_sec=8430.24
[GA] phase=objective_start generation=2/8 individual=12/12 evals=36 stage2_unique_prices=1506 best_score=0 best_price=3.406993,4.867955 elapsed_sec=8430.24
[GA] phase=individual_done generation=2/8 individual=12/12 evals=36 stage2_unique_prices=1556 best_score=0 best_price=3.406993,4.867955 elapsed_sec=8698.02
[GA] phase=population_done generation=2/8 evals=36 stage2_unique_prices=1556 best_score=0 best_price=3.406993,4.867955 elapsed_sec=8698.02
[GA] phase=population_start generation=3/8 evals=36 stage2_unique_prices=1556 best_score=0 best_price=3.406993,4.867955 elapsed_sec=8698.02
[GA] phase=individual_start generation=3/8 individual=1/12 evals=37 stage2_unique_prices=1556 best_score=0 best_price=3.406993,4.867955 elapsed_sec=8698.02
[GA] phase=stage2_cache_hit generation=3/8 individual=1/12 evals=37 stage2_unique_prices=1556 best_score=0 best_price=3.406993,4.867955 elapsed_sec=8698.02
[GA] phase=objective_start generation=3/8 individual=1/12 evals=37 stage2_unique_prices=1556 best_score=0 best_price=3.406993,4.867955 elapsed_sec=8698.02
[GA] phase=individual_done generation=3/8 individual=1/12 evals=37 stage2_unique_prices=1556 best_score=0 best_price=3.406993,4.867955 elapsed_sec=8698.02
[GA] phase=individual_start generation=3/8 individual=2/12 evals=38 stage2_unique_prices=1556 best_score=0 best_price=3.406993,4.867955 elapsed_sec=8698.02
[GA] phase=stage2_cache_hit generation=3/8 individual=2/12 evals=38 stage2_unique_prices=1556 best_score=0 best_price=3.406993,4.867955 elapsed_sec=8698.02
[GA] phase=objective_start generation=3/8 individual=2/12 evals=38 stage2_unique_prices=1556 best_score=0 best_price=3.406993,4.867955 elapsed_sec=8698.02
[GA] phase=individual_done generation=3/8 individual=2/12 evals=38 stage2_unique_prices=1556 best_score=0 best_price=3.406993,4.867955 elapsed_sec=8698.02
[GA] phase=individual_start generation=3/8 individual=3/12 evals=39 stage2_unique_prices=1556 best_score=0 best_price=3.406993,4.867955 elapsed_sec=8698.02
[GA] phase=stage2_start generation=3/8 individual=3/12 evals=39 stage2_unique_prices=1556 best_score=0 best_price=3.406993,4.867955 elapsed_sec=8698.02
[GA] phase=stage2_done generation=3/8 individual=3/12 evals=39 stage2_unique_prices=1557 best_score=0 best_price=3.406993,4.867955 elapsed_sec=8703.95
[GA] phase=objective_start generation=3/8 individual=3/12 evals=39 stage2_unique_prices=1557 best_score=0 best_price=3.406993,4.867955 elapsed_sec=8703.95
[GA] phase=individual_done generation=3/8 individual=3/12 evals=39 stage2_unique_prices=1582 best_score=0 best_price=3.406993,4.867955 elapsed_sec=8843.96
[GA] phase=individual_start generation=3/8 individual=4/12 evals=40 stage2_unique_prices=1582 best_score=0 best_price=3.406993,4.867955 elapsed_sec=8843.96
[GA] phase=stage2_cache_hit generation=3/8 individual=4/12 evals=40 stage2_unique_prices=1582 best_score=0 best_price=3.406993,4.867955 elapsed_sec=8843.96
[GA] phase=objective_start generation=3/8 individual=4/12 evals=40 stage2_unique_prices=1582 best_score=0 best_price=3.406993,4.867955 elapsed_sec=8843.96
[GA] phase=individual_done generation=3/8 individual=4/12 evals=40 stage2_unique_prices=1582 best_score=0 best_price=3.406993,4.867955 elapsed_sec=8843.96
[GA] phase=individual_start generation=3/8 individual=5/12 evals=41 stage2_unique_prices=1582 best_score=0 best_price=3.406993,4.867955 elapsed_sec=8843.96
[GA] phase=stage2_start generation=3/8 individual=5/12 evals=41 stage2_unique_prices=1582 best_score=0 best_price=3.406993,4.867955 elapsed_sec=8843.96
[GA] phase=stage2_done generation=3/8 individual=5/12 evals=41 stage2_unique_prices=1583 best_score=0 best_price=3.406993,4.867955 elapsed_sec=8847.74
[GA] phase=objective_start generation=3/8 individual=5/12 evals=41 stage2_unique_prices=1583 best_score=0 best_price=3.406993,4.867955 elapsed_sec=8847.74
[GA] phase=individual_done generation=3/8 individual=5/12 evals=41 stage2_unique_prices=1633 best_score=0 best_price=3.406993,4.867955 elapsed_sec=9095.62
[GA] phase=individual_start generation=3/8 individual=6/12 evals=42 stage2_unique_prices=1633 best_score=0 best_price=3.406993,4.867955 elapsed_sec=9095.62
[GA] phase=stage2_start generation=3/8 individual=6/12 evals=42 stage2_unique_prices=1633 best_score=0 best_price=3.406993,4.867955 elapsed_sec=9095.62
[GA] phase=stage2_done generation=3/8 individual=6/12 evals=42 stage2_unique_prices=1634 best_score=0 best_price=3.406993,4.867955 elapsed_sec=9101.28
[GA] phase=objective_start generation=3/8 individual=6/12 evals=42 stage2_unique_prices=1634 best_score=0 best_price=3.406993,4.867955 elapsed_sec=9101.28
[GA] phase=individual_done generation=3/8 individual=6/12 evals=42 stage2_unique_prices=1684 best_score=0 best_price=3.406993,4.867955 elapsed_sec=9372.10
[GA] phase=individual_start generation=3/8 individual=7/12 evals=43 stage2_unique_prices=1684 best_score=0 best_price=3.406993,4.867955 elapsed_sec=9372.10
[GA] phase=stage2_start generation=3/8 individual=7/12 evals=43 stage2_unique_prices=1684 best_score=0 best_price=3.406993,4.867955 elapsed_sec=9372.10
[GA] phase=stage2_done generation=3/8 individual=7/12 evals=43 stage2_unique_prices=1685 best_score=0 best_price=3.406993,4.867955 elapsed_sec=9377.94
[GA] phase=objective_start generation=3/8 individual=7/12 evals=43 stage2_unique_prices=1685 best_score=0 best_price=3.406993,4.867955 elapsed_sec=9377.94
[GA] phase=individual_done generation=3/8 individual=7/12 evals=43 stage2_unique_prices=1735 best_score=0 best_price=3.406993,4.867955 elapsed_sec=9659.71
[GA] phase=individual_start generation=3/8 individual=8/12 evals=44 stage2_unique_prices=1735 best_score=0 best_price=3.406993,4.867955 elapsed_sec=9659.71
[GA] phase=stage2_start generation=3/8 individual=8/12 evals=44 stage2_unique_prices=1735 best_score=0 best_price=3.406993,4.867955 elapsed_sec=9659.71
[GA] phase=stage2_done generation=3/8 individual=8/12 evals=44 stage2_unique_prices=1736 best_score=0 best_price=3.406993,4.867955 elapsed_sec=9665.55
[GA] phase=objective_start generation=3/8 individual=8/12 evals=44 stage2_unique_prices=1736 best_score=0 best_price=3.406993,4.867955 elapsed_sec=9665.55
[GA] phase=individual_done generation=3/8 individual=8/12 evals=44 stage2_unique_prices=1786 best_score=0 best_price=3.406993,4.867955 elapsed_sec=9941.51
[GA] phase=individual_start generation=3/8 individual=9/12 evals=45 stage2_unique_prices=1786 best_score=0 best_price=3.406993,4.867955 elapsed_sec=9941.51
[GA] phase=stage2_start generation=3/8 individual=9/12 evals=45 stage2_unique_prices=1786 best_score=0 best_price=3.406993,4.867955 elapsed_sec=9941.51
[GA] phase=stage2_done generation=3/8 individual=9/12 evals=45 stage2_unique_prices=1787 best_score=0 best_price=3.406993,4.867955 elapsed_sec=9947.44
[GA] phase=objective_start generation=3/8 individual=9/12 evals=45 stage2_unique_prices=1787 best_score=0 best_price=3.406993,4.867955 elapsed_sec=9947.44
[GA] phase=individual_done generation=3/8 individual=9/12 evals=45 stage2_unique_prices=1837 best_score=0 best_price=3.406993,4.867955 elapsed_sec=10233.19
[GA] phase=individual_start generation=3/8 individual=10/12 evals=46 stage2_unique_prices=1837 best_score=0 best_price=3.406993,4.867955 elapsed_sec=10233.19
[GA] phase=stage2_start generation=3/8 individual=10/12 evals=46 stage2_unique_prices=1837 best_score=0 best_price=3.406993,4.867955 elapsed_sec=10233.19
[GA] phase=stage2_done generation=3/8 individual=10/12 evals=46 stage2_unique_prices=1838 best_score=0 best_price=3.406993,4.867955 elapsed_sec=10238.89
[GA] phase=objective_start generation=3/8 individual=10/12 evals=46 stage2_unique_prices=1838 best_score=0 best_price=3.406993,4.867955 elapsed_sec=10238.89
[GA] phase=individual_done generation=3/8 individual=10/12 evals=46 stage2_unique_prices=1888 best_score=0 best_price=3.406993,4.867955 elapsed_sec=10511.87
[GA] phase=individual_start generation=3/8 individual=11/12 evals=47 stage2_unique_prices=1888 best_score=0 best_price=3.406993,4.867955 elapsed_sec=10511.87
[GA] phase=stage2_start generation=3/8 individual=11/12 evals=47 stage2_unique_prices=1888 best_score=0 best_price=3.406993,4.867955 elapsed_sec=10511.87
[GA] phase=stage2_done generation=3/8 individual=11/12 evals=47 stage2_unique_prices=1889 best_score=0 best_price=3.406993,4.867955 elapsed_sec=10515.96
[GA] phase=objective_start generation=3/8 individual=11/12 evals=47 stage2_unique_prices=1889 best_score=0 best_price=3.406993,4.867955 elapsed_sec=10515.96
[GA] phase=individual_done generation=3/8 individual=11/12 evals=47 stage2_unique_prices=1939 best_score=0 best_price=3.406993,4.867955 elapsed_sec=10776.26
[GA] phase=individual_start generation=3/8 individual=12/12 evals=48 stage2_unique_prices=1939 best_score=0 best_price=3.406993,4.867955 elapsed_sec=10776.26
[GA] phase=stage2_start generation=3/8 individual=12/12 evals=48 stage2_unique_prices=1939 best_score=0 best_price=3.406993,4.867955 elapsed_sec=10776.26
[GA] phase=stage2_done generation=3/8 individual=12/12 evals=48 stage2_unique_prices=1940 best_score=0 best_price=3.406993,4.867955 elapsed_sec=10780.67
[GA] phase=objective_start generation=3/8 individual=12/12 evals=48 stage2_unique_prices=1940 best_score=0 best_price=3.406993,4.867955 elapsed_sec=10780.67
[GA] phase=individual_done generation=3/8 individual=12/12 evals=48 stage2_unique_prices=1990 best_score=0 best_price=3.406993,4.867955 elapsed_sec=11039.42
[GA] phase=population_done generation=3/8 evals=48 stage2_unique_prices=1990 best_score=0 best_price=3.406993,4.867955 elapsed_sec=11039.42
[GA] phase=population_start generation=4/8 evals=48 stage2_unique_prices=1990 best_score=0 best_price=3.406993,4.867955 elapsed_sec=11039.42
[GA] phase=individual_start generation=4/8 individual=1/12 evals=49 stage2_unique_prices=1990 best_score=0 best_price=3.406993,4.867955 elapsed_sec=11039.42
[GA] phase=stage2_cache_hit generation=4/8 individual=1/12 evals=49 stage2_unique_prices=1990 best_score=0 best_price=3.406993,4.867955 elapsed_sec=11039.42
[GA] phase=objective_start generation=4/8 individual=1/12 evals=49 stage2_unique_prices=1990 best_score=0 best_price=3.406993,4.867955 elapsed_sec=11039.42
[GA] phase=individual_done generation=4/8 individual=1/12 evals=49 stage2_unique_prices=1990 best_score=0 best_price=3.406993,4.867955 elapsed_sec=11039.42
[GA] phase=individual_start generation=4/8 individual=2/12 evals=50 stage2_unique_prices=1990 best_score=0 best_price=3.406993,4.867955 elapsed_sec=11039.42
[GA] phase=stage2_cache_hit generation=4/8 individual=2/12 evals=50 stage2_unique_prices=1990 best_score=0 best_price=3.406993,4.867955 elapsed_sec=11039.42
[GA] phase=objective_start generation=4/8 individual=2/12 evals=50 stage2_unique_prices=1990 best_score=0 best_price=3.406993,4.867955 elapsed_sec=11039.42
[GA] phase=individual_done generation=4/8 individual=2/12 evals=50 stage2_unique_prices=1990 best_score=0 best_price=3.406993,4.867955 elapsed_sec=11039.42
[GA] phase=individual_start generation=4/8 individual=3/12 evals=51 stage2_unique_prices=1990 best_score=0 best_price=3.406993,4.867955 elapsed_sec=11039.42
[GA] phase=stage2_cache_hit generation=4/8 individual=3/12 evals=51 stage2_unique_prices=1990 best_score=0 best_price=3.406993,4.867955 elapsed_sec=11039.42
[GA] phase=objective_start generation=4/8 individual=3/12 evals=51 stage2_unique_prices=1990 best_score=0 best_price=3.406993,4.867955 elapsed_sec=11039.42
[GA] phase=individual_done generation=4/8 individual=3/12 evals=51 stage2_unique_prices=1990 best_score=0 best_price=3.406993,4.867955 elapsed_sec=11039.42
[GA] phase=individual_start generation=4/8 individual=4/12 evals=52 stage2_unique_prices=1990 best_score=0 best_price=3.406993,4.867955 elapsed_sec=11039.42
[GA] phase=stage2_cache_hit generation=4/8 individual=4/12 evals=52 stage2_unique_prices=1990 best_score=0 best_price=3.406993,4.867955 elapsed_sec=11039.42
[GA] phase=objective_start generation=4/8 individual=4/12 evals=52 stage2_unique_prices=1990 best_score=0 best_price=3.406993,4.867955 elapsed_sec=11039.42
[GA] phase=individual_done generation=4/8 individual=4/12 evals=52 stage2_unique_prices=1990 best_score=0 best_price=3.406993,4.867955 elapsed_sec=11039.42
[GA] phase=individual_start generation=4/8 individual=5/12 evals=53 stage2_unique_prices=1990 best_score=0 best_price=3.406993,4.867955 elapsed_sec=11039.42
[GA] phase=stage2_cache_hit generation=4/8 individual=5/12 evals=53 stage2_unique_prices=1990 best_score=0 best_price=3.406993,4.867955 elapsed_sec=11039.42
[GA] phase=objective_start generation=4/8 individual=5/12 evals=53 stage2_unique_prices=1990 best_score=0 best_price=3.406993,4.867955 elapsed_sec=11039.42
[GA] phase=individual_done generation=4/8 individual=5/12 evals=53 stage2_unique_prices=1990 best_score=0 best_price=3.406993,4.867955 elapsed_sec=11039.42
[GA] phase=individual_start generation=4/8 individual=6/12 evals=54 stage2_unique_prices=1990 best_score=0 best_price=3.406993,4.867955 elapsed_sec=11039.42
[GA] phase=stage2_cache_hit generation=4/8 individual=6/12 evals=54 stage2_unique_prices=1990 best_score=0 best_price=3.406993,4.867955 elapsed_sec=11039.42
[GA] phase=objective_start generation=4/8 individual=6/12 evals=54 stage2_unique_prices=1990 best_score=0 best_price=3.406993,4.867955 elapsed_sec=11039.42
[GA] phase=individual_done generation=4/8 individual=6/12 evals=54 stage2_unique_prices=1990 best_score=0 best_price=3.406993,4.867955 elapsed_sec=11039.42
[GA] phase=individual_start generation=4/8 individual=7/12 evals=55 stage2_unique_prices=1990 best_score=0 best_price=3.406993,4.867955 elapsed_sec=11039.42
[GA] phase=stage2_cache_hit generation=4/8 individual=7/12 evals=55 stage2_unique_prices=1990 best_score=0 best_price=3.406993,4.867955 elapsed_sec=11039.42
[GA] phase=objective_start generation=4/8 individual=7/12 evals=55 stage2_unique_prices=1990 best_score=0 best_price=3.406993,4.867955 elapsed_sec=11039.42
[GA] phase=individual_done generation=4/8 individual=7/12 evals=55 stage2_unique_prices=1990 best_score=0 best_price=3.406993,4.867955 elapsed_sec=11039.42
[GA] phase=individual_start generation=4/8 individual=8/12 evals=56 stage2_unique_prices=1990 best_score=0 best_price=3.406993,4.867955 elapsed_sec=11039.42
[GA] phase=stage2_start generation=4/8 individual=8/12 evals=56 stage2_unique_prices=1990 best_score=0 best_price=3.406993,4.867955 elapsed_sec=11039.42
[GA] phase=stage2_done generation=4/8 individual=8/12 evals=56 stage2_unique_prices=1991 best_score=0 best_price=3.406993,4.867955 elapsed_sec=11045.34
[GA] phase=objective_start generation=4/8 individual=8/12 evals=56 stage2_unique_prices=1991 best_score=0 best_price=3.406993,4.867955 elapsed_sec=11045.34
[GA] phase=individual_done generation=4/8 individual=8/12 evals=56 stage2_unique_prices=2016 best_score=0 best_price=3.406993,4.867955 elapsed_sec=11193.23
[GA] phase=individual_start generation=4/8 individual=9/12 evals=57 stage2_unique_prices=2016 best_score=0 best_price=3.406993,4.867955 elapsed_sec=11193.23
[GA] phase=stage2_start generation=4/8 individual=9/12 evals=57 stage2_unique_prices=2016 best_score=0 best_price=3.406993,4.867955 elapsed_sec=11193.23
[GA] phase=stage2_done generation=4/8 individual=9/12 evals=57 stage2_unique_prices=2017 best_score=0 best_price=3.406993,4.867955 elapsed_sec=11198.88
[GA] phase=objective_start generation=4/8 individual=9/12 evals=57 stage2_unique_prices=2017 best_score=0 best_price=3.406993,4.867955 elapsed_sec=11198.88
[GA] phase=individual_done generation=4/8 individual=9/12 evals=57 stage2_unique_prices=2067 best_score=0 best_price=3.406993,4.867955 elapsed_sec=11469.64
[GA] phase=individual_start generation=4/8 individual=10/12 evals=58 stage2_unique_prices=2067 best_score=0 best_price=3.406993,4.867955 elapsed_sec=11469.64
[GA] phase=stage2_start generation=4/8 individual=10/12 evals=58 stage2_unique_prices=2067 best_score=0 best_price=3.406993,4.867955 elapsed_sec=11469.64
[GA] phase=stage2_done generation=4/8 individual=10/12 evals=58 stage2_unique_prices=2068 best_score=0 best_price=3.406993,4.867955 elapsed_sec=11475.59
[GA] phase=objective_start generation=4/8 individual=10/12 evals=58 stage2_unique_prices=2068 best_score=0 best_price=3.406993,4.867955 elapsed_sec=11475.59
[GA] phase=individual_done generation=4/8 individual=10/12 evals=58 stage2_unique_prices=2118 best_score=0 best_price=3.406993,4.867955 elapsed_sec=11750.51
[GA] phase=individual_start generation=4/8 individual=11/12 evals=59 stage2_unique_prices=2118 best_score=0 best_price=3.406993,4.867955 elapsed_sec=11750.51
[GA] phase=stage2_cache_hit generation=4/8 individual=11/12 evals=59 stage2_unique_prices=2118 best_score=0 best_price=3.406993,4.867955 elapsed_sec=11750.51
[GA] phase=objective_start generation=4/8 individual=11/12 evals=59 stage2_unique_prices=2118 best_score=0 best_price=3.406993,4.867955 elapsed_sec=11750.51
[GA] phase=individual_done generation=4/8 individual=11/12 evals=59 stage2_unique_prices=2118 best_score=0 best_price=3.406993,4.867955 elapsed_sec=11750.51
[GA] phase=individual_start generation=4/8 individual=12/12 evals=60 stage2_unique_prices=2118 best_score=0 best_price=3.406993,4.867955 elapsed_sec=11750.51
[GA] phase=stage2_start generation=4/8 individual=12/12 evals=60 stage2_unique_prices=2118 best_score=0 best_price=3.406993,4.867955 elapsed_sec=11750.51
[GA] phase=stage2_done generation=4/8 individual=12/12 evals=60 stage2_unique_prices=2119 best_score=0 best_price=3.406993,4.867955 elapsed_sec=11756.98
[GA] phase=objective_start generation=4/8 individual=12/12 evals=60 stage2_unique_prices=2119 best_score=0 best_price=3.406993,4.867955 elapsed_sec=11756.98
[GA] phase=individual_done generation=4/8 individual=12/12 evals=60 stage2_unique_prices=2144 best_score=0 best_price=3.406993,4.867955 elapsed_sec=11915.02
[GA] phase=population_done generation=4/8 evals=60 stage2_unique_prices=2144 best_score=0 best_price=3.406993,4.867955 elapsed_sec=11915.02
[GA] phase=population_start generation=5/8 evals=60 stage2_unique_prices=2144 best_score=0 best_price=3.406993,4.867955 elapsed_sec=11915.02
[GA] phase=individual_start generation=5/8 individual=1/12 evals=61 stage2_unique_prices=2144 best_score=0 best_price=3.406993,4.867955 elapsed_sec=11915.02
[GA] phase=stage2_cache_hit generation=5/8 individual=1/12 evals=61 stage2_unique_prices=2144 best_score=0 best_price=3.406993,4.867955 elapsed_sec=11915.02
[GA] phase=objective_start generation=5/8 individual=1/12 evals=61 stage2_unique_prices=2144 best_score=0 best_price=3.406993,4.867955 elapsed_sec=11915.02
[GA] phase=individual_done generation=5/8 individual=1/12 evals=61 stage2_unique_prices=2144 best_score=0 best_price=3.406993,4.867955 elapsed_sec=11915.02
[GA] phase=individual_start generation=5/8 individual=2/12 evals=62 stage2_unique_prices=2144 best_score=0 best_price=3.406993,4.867955 elapsed_sec=11915.02
[GA] phase=stage2_cache_hit generation=5/8 individual=2/12 evals=62 stage2_unique_prices=2144 best_score=0 best_price=3.406993,4.867955 elapsed_sec=11915.02
[GA] phase=objective_start generation=5/8 individual=2/12 evals=62 stage2_unique_prices=2144 best_score=0 best_price=3.406993,4.867955 elapsed_sec=11915.02
[GA] phase=individual_done generation=5/8 individual=2/12 evals=62 stage2_unique_prices=2144 best_score=0 best_price=3.406993,4.867955 elapsed_sec=11915.02
[GA] phase=individual_start generation=5/8 individual=3/12 evals=63 stage2_unique_prices=2144 best_score=0 best_price=3.406993,4.867955 elapsed_sec=11915.02
[GA] phase=stage2_cache_hit generation=5/8 individual=3/12 evals=63 stage2_unique_prices=2144 best_score=0 best_price=3.406993,4.867955 elapsed_sec=11915.02
[GA] phase=objective_start generation=5/8 individual=3/12 evals=63 stage2_unique_prices=2144 best_score=0 best_price=3.406993,4.867955 elapsed_sec=11915.02
[GA] phase=individual_done generation=5/8 individual=3/12 evals=63 stage2_unique_prices=2144 best_score=0 best_price=3.406993,4.867955 elapsed_sec=11915.02
[GA] phase=individual_start generation=5/8 individual=4/12 evals=64 stage2_unique_prices=2144 best_score=0 best_price=3.406993,4.867955 elapsed_sec=11915.02
[GA] phase=stage2_cache_hit generation=5/8 individual=4/12 evals=64 stage2_unique_prices=2144 best_score=0 best_price=3.406993,4.867955 elapsed_sec=11915.02
[GA] phase=objective_start generation=5/8 individual=4/12 evals=64 stage2_unique_prices=2144 best_score=0 best_price=3.406993,4.867955 elapsed_sec=11915.02
[GA] phase=individual_done generation=5/8 individual=4/12 evals=64 stage2_unique_prices=2144 best_score=0 best_price=3.406993,4.867955 elapsed_sec=11915.02
[GA] phase=individual_start generation=5/8 individual=5/12 evals=65 stage2_unique_prices=2144 best_score=0 best_price=3.406993,4.867955 elapsed_sec=11915.02
[GA] phase=stage2_start generation=5/8 individual=5/12 evals=65 stage2_unique_prices=2144 best_score=0 best_price=3.406993,4.867955 elapsed_sec=11915.02
[GA] phase=stage2_done generation=5/8 individual=5/12 evals=65 stage2_unique_prices=2145 best_score=0 best_price=3.406993,4.867955 elapsed_sec=11920.33
[GA] phase=objective_start generation=5/8 individual=5/12 evals=65 stage2_unique_prices=2145 best_score=0 best_price=3.406993,4.867955 elapsed_sec=11920.33
[GA] phase=individual_done generation=5/8 individual=5/12 evals=65 stage2_unique_prices=2170 best_score=0 best_price=3.406993,4.867955 elapsed_sec=12046.14
[GA] phase=individual_start generation=5/8 individual=6/12 evals=66 stage2_unique_prices=2170 best_score=0 best_price=3.406993,4.867955 elapsed_sec=12046.14
[GA] phase=stage2_start generation=5/8 individual=6/12 evals=66 stage2_unique_prices=2170 best_score=0 best_price=3.406993,4.867955 elapsed_sec=12046.14
[GA] phase=stage2_done generation=5/8 individual=6/12 evals=66 stage2_unique_prices=2171 best_score=0 best_price=3.406993,4.867955 elapsed_sec=12051.77
[GA] phase=objective_start generation=5/8 individual=6/12 evals=66 stage2_unique_prices=2171 best_score=0 best_price=3.406993,4.867955 elapsed_sec=12051.77
[GA] phase=individual_done generation=5/8 individual=6/12 evals=66 stage2_unique_prices=2221 best_score=0 best_price=3.406993,4.867955 elapsed_sec=12319.52
[GA] phase=individual_start generation=5/8 individual=7/12 evals=67 stage2_unique_prices=2221 best_score=0 best_price=3.406993,4.867955 elapsed_sec=12319.52
[GA] phase=stage2_start generation=5/8 individual=7/12 evals=67 stage2_unique_prices=2221 best_score=0 best_price=3.406993,4.867955 elapsed_sec=12319.52
[GA] phase=stage2_done generation=5/8 individual=7/12 evals=67 stage2_unique_prices=2222 best_score=0 best_price=3.406993,4.867955 elapsed_sec=12325.48
[GA] phase=objective_start generation=5/8 individual=7/12 evals=67 stage2_unique_prices=2222 best_score=0 best_price=3.406993,4.867955 elapsed_sec=12325.48
[GA] phase=individual_done generation=5/8 individual=7/12 evals=67 stage2_unique_prices=2247 best_score=0 best_price=3.406993,4.867955 elapsed_sec=12474.82
[GA] phase=individual_start generation=5/8 individual=8/12 evals=68 stage2_unique_prices=2247 best_score=0 best_price=3.406993,4.867955 elapsed_sec=12474.82
[GA] phase=stage2_start generation=5/8 individual=8/12 evals=68 stage2_unique_prices=2247 best_score=0 best_price=3.406993,4.867955 elapsed_sec=12474.82
[GA] phase=stage2_done generation=5/8 individual=8/12 evals=68 stage2_unique_prices=2248 best_score=0 best_price=3.406993,4.867955 elapsed_sec=12480.45
[GA] phase=objective_start generation=5/8 individual=8/12 evals=68 stage2_unique_prices=2248 best_score=0 best_price=3.406993,4.867955 elapsed_sec=12480.45
[GA] phase=individual_done generation=5/8 individual=8/12 evals=68 stage2_unique_prices=2273 best_score=0 best_price=3.406993,4.867955 elapsed_sec=12610.12
[GA] phase=individual_start generation=5/8 individual=9/12 evals=69 stage2_unique_prices=2273 best_score=0 best_price=3.406993,4.867955 elapsed_sec=12610.12
[GA] phase=stage2_start generation=5/8 individual=9/12 evals=69 stage2_unique_prices=2273 best_score=0 best_price=3.406993,4.867955 elapsed_sec=12610.12
[GA] phase=stage2_done generation=5/8 individual=9/12 evals=69 stage2_unique_prices=2274 best_score=0 best_price=3.406993,4.867955 elapsed_sec=12615.09
[GA] phase=objective_start generation=5/8 individual=9/12 evals=69 stage2_unique_prices=2274 best_score=0 best_price=3.406993,4.867955 elapsed_sec=12615.09
[GA] phase=individual_done generation=5/8 individual=9/12 evals=69 stage2_unique_prices=2299 best_score=0 best_price=3.406993,4.867955 elapsed_sec=12749.89
[GA] phase=individual_start generation=5/8 individual=10/12 evals=70 stage2_unique_prices=2299 best_score=0 best_price=3.406993,4.867955 elapsed_sec=12749.89
[GA] phase=stage2_cache_hit generation=5/8 individual=10/12 evals=70 stage2_unique_prices=2299 best_score=0 best_price=3.406993,4.867955 elapsed_sec=12749.89
[GA] phase=objective_start generation=5/8 individual=10/12 evals=70 stage2_unique_prices=2299 best_score=0 best_price=3.406993,4.867955 elapsed_sec=12749.89
[GA] phase=individual_done generation=5/8 individual=10/12 evals=70 stage2_unique_prices=2299 best_score=0 best_price=3.406993,4.867955 elapsed_sec=12749.89
[GA] phase=individual_start generation=5/8 individual=11/12 evals=71 stage2_unique_prices=2299 best_score=0 best_price=3.406993,4.867955 elapsed_sec=12749.89
[GA] phase=stage2_cache_hit generation=5/8 individual=11/12 evals=71 stage2_unique_prices=2299 best_score=0 best_price=3.406993,4.867955 elapsed_sec=12749.89
[GA] phase=objective_start generation=5/8 individual=11/12 evals=71 stage2_unique_prices=2299 best_score=0 best_price=3.406993,4.867955 elapsed_sec=12749.89
[GA] phase=individual_done generation=5/8 individual=11/12 evals=71 stage2_unique_prices=2299 best_score=0 best_price=3.406993,4.867955 elapsed_sec=12749.89
[GA] phase=individual_start generation=5/8 individual=12/12 evals=72 stage2_unique_prices=2299 best_score=0 best_price=3.406993,4.867955 elapsed_sec=12749.89
[GA] phase=stage2_cache_hit generation=5/8 individual=12/12 evals=72 stage2_unique_prices=2299 best_score=0 best_price=3.406993,4.867955 elapsed_sec=12749.89
[GA] phase=objective_start generation=5/8 individual=12/12 evals=72 stage2_unique_prices=2299 best_score=0 best_price=3.406993,4.867955 elapsed_sec=12749.89
[GA] phase=individual_done generation=5/8 individual=12/12 evals=72 stage2_unique_prices=2299 best_score=0 best_price=3.406993,4.867955 elapsed_sec=12749.89
[GA] phase=population_done generation=5/8 evals=72 stage2_unique_prices=2299 best_score=0 best_price=3.406993,4.867955 elapsed_sec=12749.89
[GA] phase=population_start generation=6/8 evals=72 stage2_unique_prices=2299 best_score=0 best_price=3.406993,4.867955 elapsed_sec=12749.89
[GA] phase=individual_start generation=6/8 individual=1/12 evals=73 stage2_unique_prices=2299 best_score=0 best_price=3.406993,4.867955 elapsed_sec=12749.89
[GA] phase=stage2_cache_hit generation=6/8 individual=1/12 evals=73 stage2_unique_prices=2299 best_score=0 best_price=3.406993,4.867955 elapsed_sec=12749.89
[GA] phase=objective_start generation=6/8 individual=1/12 evals=73 stage2_unique_prices=2299 best_score=0 best_price=3.406993,4.867955 elapsed_sec=12749.89
[GA] phase=individual_done generation=6/8 individual=1/12 evals=73 stage2_unique_prices=2299 best_score=0 best_price=3.406993,4.867955 elapsed_sec=12749.89
[GA] phase=individual_start generation=6/8 individual=2/12 evals=74 stage2_unique_prices=2299 best_score=0 best_price=3.406993,4.867955 elapsed_sec=12749.89
[GA] phase=stage2_cache_hit generation=6/8 individual=2/12 evals=74 stage2_unique_prices=2299 best_score=0 best_price=3.406993,4.867955 elapsed_sec=12749.89
[GA] phase=objective_start generation=6/8 individual=2/12 evals=74 stage2_unique_prices=2299 best_score=0 best_price=3.406993,4.867955 elapsed_sec=12749.89
[GA] phase=individual_done generation=6/8 individual=2/12 evals=74 stage2_unique_prices=2299 best_score=0 best_price=3.406993,4.867955 elapsed_sec=12749.89
[GA] phase=individual_start generation=6/8 individual=3/12 evals=75 stage2_unique_prices=2299 best_score=0 best_price=3.406993,4.867955 elapsed_sec=12749.89
[GA] phase=stage2_cache_hit generation=6/8 individual=3/12 evals=75 stage2_unique_prices=2299 best_score=0 best_price=3.406993,4.867955 elapsed_sec=12749.89
[GA] phase=objective_start generation=6/8 individual=3/12 evals=75 stage2_unique_prices=2299 best_score=0 best_price=3.406993,4.867955 elapsed_sec=12749.89
[GA] phase=individual_done generation=6/8 individual=3/12 evals=75 stage2_unique_prices=2299 best_score=0 best_price=3.406993,4.867955 elapsed_sec=12749.89
[GA] phase=individual_start generation=6/8 individual=4/12 evals=76 stage2_unique_prices=2299 best_score=0 best_price=3.406993,4.867955 elapsed_sec=12749.89
[GA] phase=stage2_cache_hit generation=6/8 individual=4/12 evals=76 stage2_unique_prices=2299 best_score=0 best_price=3.406993,4.867955 elapsed_sec=12749.89
[GA] phase=objective_start generation=6/8 individual=4/12 evals=76 stage2_unique_prices=2299 best_score=0 best_price=3.406993,4.867955 elapsed_sec=12749.89
[GA] phase=individual_done generation=6/8 individual=4/12 evals=76 stage2_unique_prices=2299 best_score=0 best_price=3.406993,4.867955 elapsed_sec=12749.89
[GA] phase=individual_start generation=6/8 individual=5/12 evals=77 stage2_unique_prices=2299 best_score=0 best_price=3.406993,4.867955 elapsed_sec=12749.89
[GA] phase=stage2_cache_hit generation=6/8 individual=5/12 evals=77 stage2_unique_prices=2299 best_score=0 best_price=3.406993,4.867955 elapsed_sec=12749.89
[GA] phase=objective_start generation=6/8 individual=5/12 evals=77 stage2_unique_prices=2299 best_score=0 best_price=3.406993,4.867955 elapsed_sec=12749.89
[GA] phase=individual_done generation=6/8 individual=5/12 evals=77 stage2_unique_prices=2299 best_score=0 best_price=3.406993,4.867955 elapsed_sec=12749.89
[GA] phase=individual_start generation=6/8 individual=6/12 evals=78 stage2_unique_prices=2299 best_score=0 best_price=3.406993,4.867955 elapsed_sec=12749.89
[GA] phase=stage2_cache_hit generation=6/8 individual=6/12 evals=78 stage2_unique_prices=2299 best_score=0 best_price=3.406993,4.867955 elapsed_sec=12749.89
[GA] phase=objective_start generation=6/8 individual=6/12 evals=78 stage2_unique_prices=2299 best_score=0 best_price=3.406993,4.867955 elapsed_sec=12749.89
[GA] phase=individual_done generation=6/8 individual=6/12 evals=78 stage2_unique_prices=2299 best_score=0 best_price=3.406993,4.867955 elapsed_sec=12749.89
[GA] phase=individual_start generation=6/8 individual=7/12 evals=79 stage2_unique_prices=2299 best_score=0 best_price=3.406993,4.867955 elapsed_sec=12749.89
[GA] phase=stage2_start generation=6/8 individual=7/12 evals=79 stage2_unique_prices=2299 best_score=0 best_price=3.406993,4.867955 elapsed_sec=12749.89
[GA] phase=stage2_done generation=6/8 individual=7/12 evals=79 stage2_unique_prices=2300 best_score=0 best_price=3.406993,4.867955 elapsed_sec=12755.70
[GA] phase=objective_start generation=6/8 individual=7/12 evals=79 stage2_unique_prices=2300 best_score=0 best_price=3.406993,4.867955 elapsed_sec=12755.70
[GA] phase=individual_done generation=6/8 individual=7/12 evals=79 stage2_unique_prices=2350 best_score=0 best_price=3.406993,4.867955 elapsed_sec=13036.49
[GA] phase=individual_start generation=6/8 individual=8/12 evals=80 stage2_unique_prices=2350 best_score=0 best_price=3.406993,4.867955 elapsed_sec=13036.49
[GA] phase=stage2_start generation=6/8 individual=8/12 evals=80 stage2_unique_prices=2350 best_score=0 best_price=3.406993,4.867955 elapsed_sec=13036.49
[GA] phase=stage2_done generation=6/8 individual=8/12 evals=80 stage2_unique_prices=2351 best_score=0 best_price=3.406993,4.867955 elapsed_sec=13042.55
[GA] phase=objective_start generation=6/8 individual=8/12 evals=80 stage2_unique_prices=2351 best_score=0 best_price=3.406993,4.867955 elapsed_sec=13042.55
[GA] phase=individual_done generation=6/8 individual=8/12 evals=80 stage2_unique_prices=2401 best_score=0 best_price=3.406993,4.867955 elapsed_sec=13333.94
[GA] phase=individual_start generation=6/8 individual=9/12 evals=81 stage2_unique_prices=2401 best_score=0 best_price=3.406993,4.867955 elapsed_sec=13333.94
[GA] phase=stage2_cache_hit generation=6/8 individual=9/12 evals=81 stage2_unique_prices=2401 best_score=0 best_price=3.406993,4.867955 elapsed_sec=13333.94
[GA] phase=objective_start generation=6/8 individual=9/12 evals=81 stage2_unique_prices=2401 best_score=0 best_price=3.406993,4.867955 elapsed_sec=13333.94
[GA] phase=individual_done generation=6/8 individual=9/12 evals=81 stage2_unique_prices=2401 best_score=0 best_price=3.406993,4.867955 elapsed_sec=13333.94
[GA] phase=individual_start generation=6/8 individual=10/12 evals=82 stage2_unique_prices=2401 best_score=0 best_price=3.406993,4.867955 elapsed_sec=13333.94
[GA] phase=stage2_start generation=6/8 individual=10/12 evals=82 stage2_unique_prices=2401 best_score=0 best_price=3.406993,4.867955 elapsed_sec=13333.94
[GA] phase=stage2_done generation=6/8 individual=10/12 evals=82 stage2_unique_prices=2402 best_score=0 best_price=3.406993,4.867955 elapsed_sec=13337.82
[GA] phase=objective_start generation=6/8 individual=10/12 evals=82 stage2_unique_prices=2402 best_score=0 best_price=3.406993,4.867955 elapsed_sec=13337.82
[GA] phase=individual_done generation=6/8 individual=10/12 evals=82 stage2_unique_prices=2427 best_score=0 best_price=3.406993,4.867955 elapsed_sec=13453.88
[GA] phase=individual_start generation=6/8 individual=11/12 evals=83 stage2_unique_prices=2427 best_score=0 best_price=3.406993,4.867955 elapsed_sec=13453.88
[GA] phase=stage2_start generation=6/8 individual=11/12 evals=83 stage2_unique_prices=2427 best_score=0 best_price=3.406993,4.867955 elapsed_sec=13453.88
[GA] phase=stage2_done generation=6/8 individual=11/12 evals=83 stage2_unique_prices=2428 best_score=0 best_price=3.406993,4.867955 elapsed_sec=13459.95
[GA] phase=objective_start generation=6/8 individual=11/12 evals=83 stage2_unique_prices=2428 best_score=0 best_price=3.406993,4.867955 elapsed_sec=13459.95
[GA] phase=individual_done generation=6/8 individual=11/12 evals=83 stage2_unique_prices=2453 best_score=0 best_price=3.406993,4.867955 elapsed_sec=13604.08
[GA] phase=individual_start generation=6/8 individual=12/12 evals=84 stage2_unique_prices=2453 best_score=0 best_price=3.406993,4.867955 elapsed_sec=13604.08
[GA] phase=stage2_cache_hit generation=6/8 individual=12/12 evals=84 stage2_unique_prices=2453 best_score=0 best_price=3.406993,4.867955 elapsed_sec=13604.08
[GA] phase=objective_start generation=6/8 individual=12/12 evals=84 stage2_unique_prices=2453 best_score=0 best_price=3.406993,4.867955 elapsed_sec=13604.08
[GA] phase=individual_done generation=6/8 individual=12/12 evals=84 stage2_unique_prices=2453 best_score=0 best_price=3.406993,4.867955 elapsed_sec=13604.08
[GA] phase=population_done generation=6/8 evals=84 stage2_unique_prices=2453 best_score=0 best_price=3.406993,4.867955 elapsed_sec=13604.08
[GA] phase=population_start generation=7/8 evals=84 stage2_unique_prices=2453 best_score=0 best_price=3.406993,4.867955 elapsed_sec=13604.08
[GA] phase=individual_start generation=7/8 individual=1/12 evals=85 stage2_unique_prices=2453 best_score=0 best_price=3.406993,4.867955 elapsed_sec=13604.08
[GA] phase=stage2_cache_hit generation=7/8 individual=1/12 evals=85 stage2_unique_prices=2453 best_score=0 best_price=3.406993,4.867955 elapsed_sec=13604.08
[GA] phase=objective_start generation=7/8 individual=1/12 evals=85 stage2_unique_prices=2453 best_score=0 best_price=3.406993,4.867955 elapsed_sec=13604.08
[GA] phase=individual_done generation=7/8 individual=1/12 evals=85 stage2_unique_prices=2453 best_score=0 best_price=3.406993,4.867955 elapsed_sec=13604.08
[GA] phase=individual_start generation=7/8 individual=2/12 evals=86 stage2_unique_prices=2453 best_score=0 best_price=3.406993,4.867955 elapsed_sec=13604.08
[GA] phase=stage2_cache_hit generation=7/8 individual=2/12 evals=86 stage2_unique_prices=2453 best_score=0 best_price=3.406993,4.867955 elapsed_sec=13604.08
[GA] phase=objective_start generation=7/8 individual=2/12 evals=86 stage2_unique_prices=2453 best_score=0 best_price=3.406993,4.867955 elapsed_sec=13604.08
[GA] phase=individual_done generation=7/8 individual=2/12 evals=86 stage2_unique_prices=2453 best_score=0 best_price=3.406993,4.867955 elapsed_sec=13604.08
[GA] phase=individual_start generation=7/8 individual=3/12 evals=87 stage2_unique_prices=2453 best_score=0 best_price=3.406993,4.867955 elapsed_sec=13604.08
[GA] phase=stage2_cache_hit generation=7/8 individual=3/12 evals=87 stage2_unique_prices=2453 best_score=0 best_price=3.406993,4.867955 elapsed_sec=13604.08
[GA] phase=objective_start generation=7/8 individual=3/12 evals=87 stage2_unique_prices=2453 best_score=0 best_price=3.406993,4.867955 elapsed_sec=13604.08
[GA] phase=individual_done generation=7/8 individual=3/12 evals=87 stage2_unique_prices=2453 best_score=0 best_price=3.406993,4.867955 elapsed_sec=13604.08
[GA] phase=individual_start generation=7/8 individual=4/12 evals=88 stage2_unique_prices=2453 best_score=0 best_price=3.406993,4.867955 elapsed_sec=13604.08
[GA] phase=stage2_start generation=7/8 individual=4/12 evals=88 stage2_unique_prices=2453 best_score=0 best_price=3.406993,4.867955 elapsed_sec=13604.08
[GA] phase=stage2_done generation=7/8 individual=4/12 evals=88 stage2_unique_prices=2454 best_score=0 best_price=3.406993,4.867955 elapsed_sec=13609.89
[GA] phase=objective_start generation=7/8 individual=4/12 evals=88 stage2_unique_prices=2454 best_score=0 best_price=3.406993,4.867955 elapsed_sec=13609.89
[GA] phase=individual_done generation=7/8 individual=4/12 evals=88 stage2_unique_prices=2479 best_score=0 best_price=3.406993,4.867955 elapsed_sec=13742.80
[GA] phase=individual_start generation=7/8 individual=5/12 evals=89 stage2_unique_prices=2479 best_score=0 best_price=3.406993,4.867955 elapsed_sec=13742.80
[GA] phase=stage2_cache_hit generation=7/8 individual=5/12 evals=89 stage2_unique_prices=2479 best_score=0 best_price=3.406993,4.867955 elapsed_sec=13742.80
[GA] phase=objective_start generation=7/8 individual=5/12 evals=89 stage2_unique_prices=2479 best_score=0 best_price=3.406993,4.867955 elapsed_sec=13742.80
[GA] phase=individual_done generation=7/8 individual=5/12 evals=89 stage2_unique_prices=2479 best_score=0 best_price=3.406993,4.867955 elapsed_sec=13742.80
[GA] phase=individual_start generation=7/8 individual=6/12 evals=90 stage2_unique_prices=2479 best_score=0 best_price=3.406993,4.867955 elapsed_sec=13742.80
[GA] phase=stage2_start generation=7/8 individual=6/12 evals=90 stage2_unique_prices=2479 best_score=0 best_price=3.406993,4.867955 elapsed_sec=13742.80
[GA] phase=stage2_done generation=7/8 individual=6/12 evals=90 stage2_unique_prices=2480 best_score=0 best_price=3.406993,4.867955 elapsed_sec=13748.85
[GA] phase=objective_start generation=7/8 individual=6/12 evals=90 stage2_unique_prices=2480 best_score=0 best_price=3.406993,4.867955 elapsed_sec=13748.85
[GA] phase=individual_done generation=7/8 individual=6/12 evals=90 stage2_unique_prices=2505 best_score=0 best_price=3.406993,4.867955 elapsed_sec=13886.76
[GA] phase=individual_start generation=7/8 individual=7/12 evals=91 stage2_unique_prices=2505 best_score=0 best_price=3.406993,4.867955 elapsed_sec=13886.76
[GA] phase=stage2_cache_hit generation=7/8 individual=7/12 evals=91 stage2_unique_prices=2505 best_score=0 best_price=3.406993,4.867955 elapsed_sec=13886.76
[GA] phase=objective_start generation=7/8 individual=7/12 evals=91 stage2_unique_prices=2505 best_score=0 best_price=3.406993,4.867955 elapsed_sec=13886.76
[GA] phase=individual_done generation=7/8 individual=7/12 evals=91 stage2_unique_prices=2505 best_score=0 best_price=3.406993,4.867955 elapsed_sec=13886.76
[GA] phase=individual_start generation=7/8 individual=8/12 evals=92 stage2_unique_prices=2505 best_score=0 best_price=3.406993,4.867955 elapsed_sec=13886.76
[GA] phase=stage2_start generation=7/8 individual=8/12 evals=92 stage2_unique_prices=2505 best_score=0 best_price=3.406993,4.867955 elapsed_sec=13886.76
[GA] phase=stage2_done generation=7/8 individual=8/12 evals=92 stage2_unique_prices=2506 best_score=0 best_price=3.406993,4.867955 elapsed_sec=13892.16
[GA] phase=objective_start generation=7/8 individual=8/12 evals=92 stage2_unique_prices=2506 best_score=0 best_price=3.406993,4.867955 elapsed_sec=13892.16
[GA] phase=individual_done generation=7/8 individual=8/12 evals=92 stage2_unique_prices=2531 best_score=0 best_price=3.406993,4.867955 elapsed_sec=14020.26
[GA] phase=individual_start generation=7/8 individual=9/12 evals=93 stage2_unique_prices=2531 best_score=0 best_price=3.406993,4.867955 elapsed_sec=14020.26
[GA] phase=stage2_cache_hit generation=7/8 individual=9/12 evals=93 stage2_unique_prices=2531 best_score=0 best_price=3.406993,4.867955 elapsed_sec=14020.26
[GA] phase=objective_start generation=7/8 individual=9/12 evals=93 stage2_unique_prices=2531 best_score=0 best_price=3.406993,4.867955 elapsed_sec=14020.26
[GA] phase=individual_done generation=7/8 individual=9/12 evals=93 stage2_unique_prices=2531 best_score=0 best_price=3.406993,4.867955 elapsed_sec=14020.26
[GA] phase=individual_start generation=7/8 individual=10/12 evals=94 stage2_unique_prices=2531 best_score=0 best_price=3.406993,4.867955 elapsed_sec=14020.26
[GA] phase=stage2_cache_hit generation=7/8 individual=10/12 evals=94 stage2_unique_prices=2531 best_score=0 best_price=3.406993,4.867955 elapsed_sec=14020.26
[GA] phase=objective_start generation=7/8 individual=10/12 evals=94 stage2_unique_prices=2531 best_score=0 best_price=3.406993,4.867955 elapsed_sec=14020.26
[GA] phase=individual_done generation=7/8 individual=10/12 evals=94 stage2_unique_prices=2531 best_score=0 best_price=3.406993,4.867955 elapsed_sec=14020.26
[GA] phase=individual_start generation=7/8 individual=11/12 evals=95 stage2_unique_prices=2531 best_score=0 best_price=3.406993,4.867955 elapsed_sec=14020.26
[GA] phase=stage2_start generation=7/8 individual=11/12 evals=95 stage2_unique_prices=2531 best_score=0 best_price=3.406993,4.867955 elapsed_sec=14020.26
[GA] phase=stage2_done generation=7/8 individual=11/12 evals=95 stage2_unique_prices=2532 best_score=0 best_price=3.406993,4.867955 elapsed_sec=14026.00
[GA] phase=objective_start generation=7/8 individual=11/12 evals=95 stage2_unique_prices=2532 best_score=0 best_price=3.406993,4.867955 elapsed_sec=14026.00
[GA] phase=individual_done generation=7/8 individual=11/12 evals=95 stage2_unique_prices=2557 best_score=0 best_price=3.406993,4.867955 elapsed_sec=14169.47
[GA] phase=individual_start generation=7/8 individual=12/12 evals=96 stage2_unique_prices=2557 best_score=0 best_price=3.406993,4.867955 elapsed_sec=14169.47
[GA] phase=stage2_start generation=7/8 individual=12/12 evals=96 stage2_unique_prices=2557 best_score=0 best_price=3.406993,4.867955 elapsed_sec=14169.47
[GA] phase=stage2_done generation=7/8 individual=12/12 evals=96 stage2_unique_prices=2558 best_score=0 best_price=3.406993,4.867955 elapsed_sec=14174.86
[GA] phase=objective_start generation=7/8 individual=12/12 evals=96 stage2_unique_prices=2558 best_score=0 best_price=3.406993,4.867955 elapsed_sec=14174.86
[GA] phase=individual_done generation=7/8 individual=12/12 evals=96 stage2_unique_prices=2583 best_score=0 best_price=3.406993,4.867955 elapsed_sec=14306.42
[GA] phase=population_done generation=7/8 evals=96 stage2_unique_prices=2583 best_score=0 best_price=3.406993,4.867955 elapsed_sec=14306.42
[GA] phase=population_start generation=8/8 evals=96 stage2_unique_prices=2583 best_score=0 best_price=3.406993,4.867955 elapsed_sec=14306.42
[GA] phase=individual_start generation=8/8 individual=1/12 evals=97 stage2_unique_prices=2583 best_score=0 best_price=3.406993,4.867955 elapsed_sec=14306.42
[GA] phase=stage2_cache_hit generation=8/8 individual=1/12 evals=97 stage2_unique_prices=2583 best_score=0 best_price=3.406993,4.867955 elapsed_sec=14306.42
[GA] phase=objective_start generation=8/8 individual=1/12 evals=97 stage2_unique_prices=2583 best_score=0 best_price=3.406993,4.867955 elapsed_sec=14306.42
[GA] phase=individual_done generation=8/8 individual=1/12 evals=97 stage2_unique_prices=2583 best_score=0 best_price=3.406993,4.867955 elapsed_sec=14306.42
[GA] phase=individual_start generation=8/8 individual=2/12 evals=98 stage2_unique_prices=2583 best_score=0 best_price=3.406993,4.867955 elapsed_sec=14306.42
[GA] phase=stage2_cache_hit generation=8/8 individual=2/12 evals=98 stage2_unique_prices=2583 best_score=0 best_price=3.406993,4.867955 elapsed_sec=14306.42
[GA] phase=objective_start generation=8/8 individual=2/12 evals=98 stage2_unique_prices=2583 best_score=0 best_price=3.406993,4.867955 elapsed_sec=14306.42
[GA] phase=individual_done generation=8/8 individual=2/12 evals=98 stage2_unique_prices=2583 best_score=0 best_price=3.406993,4.867955 elapsed_sec=14306.42
[GA] phase=individual_start generation=8/8 individual=3/12 evals=99 stage2_unique_prices=2583 best_score=0 best_price=3.406993,4.867955 elapsed_sec=14306.42
[GA] phase=stage2_cache_hit generation=8/8 individual=3/12 evals=99 stage2_unique_prices=2583 best_score=0 best_price=3.406993,4.867955 elapsed_sec=14306.42
[GA] phase=objective_start generation=8/8 individual=3/12 evals=99 stage2_unique_prices=2583 best_score=0 best_price=3.406993,4.867955 elapsed_sec=14306.42
[GA] phase=individual_done generation=8/8 individual=3/12 evals=99 stage2_unique_prices=2583 best_score=0 best_price=3.406993,4.867955 elapsed_sec=14306.42
[GA] phase=individual_start generation=8/8 individual=4/12 evals=100 stage2_unique_prices=2583 best_score=0 best_price=3.406993,4.867955 elapsed_sec=14306.42
[GA] phase=stage2_cache_hit generation=8/8 individual=4/12 evals=100 stage2_unique_prices=2583 best_score=0 best_price=3.406993,4.867955 elapsed_sec=14306.42
[GA] phase=objective_start generation=8/8 individual=4/12 evals=100 stage2_unique_prices=2583 best_score=0 best_price=3.406993,4.867955 elapsed_sec=14306.42
[GA] phase=individual_done generation=8/8 individual=4/12 evals=100 stage2_unique_prices=2583 best_score=0 best_price=3.406993,4.867955 elapsed_sec=14306.42
[GA] phase=individual_start generation=8/8 individual=5/12 evals=101 stage2_unique_prices=2583 best_score=0 best_price=3.406993,4.867955 elapsed_sec=14306.42
[GA] phase=stage2_cache_hit generation=8/8 individual=5/12 evals=101 stage2_unique_prices=2583 best_score=0 best_price=3.406993,4.867955 elapsed_sec=14306.42
[GA] phase=objective_start generation=8/8 individual=5/12 evals=101 stage2_unique_prices=2583 best_score=0 best_price=3.406993,4.867955 elapsed_sec=14306.42
[GA] phase=individual_done generation=8/8 individual=5/12 evals=101 stage2_unique_prices=2583 best_score=0 best_price=3.406993,4.867955 elapsed_sec=14306.42
[GA] phase=individual_start generation=8/8 individual=6/12 evals=102 stage2_unique_prices=2583 best_score=0 best_price=3.406993,4.867955 elapsed_sec=14306.42
[GA] phase=stage2_cache_hit generation=8/8 individual=6/12 evals=102 stage2_unique_prices=2583 best_score=0 best_price=3.406993,4.867955 elapsed_sec=14306.42
[GA] phase=objective_start generation=8/8 individual=6/12 evals=102 stage2_unique_prices=2583 best_score=0 best_price=3.406993,4.867955 elapsed_sec=14306.42
[GA] phase=individual_done generation=8/8 individual=6/12 evals=102 stage2_unique_prices=2583 best_score=0 best_price=3.406993,4.867955 elapsed_sec=14306.42
[GA] phase=individual_start generation=8/8 individual=7/12 evals=103 stage2_unique_prices=2583 best_score=0 best_price=3.406993,4.867955 elapsed_sec=14306.42
[GA] phase=stage2_cache_hit generation=8/8 individual=7/12 evals=103 stage2_unique_prices=2583 best_score=0 best_price=3.406993,4.867955 elapsed_sec=14306.42
[GA] phase=objective_start generation=8/8 individual=7/12 evals=103 stage2_unique_prices=2583 best_score=0 best_price=3.406993,4.867955 elapsed_sec=14306.42
[GA] phase=individual_done generation=8/8 individual=7/12 evals=103 stage2_unique_prices=2583 best_score=0 best_price=3.406993,4.867955 elapsed_sec=14306.42
[GA] phase=individual_start generation=8/8 individual=8/12 evals=104 stage2_unique_prices=2583 best_score=0 best_price=3.406993,4.867955 elapsed_sec=14306.42
[GA] phase=stage2_cache_hit generation=8/8 individual=8/12 evals=104 stage2_unique_prices=2583 best_score=0 best_price=3.406993,4.867955 elapsed_sec=14306.42
[GA] phase=objective_start generation=8/8 individual=8/12 evals=104 stage2_unique_prices=2583 best_score=0 best_price=3.406993,4.867955 elapsed_sec=14306.42
[GA] phase=individual_done generation=8/8 individual=8/12 evals=104 stage2_unique_prices=2583 best_score=0 best_price=3.406993,4.867955 elapsed_sec=14306.42
[GA] phase=individual_start generation=8/8 individual=9/12 evals=105 stage2_unique_prices=2583 best_score=0 best_price=3.406993,4.867955 elapsed_sec=14306.42
[GA] phase=stage2_start generation=8/8 individual=9/12 evals=105 stage2_unique_prices=2583 best_score=0 best_price=3.406993,4.867955 elapsed_sec=14306.42
[GA] phase=stage2_done generation=8/8 individual=9/12 evals=105 stage2_unique_prices=2584 best_score=0 best_price=3.406993,4.867955 elapsed_sec=14311.84
[GA] phase=objective_start generation=8/8 individual=9/12 evals=105 stage2_unique_prices=2584 best_score=0 best_price=3.406993,4.867955 elapsed_sec=14311.84
[GA] phase=individual_done generation=8/8 individual=9/12 evals=105 stage2_unique_prices=2609 best_score=0 best_price=3.406993,4.867955 elapsed_sec=14437.38
[GA] phase=individual_start generation=8/8 individual=10/12 evals=106 stage2_unique_prices=2609 best_score=0 best_price=3.406993,4.867955 elapsed_sec=14437.38
[GA] phase=stage2_cache_hit generation=8/8 individual=10/12 evals=106 stage2_unique_prices=2609 best_score=0 best_price=3.406993,4.867955 elapsed_sec=14437.38
[GA] phase=objective_start generation=8/8 individual=10/12 evals=106 stage2_unique_prices=2609 best_score=0 best_price=3.406993,4.867955 elapsed_sec=14437.38
[GA] phase=individual_done generation=8/8 individual=10/12 evals=106 stage2_unique_prices=2609 best_score=0 best_price=3.406993,4.867955 elapsed_sec=14437.38
[GA] phase=individual_start generation=8/8 individual=11/12 evals=107 stage2_unique_prices=2609 best_score=0 best_price=3.406993,4.867955 elapsed_sec=14437.38
[GA] phase=stage2_cache_hit generation=8/8 individual=11/12 evals=107 stage2_unique_prices=2609 best_score=0 best_price=3.406993,4.867955 elapsed_sec=14437.38
[GA] phase=objective_start generation=8/8 individual=11/12 evals=107 stage2_unique_prices=2609 best_score=0 best_price=3.406993,4.867955 elapsed_sec=14437.38
[GA] phase=individual_done generation=8/8 individual=11/12 evals=107 stage2_unique_prices=2609 best_score=0 best_price=3.406993,4.867955 elapsed_sec=14437.38
[GA] phase=individual_start generation=8/8 individual=12/12 evals=108 stage2_unique_prices=2609 best_score=0 best_price=3.406993,4.867955 elapsed_sec=14437.38
[GA] phase=stage2_cache_hit generation=8/8 individual=12/12 evals=108 stage2_unique_prices=2609 best_score=0 best_price=3.406993,4.867955 elapsed_sec=14437.38
[GA] phase=objective_start generation=8/8 individual=12/12 evals=108 stage2_unique_prices=2609 best_score=0 best_price=3.406993,4.867955 elapsed_sec=14437.38
[GA] phase=individual_done generation=8/8 individual=12/12 evals=108 stage2_unique_prices=2609 best_score=0 best_price=3.406993,4.867955 elapsed_sec=14437.38
[GA] phase=population_done generation=8/8 evals=108 stage2_unique_prices=2609 best_score=0 best_price=3.406993,4.867955 elapsed_sec=14437.38
[195/200] phase=done n_users=250 trial=9/10 method=GA
[196/200] phase=start n_users=250 trial=9/10 method=BO-online
[196/200] phase=done n_users=250 trial=9/10 method=BO-online
[197/200] phase=start n_users=250 trial=9/10 method=MARL
[197/200] phase=done n_users=250 trial=9/10 method=MARL
[198/200] phase=start n_users=250 trial=10/10 method=GA
[GA] phase=population_start generation=initial/8 evals=0 stage2_unique_prices=0 elapsed_sec=0.00
[GA] phase=individual_start generation=initial/8 individual=1/12 evals=1 stage2_unique_prices=0 elapsed_sec=0.00
[GA] phase=stage2_start generation=initial/8 individual=1/12 evals=1 stage2_unique_prices=0 elapsed_sec=0.00
[GA] phase=stage2_done generation=initial/8 individual=1/12 evals=1 stage2_unique_prices=1 elapsed_sec=8.07
[GA] phase=objective_start generation=initial/8 individual=1/12 evals=1 stage2_unique_prices=1 elapsed_sec=8.07
[GA] phase=individual_done generation=initial/8 individual=1/12 evals=1 stage2_unique_prices=51 best_score=206.043055916 best_price=0.5,0.5 elapsed_sec=328.83
[GA] phase=individual_start generation=initial/8 individual=2/12 evals=2 stage2_unique_prices=51 best_score=206.043055916 best_price=0.5,0.5 elapsed_sec=328.83
[GA] phase=stage2_start generation=initial/8 individual=2/12 evals=2 stage2_unique_prices=51 best_score=206.043055916 best_price=0.5,0.5 elapsed_sec=328.83
[GA] phase=stage2_done generation=initial/8 individual=2/12 evals=2 stage2_unique_prices=52 best_score=206.043055916 best_price=0.5,0.5 elapsed_sec=336.10
[GA] phase=objective_start generation=initial/8 individual=2/12 evals=2 stage2_unique_prices=52 best_score=206.043055916 best_price=0.5,0.5 elapsed_sec=336.10
[GA] phase=individual_done generation=initial/8 individual=2/12 evals=2 stage2_unique_prices=102 best_score=124.739917922 best_price=0.121696,5.031579 elapsed_sec=624.84
[GA] phase=individual_start generation=initial/8 individual=3/12 evals=3 stage2_unique_prices=102 best_score=124.739917922 best_price=0.121696,5.031579 elapsed_sec=624.84
[GA] phase=stage2_start generation=initial/8 individual=3/12 evals=3 stage2_unique_prices=102 best_score=124.739917922 best_price=0.121696,5.031579 elapsed_sec=624.84
[GA] phase=stage2_done generation=initial/8 individual=3/12 evals=3 stage2_unique_prices=103 best_score=124.739917922 best_price=0.121696,5.031579 elapsed_sec=629.91
[GA] phase=objective_start generation=initial/8 individual=3/12 evals=3 stage2_unique_prices=103 best_score=124.739917922 best_price=0.121696,5.031579 elapsed_sec=629.91
[GA] phase=individual_done generation=initial/8 individual=3/12 evals=3 stage2_unique_prices=153 best_score=19.3893705583 best_price=4.144049,2.473006 elapsed_sec=870.83
[GA] phase=individual_start generation=initial/8 individual=4/12 evals=4 stage2_unique_prices=153 best_score=19.3893705583 best_price=4.144049,2.473006 elapsed_sec=870.83
[GA] phase=stage2_start generation=initial/8 individual=4/12 evals=4 stage2_unique_prices=153 best_score=19.3893705583 best_price=4.144049,2.473006 elapsed_sec=870.83
[GA] phase=stage2_done generation=initial/8 individual=4/12 evals=4 stage2_unique_prices=154 best_score=19.3893705583 best_price=4.144049,2.473006 elapsed_sec=873.45
[GA] phase=objective_start generation=initial/8 individual=4/12 evals=4 stage2_unique_prices=154 best_score=19.3893705583 best_price=4.144049,2.473006 elapsed_sec=873.45
[GA] phase=individual_done generation=initial/8 individual=4/12 evals=4 stage2_unique_prices=204 best_score=19.3893705583 best_price=4.144049,2.473006 elapsed_sec=1089.07
[GA] phase=individual_start generation=initial/8 individual=5/12 evals=5 stage2_unique_prices=204 best_score=19.3893705583 best_price=4.144049,2.473006 elapsed_sec=1089.07
[GA] phase=stage2_start generation=initial/8 individual=5/12 evals=5 stage2_unique_prices=204 best_score=19.3893705583 best_price=4.144049,2.473006 elapsed_sec=1089.07
[GA] phase=stage2_done generation=initial/8 individual=5/12 evals=5 stage2_unique_prices=205 best_score=19.3893705583 best_price=4.144049,2.473006 elapsed_sec=1095.99
[GA] phase=objective_start generation=initial/8 individual=5/12 evals=5 stage2_unique_prices=205 best_score=19.3893705583 best_price=4.144049,2.473006 elapsed_sec=1095.99
[GA] phase=individual_done generation=initial/8 individual=5/12 evals=5 stage2_unique_prices=255 best_score=19.3893705583 best_price=4.144049,2.473006 elapsed_sec=1409.21
[GA] phase=individual_start generation=initial/8 individual=6/12 evals=6 stage2_unique_prices=255 best_score=19.3893705583 best_price=4.144049,2.473006 elapsed_sec=1409.21
[GA] phase=stage2_start generation=initial/8 individual=6/12 evals=6 stage2_unique_prices=255 best_score=19.3893705583 best_price=4.144049,2.473006 elapsed_sec=1409.21
[GA] phase=stage2_done generation=initial/8 individual=6/12 evals=6 stage2_unique_prices=256 best_score=19.3893705583 best_price=4.144049,2.473006 elapsed_sec=1416.44
[GA] phase=objective_start generation=initial/8 individual=6/12 evals=6 stage2_unique_prices=256 best_score=19.3893705583 best_price=4.144049,2.473006 elapsed_sec=1416.44
[GA] phase=individual_done generation=initial/8 individual=6/12 evals=6 stage2_unique_prices=306 best_score=19.3893705583 best_price=4.144049,2.473006 elapsed_sec=1729.20
[GA] phase=individual_start generation=initial/8 individual=7/12 evals=7 stage2_unique_prices=306 best_score=19.3893705583 best_price=4.144049,2.473006 elapsed_sec=1729.20
[GA] phase=stage2_start generation=initial/8 individual=7/12 evals=7 stage2_unique_prices=306 best_score=19.3893705583 best_price=4.144049,2.473006 elapsed_sec=1729.20
[GA] phase=stage2_done generation=initial/8 individual=7/12 evals=7 stage2_unique_prices=307 best_score=19.3893705583 best_price=4.144049,2.473006 elapsed_sec=1734.22
[GA] phase=objective_start generation=initial/8 individual=7/12 evals=7 stage2_unique_prices=307 best_score=19.3893705583 best_price=4.144049,2.473006 elapsed_sec=1734.22
[GA] phase=individual_done generation=initial/8 individual=7/12 evals=7 stage2_unique_prices=357 best_score=19.3893705583 best_price=4.144049,2.473006 elapsed_sec=1978.99
[GA] phase=individual_start generation=initial/8 individual=8/12 evals=8 stage2_unique_prices=357 best_score=19.3893705583 best_price=4.144049,2.473006 elapsed_sec=1978.99
[GA] phase=stage2_start generation=initial/8 individual=8/12 evals=8 stage2_unique_prices=357 best_score=19.3893705583 best_price=4.144049,2.473006 elapsed_sec=1978.99
[GA] phase=stage2_done generation=initial/8 individual=8/12 evals=8 stage2_unique_prices=358 best_score=19.3893705583 best_price=4.144049,2.473006 elapsed_sec=1982.22
[GA] phase=objective_start generation=initial/8 individual=8/12 evals=8 stage2_unique_prices=358 best_score=19.3893705583 best_price=4.144049,2.473006 elapsed_sec=1982.22
[GA] phase=individual_done generation=initial/8 individual=8/12 evals=8 stage2_unique_prices=408 best_score=19.3893705583 best_price=4.144049,2.473006 elapsed_sec=2202.90
[GA] phase=individual_start generation=initial/8 individual=9/12 evals=9 stage2_unique_prices=408 best_score=19.3893705583 best_price=4.144049,2.473006 elapsed_sec=2202.90
[GA] phase=stage2_start generation=initial/8 individual=9/12 evals=9 stage2_unique_prices=408 best_score=19.3893705583 best_price=4.144049,2.473006 elapsed_sec=2202.90
[GA] phase=stage2_done generation=initial/8 individual=9/12 evals=9 stage2_unique_prices=409 best_score=19.3893705583 best_price=4.144049,2.473006 elapsed_sec=2207.33
[GA] phase=objective_start generation=initial/8 individual=9/12 evals=9 stage2_unique_prices=409 best_score=19.3893705583 best_price=4.144049,2.473006 elapsed_sec=2207.33
[GA] phase=individual_done generation=initial/8 individual=9/12 evals=9 stage2_unique_prices=459 best_score=19.3893705583 best_price=4.144049,2.473006 elapsed_sec=2452.52
[GA] phase=individual_start generation=initial/8 individual=10/12 evals=10 stage2_unique_prices=459 best_score=19.3893705583 best_price=4.144049,2.473006 elapsed_sec=2452.52
[GA] phase=stage2_start generation=initial/8 individual=10/12 evals=10 stage2_unique_prices=459 best_score=19.3893705583 best_price=4.144049,2.473006 elapsed_sec=2452.52
[GA] phase=stage2_done generation=initial/8 individual=10/12 evals=10 stage2_unique_prices=460 best_score=19.3893705583 best_price=4.144049,2.473006 elapsed_sec=2455.47
[GA] phase=objective_start generation=initial/8 individual=10/12 evals=10 stage2_unique_prices=460 best_score=19.3893705583 best_price=4.144049,2.473006 elapsed_sec=2455.47
[GA] phase=individual_done generation=initial/8 individual=10/12 evals=10 stage2_unique_prices=510 best_score=19.3893705583 best_price=4.144049,2.473006 elapsed_sec=2668.99
[GA] phase=individual_start generation=initial/8 individual=11/12 evals=11 stage2_unique_prices=510 best_score=19.3893705583 best_price=4.144049,2.473006 elapsed_sec=2668.99
[GA] phase=stage2_start generation=initial/8 individual=11/12 evals=11 stage2_unique_prices=510 best_score=19.3893705583 best_price=4.144049,2.473006 elapsed_sec=2668.99
[GA] phase=stage2_done generation=initial/8 individual=11/12 evals=11 stage2_unique_prices=511 best_score=19.3893705583 best_price=4.144049,2.473006 elapsed_sec=2675.92
[GA] phase=objective_start generation=initial/8 individual=11/12 evals=11 stage2_unique_prices=511 best_score=19.3893705583 best_price=4.144049,2.473006 elapsed_sec=2675.92
[GA] phase=individual_done generation=initial/8 individual=11/12 evals=11 stage2_unique_prices=561 best_score=19.3893705583 best_price=4.144049,2.473006 elapsed_sec=2985.50
[GA] phase=individual_start generation=initial/8 individual=12/12 evals=12 stage2_unique_prices=561 best_score=19.3893705583 best_price=4.144049,2.473006 elapsed_sec=2985.50
[GA] phase=stage2_start generation=initial/8 individual=12/12 evals=12 stage2_unique_prices=561 best_score=19.3893705583 best_price=4.144049,2.473006 elapsed_sec=2985.50
[GA] phase=stage2_done generation=initial/8 individual=12/12 evals=12 stage2_unique_prices=562 best_score=19.3893705583 best_price=4.144049,2.473006 elapsed_sec=2992.17
[GA] phase=objective_start generation=initial/8 individual=12/12 evals=12 stage2_unique_prices=562 best_score=19.3893705583 best_price=4.144049,2.473006 elapsed_sec=2992.17
[GA] phase=individual_done generation=initial/8 individual=12/12 evals=12 stage2_unique_prices=612 best_score=3.53323045283 best_price=2.05289,4.459988 elapsed_sec=3265.25
[GA] phase=population_done generation=initial/8 evals=12 stage2_unique_prices=612 best_score=3.53323045283 best_price=2.05289,4.459988 elapsed_sec=3265.25
[GA] phase=population_start generation=1/8 evals=12 stage2_unique_prices=612 best_score=3.53323045283 best_price=2.05289,4.459988 elapsed_sec=3265.25
[GA] phase=individual_start generation=1/8 individual=1/12 evals=13 stage2_unique_prices=612 best_score=3.53323045283 best_price=2.05289,4.459988 elapsed_sec=3265.25
[GA] phase=stage2_cache_hit generation=1/8 individual=1/12 evals=13 stage2_unique_prices=612 best_score=3.53323045283 best_price=2.05289,4.459988 elapsed_sec=3265.25
[GA] phase=objective_start generation=1/8 individual=1/12 evals=13 stage2_unique_prices=612 best_score=3.53323045283 best_price=2.05289,4.459988 elapsed_sec=3265.25
[GA] phase=individual_done generation=1/8 individual=1/12 evals=13 stage2_unique_prices=612 best_score=3.53323045283 best_price=2.05289,4.459988 elapsed_sec=3265.25
[GA] phase=individual_start generation=1/8 individual=2/12 evals=14 stage2_unique_prices=612 best_score=3.53323045283 best_price=2.05289,4.459988 elapsed_sec=3265.25
[GA] phase=stage2_cache_hit generation=1/8 individual=2/12 evals=14 stage2_unique_prices=612 best_score=3.53323045283 best_price=2.05289,4.459988 elapsed_sec=3265.25
[GA] phase=objective_start generation=1/8 individual=2/12 evals=14 stage2_unique_prices=612 best_score=3.53323045283 best_price=2.05289,4.459988 elapsed_sec=3265.25
[GA] phase=individual_done generation=1/8 individual=2/12 evals=14 stage2_unique_prices=612 best_score=3.53323045283 best_price=2.05289,4.459988 elapsed_sec=3265.25
[GA] phase=individual_start generation=1/8 individual=3/12 evals=15 stage2_unique_prices=612 best_score=3.53323045283 best_price=2.05289,4.459988 elapsed_sec=3265.25
[GA] phase=stage2_start generation=1/8 individual=3/12 evals=15 stage2_unique_prices=612 best_score=3.53323045283 best_price=2.05289,4.459988 elapsed_sec=3265.25
[GA] phase=stage2_done generation=1/8 individual=3/12 evals=15 stage2_unique_prices=613 best_score=3.53323045283 best_price=2.05289,4.459988 elapsed_sec=3270.61
[GA] phase=objective_start generation=1/8 individual=3/12 evals=15 stage2_unique_prices=613 best_score=3.53323045283 best_price=2.05289,4.459988 elapsed_sec=3270.61
[GA] phase=individual_done generation=1/8 individual=3/12 evals=15 stage2_unique_prices=663 best_score=3.53323045283 best_price=2.05289,4.459988 elapsed_sec=3516.78
[GA] phase=individual_start generation=1/8 individual=4/12 evals=16 stage2_unique_prices=663 best_score=3.53323045283 best_price=2.05289,4.459988 elapsed_sec=3516.78
[GA] phase=stage2_start generation=1/8 individual=4/12 evals=16 stage2_unique_prices=663 best_score=3.53323045283 best_price=2.05289,4.459988 elapsed_sec=3516.78
[GA] phase=stage2_done generation=1/8 individual=4/12 evals=16 stage2_unique_prices=664 best_score=3.53323045283 best_price=2.05289,4.459988 elapsed_sec=3523.17
[GA] phase=objective_start generation=1/8 individual=4/12 evals=16 stage2_unique_prices=664 best_score=3.53323045283 best_price=2.05289,4.459988 elapsed_sec=3523.17
[GA] phase=individual_done generation=1/8 individual=4/12 evals=16 stage2_unique_prices=714 best_score=3.53323045283 best_price=2.05289,4.459988 elapsed_sec=3788.37
[GA] phase=individual_start generation=1/8 individual=5/12 evals=17 stage2_unique_prices=714 best_score=3.53323045283 best_price=2.05289,4.459988 elapsed_sec=3788.37
[GA] phase=stage2_start generation=1/8 individual=5/12 evals=17 stage2_unique_prices=714 best_score=3.53323045283 best_price=2.05289,4.459988 elapsed_sec=3788.37
[GA] phase=stage2_done generation=1/8 individual=5/12 evals=17 stage2_unique_prices=715 best_score=3.53323045283 best_price=2.05289,4.459988 elapsed_sec=3793.66
[GA] phase=objective_start generation=1/8 individual=5/12 evals=17 stage2_unique_prices=715 best_score=3.53323045283 best_price=2.05289,4.459988 elapsed_sec=3793.66
[GA] phase=individual_done generation=1/8 individual=5/12 evals=17 stage2_unique_prices=765 best_score=3.53323045283 best_price=2.05289,4.459988 elapsed_sec=4038.63
[GA] phase=individual_start generation=1/8 individual=6/12 evals=18 stage2_unique_prices=765 best_score=3.53323045283 best_price=2.05289,4.459988 elapsed_sec=4038.63
[GA] phase=stage2_start generation=1/8 individual=6/12 evals=18 stage2_unique_prices=765 best_score=3.53323045283 best_price=2.05289,4.459988 elapsed_sec=4038.63
[GA] phase=stage2_done generation=1/8 individual=6/12 evals=18 stage2_unique_prices=766 best_score=3.53323045283 best_price=2.05289,4.459988 elapsed_sec=4044.73
[GA] phase=objective_start generation=1/8 individual=6/12 evals=18 stage2_unique_prices=766 best_score=3.53323045283 best_price=2.05289,4.459988 elapsed_sec=4044.73
[GA] phase=individual_done generation=1/8 individual=6/12 evals=18 stage2_unique_prices=816 best_score=3.53323045283 best_price=2.05289,4.459988 elapsed_sec=4305.54
[GA] phase=individual_start generation=1/8 individual=7/12 evals=19 stage2_unique_prices=816 best_score=3.53323045283 best_price=2.05289,4.459988 elapsed_sec=4305.54
[GA] phase=stage2_start generation=1/8 individual=7/12 evals=19 stage2_unique_prices=816 best_score=3.53323045283 best_price=2.05289,4.459988 elapsed_sec=4305.54
[GA] phase=stage2_done generation=1/8 individual=7/12 evals=19 stage2_unique_prices=817 best_score=3.53323045283 best_price=2.05289,4.459988 elapsed_sec=4310.57
[GA] phase=objective_start generation=1/8 individual=7/12 evals=19 stage2_unique_prices=817 best_score=3.53323045283 best_price=2.05289,4.459988 elapsed_sec=4310.57
[GA] phase=individual_done generation=1/8 individual=7/12 evals=19 stage2_unique_prices=867 best_score=3.53323045283 best_price=2.05289,4.459988 elapsed_sec=4551.76
[GA] phase=individual_start generation=1/8 individual=8/12 evals=20 stage2_unique_prices=867 best_score=3.53323045283 best_price=2.05289,4.459988 elapsed_sec=4551.76
[GA] phase=stage2_start generation=1/8 individual=8/12 evals=20 stage2_unique_prices=867 best_score=3.53323045283 best_price=2.05289,4.459988 elapsed_sec=4551.76
[GA] phase=stage2_done generation=1/8 individual=8/12 evals=20 stage2_unique_prices=868 best_score=3.53323045283 best_price=2.05289,4.459988 elapsed_sec=4556.76
[GA] phase=objective_start generation=1/8 individual=8/12 evals=20 stage2_unique_prices=868 best_score=3.53323045283 best_price=2.05289,4.459988 elapsed_sec=4556.76
[GA] phase=individual_done generation=1/8 individual=8/12 evals=20 stage2_unique_prices=918 best_score=3.53323045283 best_price=2.05289,4.459988 elapsed_sec=4797.70
[GA] phase=individual_start generation=1/8 individual=9/12 evals=21 stage2_unique_prices=918 best_score=3.53323045283 best_price=2.05289,4.459988 elapsed_sec=4797.70
[GA] phase=stage2_start generation=1/8 individual=9/12 evals=21 stage2_unique_prices=918 best_score=3.53323045283 best_price=2.05289,4.459988 elapsed_sec=4797.70
[GA] phase=stage2_done generation=1/8 individual=9/12 evals=21 stage2_unique_prices=919 best_score=3.53323045283 best_price=2.05289,4.459988 elapsed_sec=4802.11
[GA] phase=objective_start generation=1/8 individual=9/12 evals=21 stage2_unique_prices=919 best_score=3.53323045283 best_price=2.05289,4.459988 elapsed_sec=4802.11
[GA] phase=individual_done generation=1/8 individual=9/12 evals=21 stage2_unique_prices=969 best_score=3.53323045283 best_price=2.05289,4.459988 elapsed_sec=5042.17
[GA] phase=individual_start generation=1/8 individual=10/12 evals=22 stage2_unique_prices=969 best_score=3.53323045283 best_price=2.05289,4.459988 elapsed_sec=5042.17
[GA] phase=stage2_start generation=1/8 individual=10/12 evals=22 stage2_unique_prices=969 best_score=3.53323045283 best_price=2.05289,4.459988 elapsed_sec=5042.17
[GA] phase=stage2_done generation=1/8 individual=10/12 evals=22 stage2_unique_prices=970 best_score=3.53323045283 best_price=2.05289,4.459988 elapsed_sec=5045.99
[GA] phase=objective_start generation=1/8 individual=10/12 evals=22 stage2_unique_prices=970 best_score=3.53323045283 best_price=2.05289,4.459988 elapsed_sec=5045.99
[GA] phase=individual_done generation=1/8 individual=10/12 evals=22 stage2_unique_prices=1020 best_score=3.53323045283 best_price=2.05289,4.459988 elapsed_sec=5273.55
[GA] phase=individual_start generation=1/8 individual=11/12 evals=23 stage2_unique_prices=1020 best_score=3.53323045283 best_price=2.05289,4.459988 elapsed_sec=5273.55
[GA] phase=stage2_start generation=1/8 individual=11/12 evals=23 stage2_unique_prices=1020 best_score=3.53323045283 best_price=2.05289,4.459988 elapsed_sec=5273.55
[GA] phase=stage2_done generation=1/8 individual=11/12 evals=23 stage2_unique_prices=1021 best_score=3.53323045283 best_price=2.05289,4.459988 elapsed_sec=5277.64
[GA] phase=objective_start generation=1/8 individual=11/12 evals=23 stage2_unique_prices=1021 best_score=3.53323045283 best_price=2.05289,4.459988 elapsed_sec=5277.64
[GA] phase=individual_done generation=1/8 individual=11/12 evals=23 stage2_unique_prices=1071 best_score=3.53323045283 best_price=2.05289,4.459988 elapsed_sec=5514.98
[GA] phase=individual_start generation=1/8 individual=12/12 evals=24 stage2_unique_prices=1071 best_score=3.53323045283 best_price=2.05289,4.459988 elapsed_sec=5514.98
[GA] phase=stage2_start generation=1/8 individual=12/12 evals=24 stage2_unique_prices=1071 best_score=3.53323045283 best_price=2.05289,4.459988 elapsed_sec=5514.98
[GA] phase=stage2_done generation=1/8 individual=12/12 evals=24 stage2_unique_prices=1072 best_score=3.53323045283 best_price=2.05289,4.459988 elapsed_sec=5518.22
[GA] phase=objective_start generation=1/8 individual=12/12 evals=24 stage2_unique_prices=1072 best_score=3.53323045283 best_price=2.05289,4.459988 elapsed_sec=5518.22
[GA] phase=individual_done generation=1/8 individual=12/12 evals=24 stage2_unique_prices=1122 best_score=3.53323045283 best_price=2.05289,4.459988 elapsed_sec=5738.41
[GA] phase=population_done generation=1/8 evals=24 stage2_unique_prices=1122 best_score=3.53323045283 best_price=2.05289,4.459988 elapsed_sec=5738.41
[GA] phase=population_start generation=2/8 evals=24 stage2_unique_prices=1122 best_score=3.53323045283 best_price=2.05289,4.459988 elapsed_sec=5738.41
[GA] phase=individual_start generation=2/8 individual=1/12 evals=25 stage2_unique_prices=1122 best_score=3.53323045283 best_price=2.05289,4.459988 elapsed_sec=5738.41
[GA] phase=stage2_cache_hit generation=2/8 individual=1/12 evals=25 stage2_unique_prices=1122 best_score=3.53323045283 best_price=2.05289,4.459988 elapsed_sec=5738.41
[GA] phase=objective_start generation=2/8 individual=1/12 evals=25 stage2_unique_prices=1122 best_score=3.53323045283 best_price=2.05289,4.459988 elapsed_sec=5738.41
[GA] phase=individual_done generation=2/8 individual=1/12 evals=25 stage2_unique_prices=1122 best_score=3.53323045283 best_price=2.05289,4.459988 elapsed_sec=5738.41
[GA] phase=individual_start generation=2/8 individual=2/12 evals=26 stage2_unique_prices=1122 best_score=3.53323045283 best_price=2.05289,4.459988 elapsed_sec=5738.41
[GA] phase=stage2_cache_hit generation=2/8 individual=2/12 evals=26 stage2_unique_prices=1122 best_score=3.53323045283 best_price=2.05289,4.459988 elapsed_sec=5738.41
[GA] phase=objective_start generation=2/8 individual=2/12 evals=26 stage2_unique_prices=1122 best_score=3.53323045283 best_price=2.05289,4.459988 elapsed_sec=5738.41
[GA] phase=individual_done generation=2/8 individual=2/12 evals=26 stage2_unique_prices=1122 best_score=3.53323045283 best_price=2.05289,4.459988 elapsed_sec=5738.41
[GA] phase=individual_start generation=2/8 individual=3/12 evals=27 stage2_unique_prices=1122 best_score=3.53323045283 best_price=2.05289,4.459988 elapsed_sec=5738.41
[GA] phase=stage2_start generation=2/8 individual=3/12 evals=27 stage2_unique_prices=1122 best_score=3.53323045283 best_price=2.05289,4.459988 elapsed_sec=5738.41
[GA] phase=stage2_done generation=2/8 individual=3/12 evals=27 stage2_unique_prices=1123 best_score=3.53323045283 best_price=2.05289,4.459988 elapsed_sec=5743.75
[GA] phase=objective_start generation=2/8 individual=3/12 evals=27 stage2_unique_prices=1123 best_score=3.53323045283 best_price=2.05289,4.459988 elapsed_sec=5743.75
[GA] phase=individual_done generation=2/8 individual=3/12 evals=27 stage2_unique_prices=1173 best_score=3.53323045283 best_price=2.05289,4.459988 elapsed_sec=5990.36
[GA] phase=individual_start generation=2/8 individual=4/12 evals=28 stage2_unique_prices=1173 best_score=3.53323045283 best_price=2.05289,4.459988 elapsed_sec=5990.36
[GA] phase=stage2_start generation=2/8 individual=4/12 evals=28 stage2_unique_prices=1173 best_score=3.53323045283 best_price=2.05289,4.459988 elapsed_sec=5990.36
[GA] phase=stage2_done generation=2/8 individual=4/12 evals=28 stage2_unique_prices=1174 best_score=3.53323045283 best_price=2.05289,4.459988 elapsed_sec=5996.52
[GA] phase=objective_start generation=2/8 individual=4/12 evals=28 stage2_unique_prices=1174 best_score=3.53323045283 best_price=2.05289,4.459988 elapsed_sec=5996.52
[GA] phase=individual_done generation=2/8 individual=4/12 evals=28 stage2_unique_prices=1224 best_score=3.53323045283 best_price=2.05289,4.459988 elapsed_sec=6256.01
[GA] phase=individual_start generation=2/8 individual=5/12 evals=29 stage2_unique_prices=1224 best_score=3.53323045283 best_price=2.05289,4.459988 elapsed_sec=6256.01
[GA] phase=stage2_start generation=2/8 individual=5/12 evals=29 stage2_unique_prices=1224 best_score=3.53323045283 best_price=2.05289,4.459988 elapsed_sec=6256.01
[GA] phase=stage2_done generation=2/8 individual=5/12 evals=29 stage2_unique_prices=1225 best_score=3.53323045283 best_price=2.05289,4.459988 elapsed_sec=6261.54
[GA] phase=objective_start generation=2/8 individual=5/12 evals=29 stage2_unique_prices=1225 best_score=3.53323045283 best_price=2.05289,4.459988 elapsed_sec=6261.54
[GA] phase=individual_done generation=2/8 individual=5/12 evals=29 stage2_unique_prices=1275 best_score=3.14548293931 best_price=3.312649,3.325651 elapsed_sec=6509.77
[GA] phase=individual_start generation=2/8 individual=6/12 evals=30 stage2_unique_prices=1275 best_score=3.14548293931 best_price=3.312649,3.325651 elapsed_sec=6509.77
[GA] phase=stage2_start generation=2/8 individual=6/12 evals=30 stage2_unique_prices=1275 best_score=3.14548293931 best_price=3.312649,3.325651 elapsed_sec=6509.77
[GA] phase=stage2_done generation=2/8 individual=6/12 evals=30 stage2_unique_prices=1276 best_score=3.14548293931 best_price=3.312649,3.325651 elapsed_sec=6515.07
[GA] phase=objective_start generation=2/8 individual=6/12 evals=30 stage2_unique_prices=1276 best_score=3.14548293931 best_price=3.312649,3.325651 elapsed_sec=6515.07
[GA] phase=individual_done generation=2/8 individual=6/12 evals=30 stage2_unique_prices=1326 best_score=3.14548293931 best_price=3.312649,3.325651 elapsed_sec=6764.45
[GA] phase=individual_start generation=2/8 individual=7/12 evals=31 stage2_unique_prices=1326 best_score=3.14548293931 best_price=3.312649,3.325651 elapsed_sec=6764.45
[GA] phase=stage2_start generation=2/8 individual=7/12 evals=31 stage2_unique_prices=1326 best_score=3.14548293931 best_price=3.312649,3.325651 elapsed_sec=6764.45
[GA] phase=stage2_done generation=2/8 individual=7/12 evals=31 stage2_unique_prices=1327 best_score=3.14548293931 best_price=3.312649,3.325651 elapsed_sec=6770.92
[GA] phase=objective_start generation=2/8 individual=7/12 evals=31 stage2_unique_prices=1327 best_score=3.14548293931 best_price=3.312649,3.325651 elapsed_sec=6770.92
[GA] phase=individual_done generation=2/8 individual=7/12 evals=31 stage2_unique_prices=1352 best_score=3.14548293931 best_price=3.312649,3.325651 elapsed_sec=6919.66
[GA] phase=individual_start generation=2/8 individual=8/12 evals=32 stage2_unique_prices=1352 best_score=3.14548293931 best_price=3.312649,3.325651 elapsed_sec=6919.66
[GA] phase=stage2_cache_hit generation=2/8 individual=8/12 evals=32 stage2_unique_prices=1352 best_score=3.14548293931 best_price=3.312649,3.325651 elapsed_sec=6919.66
[GA] phase=objective_start generation=2/8 individual=8/12 evals=32 stage2_unique_prices=1352 best_score=3.14548293931 best_price=3.312649,3.325651 elapsed_sec=6919.66
[GA] phase=individual_done generation=2/8 individual=8/12 evals=32 stage2_unique_prices=1352 best_score=3.14548293931 best_price=3.312649,3.325651 elapsed_sec=6919.66
[GA] phase=individual_start generation=2/8 individual=9/12 evals=33 stage2_unique_prices=1352 best_score=3.14548293931 best_price=3.312649,3.325651 elapsed_sec=6919.66
[GA] phase=stage2_start generation=2/8 individual=9/12 evals=33 stage2_unique_prices=1352 best_score=3.14548293931 best_price=3.312649,3.325651 elapsed_sec=6919.66
[GA] phase=stage2_done generation=2/8 individual=9/12 evals=33 stage2_unique_prices=1353 best_score=3.14548293931 best_price=3.312649,3.325651 elapsed_sec=6925.83
[GA] phase=objective_start generation=2/8 individual=9/12 evals=33 stage2_unique_prices=1353 best_score=3.14548293931 best_price=3.312649,3.325651 elapsed_sec=6925.83
[GA] phase=individual_done generation=2/8 individual=9/12 evals=33 stage2_unique_prices=1403 best_score=3.14548293931 best_price=3.312649,3.325651 elapsed_sec=7190.64
[GA] phase=individual_start generation=2/8 individual=10/12 evals=34 stage2_unique_prices=1403 best_score=3.14548293931 best_price=3.312649,3.325651 elapsed_sec=7190.64
[GA] phase=stage2_start generation=2/8 individual=10/12 evals=34 stage2_unique_prices=1403 best_score=3.14548293931 best_price=3.312649,3.325651 elapsed_sec=7190.64
[GA] phase=stage2_done generation=2/8 individual=10/12 evals=34 stage2_unique_prices=1404 best_score=3.14548293931 best_price=3.312649,3.325651 elapsed_sec=7196.79
[GA] phase=objective_start generation=2/8 individual=10/12 evals=34 stage2_unique_prices=1404 best_score=3.14548293931 best_price=3.312649,3.325651 elapsed_sec=7196.79
[GA] phase=individual_done generation=2/8 individual=10/12 evals=34 stage2_unique_prices=1454 best_score=3.14548293931 best_price=3.312649,3.325651 elapsed_sec=7461.51
[GA] phase=individual_start generation=2/8 individual=11/12 evals=35 stage2_unique_prices=1454 best_score=3.14548293931 best_price=3.312649,3.325651 elapsed_sec=7461.51
[GA] phase=stage2_start generation=2/8 individual=11/12 evals=35 stage2_unique_prices=1454 best_score=3.14548293931 best_price=3.312649,3.325651 elapsed_sec=7461.51
[GA] phase=stage2_done generation=2/8 individual=11/12 evals=35 stage2_unique_prices=1455 best_score=3.14548293931 best_price=3.312649,3.325651 elapsed_sec=7467.68
[GA] phase=objective_start generation=2/8 individual=11/12 evals=35 stage2_unique_prices=1455 best_score=3.14548293931 best_price=3.312649,3.325651 elapsed_sec=7467.68
[GA] phase=individual_done generation=2/8 individual=11/12 evals=35 stage2_unique_prices=1505 best_score=3.14548293931 best_price=3.312649,3.325651 elapsed_sec=7725.15
[GA] phase=individual_start generation=2/8 individual=12/12 evals=36 stage2_unique_prices=1505 best_score=3.14548293931 best_price=3.312649,3.325651 elapsed_sec=7725.15
[GA] phase=stage2_start generation=2/8 individual=12/12 evals=36 stage2_unique_prices=1505 best_score=3.14548293931 best_price=3.312649,3.325651 elapsed_sec=7725.15
[GA] phase=stage2_done generation=2/8 individual=12/12 evals=36 stage2_unique_prices=1506 best_score=3.14548293931 best_price=3.312649,3.325651 elapsed_sec=7730.47
[GA] phase=objective_start generation=2/8 individual=12/12 evals=36 stage2_unique_prices=1506 best_score=3.14548293931 best_price=3.312649,3.325651 elapsed_sec=7730.47
[GA] phase=individual_done generation=2/8 individual=12/12 evals=36 stage2_unique_prices=1556 best_score=3.14548293931 best_price=3.312649,3.325651 elapsed_sec=7975.50
[GA] phase=population_done generation=2/8 evals=36 stage2_unique_prices=1556 best_score=3.14548293931 best_price=3.312649,3.325651 elapsed_sec=7975.50
[GA] phase=population_start generation=3/8 evals=36 stage2_unique_prices=1556 best_score=3.14548293931 best_price=3.312649,3.325651 elapsed_sec=7975.50
[GA] phase=individual_start generation=3/8 individual=1/12 evals=37 stage2_unique_prices=1556 best_score=3.14548293931 best_price=3.312649,3.325651 elapsed_sec=7975.50
[GA] phase=stage2_cache_hit generation=3/8 individual=1/12 evals=37 stage2_unique_prices=1556 best_score=3.14548293931 best_price=3.312649,3.325651 elapsed_sec=7975.50
[GA] phase=objective_start generation=3/8 individual=1/12 evals=37 stage2_unique_prices=1556 best_score=3.14548293931 best_price=3.312649,3.325651 elapsed_sec=7975.50
[GA] phase=individual_done generation=3/8 individual=1/12 evals=37 stage2_unique_prices=1556 best_score=3.14548293931 best_price=3.312649,3.325651 elapsed_sec=7975.50
[GA] phase=individual_start generation=3/8 individual=2/12 evals=38 stage2_unique_prices=1556 best_score=3.14548293931 best_price=3.312649,3.325651 elapsed_sec=7975.50
[GA] phase=stage2_cache_hit generation=3/8 individual=2/12 evals=38 stage2_unique_prices=1556 best_score=3.14548293931 best_price=3.312649,3.325651 elapsed_sec=7975.50
[GA] phase=objective_start generation=3/8 individual=2/12 evals=38 stage2_unique_prices=1556 best_score=3.14548293931 best_price=3.312649,3.325651 elapsed_sec=7975.50
[GA] phase=individual_done generation=3/8 individual=2/12 evals=38 stage2_unique_prices=1556 best_score=3.14548293931 best_price=3.312649,3.325651 elapsed_sec=7975.50
[GA] phase=individual_start generation=3/8 individual=3/12 evals=39 stage2_unique_prices=1556 best_score=3.14548293931 best_price=3.312649,3.325651 elapsed_sec=7975.50
[GA] phase=stage2_start generation=3/8 individual=3/12 evals=39 stage2_unique_prices=1556 best_score=3.14548293931 best_price=3.312649,3.325651 elapsed_sec=7975.50
[GA] phase=stage2_done generation=3/8 individual=3/12 evals=39 stage2_unique_prices=1557 best_score=3.14548293931 best_price=3.312649,3.325651 elapsed_sec=7980.82
[GA] phase=objective_start generation=3/8 individual=3/12 evals=39 stage2_unique_prices=1557 best_score=3.14548293931 best_price=3.312649,3.325651 elapsed_sec=7980.82
[GA] phase=individual_done generation=3/8 individual=3/12 evals=39 stage2_unique_prices=1582 best_score=3.14548293931 best_price=3.312649,3.325651 elapsed_sec=8108.88
[GA] phase=individual_start generation=3/8 individual=4/12 evals=40 stage2_unique_prices=1582 best_score=3.14548293931 best_price=3.312649,3.325651 elapsed_sec=8108.88
[GA] phase=stage2_cache_hit generation=3/8 individual=4/12 evals=40 stage2_unique_prices=1582 best_score=3.14548293931 best_price=3.312649,3.325651 elapsed_sec=8108.88
[GA] phase=objective_start generation=3/8 individual=4/12 evals=40 stage2_unique_prices=1582 best_score=3.14548293931 best_price=3.312649,3.325651 elapsed_sec=8108.88
[GA] phase=individual_done generation=3/8 individual=4/12 evals=40 stage2_unique_prices=1582 best_score=3.14548293931 best_price=3.312649,3.325651 elapsed_sec=8108.88
[GA] phase=individual_start generation=3/8 individual=5/12 evals=41 stage2_unique_prices=1582 best_score=3.14548293931 best_price=3.312649,3.325651 elapsed_sec=8108.88
[GA] phase=stage2_start generation=3/8 individual=5/12 evals=41 stage2_unique_prices=1582 best_score=3.14548293931 best_price=3.312649,3.325651 elapsed_sec=8108.88
[GA] phase=stage2_done generation=3/8 individual=5/12 evals=41 stage2_unique_prices=1583 best_score=3.14548293931 best_price=3.312649,3.325651 elapsed_sec=8112.71
[GA] phase=objective_start generation=3/8 individual=5/12 evals=41 stage2_unique_prices=1583 best_score=3.14548293931 best_price=3.312649,3.325651 elapsed_sec=8112.71
[GA] phase=individual_done generation=3/8 individual=5/12 evals=41 stage2_unique_prices=1633 best_score=3.14548293931 best_price=3.312649,3.325651 elapsed_sec=8345.56
[GA] phase=individual_start generation=3/8 individual=6/12 evals=42 stage2_unique_prices=1633 best_score=3.14548293931 best_price=3.312649,3.325651 elapsed_sec=8345.56
[GA] phase=stage2_start generation=3/8 individual=6/12 evals=42 stage2_unique_prices=1633 best_score=3.14548293931 best_price=3.312649,3.325651 elapsed_sec=8345.56
[GA] phase=stage2_done generation=3/8 individual=6/12 evals=42 stage2_unique_prices=1634 best_score=3.14548293931 best_price=3.312649,3.325651 elapsed_sec=8351.74
[GA] phase=objective_start generation=3/8 individual=6/12 evals=42 stage2_unique_prices=1634 best_score=3.14548293931 best_price=3.312649,3.325651 elapsed_sec=8351.74
[GA] phase=individual_done generation=3/8 individual=6/12 evals=42 stage2_unique_prices=1684 best_score=3.14548293931 best_price=3.312649,3.325651 elapsed_sec=8612.19
[GA] phase=individual_start generation=3/8 individual=7/12 evals=43 stage2_unique_prices=1684 best_score=3.14548293931 best_price=3.312649,3.325651 elapsed_sec=8612.19
[GA] phase=stage2_start generation=3/8 individual=7/12 evals=43 stage2_unique_prices=1684 best_score=3.14548293931 best_price=3.312649,3.325651 elapsed_sec=8612.19
[GA] phase=stage2_done generation=3/8 individual=7/12 evals=43 stage2_unique_prices=1685 best_score=3.14548293931 best_price=3.312649,3.325651 elapsed_sec=8618.92
[GA] phase=objective_start generation=3/8 individual=7/12 evals=43 stage2_unique_prices=1685 best_score=3.14548293931 best_price=3.312649,3.325651 elapsed_sec=8618.92
[GA] phase=individual_done generation=3/8 individual=7/12 evals=43 stage2_unique_prices=1735 best_score=3.14548293931 best_price=3.312649,3.325651 elapsed_sec=8896.34
[GA] phase=individual_start generation=3/8 individual=8/12 evals=44 stage2_unique_prices=1735 best_score=3.14548293931 best_price=3.312649,3.325651 elapsed_sec=8896.34
[GA] phase=stage2_start generation=3/8 individual=8/12 evals=44 stage2_unique_prices=1735 best_score=3.14548293931 best_price=3.312649,3.325651 elapsed_sec=8896.34
[GA] phase=stage2_done generation=3/8 individual=8/12 evals=44 stage2_unique_prices=1736 best_score=3.14548293931 best_price=3.312649,3.325651 elapsed_sec=8901.93
[GA] phase=objective_start generation=3/8 individual=8/12 evals=44 stage2_unique_prices=1736 best_score=3.14548293931 best_price=3.312649,3.325651 elapsed_sec=8901.93
[GA] phase=individual_done generation=3/8 individual=8/12 evals=44 stage2_unique_prices=1786 best_score=3.14548293931 best_price=3.312649,3.325651 elapsed_sec=9153.76
[GA] phase=individual_start generation=3/8 individual=9/12 evals=45 stage2_unique_prices=1786 best_score=3.14548293931 best_price=3.312649,3.325651 elapsed_sec=9153.76
[GA] phase=stage2_start generation=3/8 individual=9/12 evals=45 stage2_unique_prices=1786 best_score=3.14548293931 best_price=3.312649,3.325651 elapsed_sec=9153.76
[GA] phase=stage2_done generation=3/8 individual=9/12 evals=45 stage2_unique_prices=1787 best_score=3.14548293931 best_price=3.312649,3.325651 elapsed_sec=9159.95
[GA] phase=objective_start generation=3/8 individual=9/12 evals=45 stage2_unique_prices=1787 best_score=3.14548293931 best_price=3.312649,3.325651 elapsed_sec=9159.95
[GA] phase=individual_done generation=3/8 individual=9/12 evals=45 stage2_unique_prices=1837 best_score=3.14548293931 best_price=3.312649,3.325651 elapsed_sec=9421.42
[GA] phase=individual_start generation=3/8 individual=10/12 evals=46 stage2_unique_prices=1837 best_score=3.14548293931 best_price=3.312649,3.325651 elapsed_sec=9421.42
[GA] phase=stage2_start generation=3/8 individual=10/12 evals=46 stage2_unique_prices=1837 best_score=3.14548293931 best_price=3.312649,3.325651 elapsed_sec=9421.42
[GA] phase=stage2_done generation=3/8 individual=10/12 evals=46 stage2_unique_prices=1838 best_score=3.14548293931 best_price=3.312649,3.325651 elapsed_sec=9427.03
[GA] phase=objective_start generation=3/8 individual=10/12 evals=46 stage2_unique_prices=1838 best_score=3.14548293931 best_price=3.312649,3.325651 elapsed_sec=9427.03
[GA] phase=individual_done generation=3/8 individual=10/12 evals=46 stage2_unique_prices=1888 best_score=3.14548293931 best_price=3.312649,3.325651 elapsed_sec=9674.63
[GA] phase=individual_start generation=3/8 individual=11/12 evals=47 stage2_unique_prices=1888 best_score=3.14548293931 best_price=3.312649,3.325651 elapsed_sec=9674.63
[GA] phase=stage2_start generation=3/8 individual=11/12 evals=47 stage2_unique_prices=1888 best_score=3.14548293931 best_price=3.312649,3.325651 elapsed_sec=9674.63
[GA] phase=stage2_done generation=3/8 individual=11/12 evals=47 stage2_unique_prices=1889 best_score=3.14548293931 best_price=3.312649,3.325651 elapsed_sec=9679.35
[GA] phase=objective_start generation=3/8 individual=11/12 evals=47 stage2_unique_prices=1889 best_score=3.14548293931 best_price=3.312649,3.325651 elapsed_sec=9679.35
[GA] phase=individual_done generation=3/8 individual=11/12 evals=47 stage2_unique_prices=1939 best_score=3.14548293931 best_price=3.312649,3.325651 elapsed_sec=9923.62
[GA] phase=individual_start generation=3/8 individual=12/12 evals=48 stage2_unique_prices=1939 best_score=3.14548293931 best_price=3.312649,3.325651 elapsed_sec=9923.62
[GA] phase=stage2_start generation=3/8 individual=12/12 evals=48 stage2_unique_prices=1939 best_score=3.14548293931 best_price=3.312649,3.325651 elapsed_sec=9923.62
[GA] phase=stage2_done generation=3/8 individual=12/12 evals=48 stage2_unique_prices=1940 best_score=3.14548293931 best_price=3.312649,3.325651 elapsed_sec=9928.07
[GA] phase=objective_start generation=3/8 individual=12/12 evals=48 stage2_unique_prices=1940 best_score=3.14548293931 best_price=3.312649,3.325651 elapsed_sec=9928.07
[GA] phase=individual_done generation=3/8 individual=12/12 evals=48 stage2_unique_prices=1990 best_score=3.14548293931 best_price=3.312649,3.325651 elapsed_sec=10170.46
[GA] phase=population_done generation=3/8 evals=48 stage2_unique_prices=1990 best_score=3.14548293931 best_price=3.312649,3.325651 elapsed_sec=10170.46
[GA] phase=population_start generation=4/8 evals=48 stage2_unique_prices=1990 best_score=3.14548293931 best_price=3.312649,3.325651 elapsed_sec=10170.46
[GA] phase=individual_start generation=4/8 individual=1/12 evals=49 stage2_unique_prices=1990 best_score=3.14548293931 best_price=3.312649,3.325651 elapsed_sec=10170.46
[GA] phase=stage2_cache_hit generation=4/8 individual=1/12 evals=49 stage2_unique_prices=1990 best_score=3.14548293931 best_price=3.312649,3.325651 elapsed_sec=10170.46
[GA] phase=objective_start generation=4/8 individual=1/12 evals=49 stage2_unique_prices=1990 best_score=3.14548293931 best_price=3.312649,3.325651 elapsed_sec=10170.46
[GA] phase=individual_done generation=4/8 individual=1/12 evals=49 stage2_unique_prices=1990 best_score=3.14548293931 best_price=3.312649,3.325651 elapsed_sec=10170.46
[GA] phase=individual_start generation=4/8 individual=2/12 evals=50 stage2_unique_prices=1990 best_score=3.14548293931 best_price=3.312649,3.325651 elapsed_sec=10170.46
[GA] phase=stage2_cache_hit generation=4/8 individual=2/12 evals=50 stage2_unique_prices=1990 best_score=3.14548293931 best_price=3.312649,3.325651 elapsed_sec=10170.46
[GA] phase=objective_start generation=4/8 individual=2/12 evals=50 stage2_unique_prices=1990 best_score=3.14548293931 best_price=3.312649,3.325651 elapsed_sec=10170.46
[GA] phase=individual_done generation=4/8 individual=2/12 evals=50 stage2_unique_prices=1990 best_score=3.14548293931 best_price=3.312649,3.325651 elapsed_sec=10170.46
[GA] phase=individual_start generation=4/8 individual=3/12 evals=51 stage2_unique_prices=1990 best_score=3.14548293931 best_price=3.312649,3.325651 elapsed_sec=10170.46
[GA] phase=stage2_cache_hit generation=4/8 individual=3/12 evals=51 stage2_unique_prices=1990 best_score=3.14548293931 best_price=3.312649,3.325651 elapsed_sec=10170.46
[GA] phase=objective_start generation=4/8 individual=3/12 evals=51 stage2_unique_prices=1990 best_score=3.14548293931 best_price=3.312649,3.325651 elapsed_sec=10170.46
[GA] phase=individual_done generation=4/8 individual=3/12 evals=51 stage2_unique_prices=1990 best_score=3.14548293931 best_price=3.312649,3.325651 elapsed_sec=10170.46
[GA] phase=individual_start generation=4/8 individual=4/12 evals=52 stage2_unique_prices=1990 best_score=3.14548293931 best_price=3.312649,3.325651 elapsed_sec=10170.46
[GA] phase=stage2_cache_hit generation=4/8 individual=4/12 evals=52 stage2_unique_prices=1990 best_score=3.14548293931 best_price=3.312649,3.325651 elapsed_sec=10170.46
[GA] phase=objective_start generation=4/8 individual=4/12 evals=52 stage2_unique_prices=1990 best_score=3.14548293931 best_price=3.312649,3.325651 elapsed_sec=10170.46
[GA] phase=individual_done generation=4/8 individual=4/12 evals=52 stage2_unique_prices=1990 best_score=3.14548293931 best_price=3.312649,3.325651 elapsed_sec=10170.46
[GA] phase=individual_start generation=4/8 individual=5/12 evals=53 stage2_unique_prices=1990 best_score=3.14548293931 best_price=3.312649,3.325651 elapsed_sec=10170.46
[GA] phase=stage2_cache_hit generation=4/8 individual=5/12 evals=53 stage2_unique_prices=1990 best_score=3.14548293931 best_price=3.312649,3.325651 elapsed_sec=10170.46
[GA] phase=objective_start generation=4/8 individual=5/12 evals=53 stage2_unique_prices=1990 best_score=3.14548293931 best_price=3.312649,3.325651 elapsed_sec=10170.46
[GA] phase=individual_done generation=4/8 individual=5/12 evals=53 stage2_unique_prices=1990 best_score=3.14548293931 best_price=3.312649,3.325651 elapsed_sec=10170.46
[GA] phase=individual_start generation=4/8 individual=6/12 evals=54 stage2_unique_prices=1990 best_score=3.14548293931 best_price=3.312649,3.325651 elapsed_sec=10170.46
[GA] phase=stage2_cache_hit generation=4/8 individual=6/12 evals=54 stage2_unique_prices=1990 best_score=3.14548293931 best_price=3.312649,3.325651 elapsed_sec=10170.46
[GA] phase=objective_start generation=4/8 individual=6/12 evals=54 stage2_unique_prices=1990 best_score=3.14548293931 best_price=3.312649,3.325651 elapsed_sec=10170.46
[GA] phase=individual_done generation=4/8 individual=6/12 evals=54 stage2_unique_prices=1990 best_score=3.14548293931 best_price=3.312649,3.325651 elapsed_sec=10170.46
[GA] phase=individual_start generation=4/8 individual=7/12 evals=55 stage2_unique_prices=1990 best_score=3.14548293931 best_price=3.312649,3.325651 elapsed_sec=10170.46
[GA] phase=stage2_cache_hit generation=4/8 individual=7/12 evals=55 stage2_unique_prices=1990 best_score=3.14548293931 best_price=3.312649,3.325651 elapsed_sec=10170.46
[GA] phase=objective_start generation=4/8 individual=7/12 evals=55 stage2_unique_prices=1990 best_score=3.14548293931 best_price=3.312649,3.325651 elapsed_sec=10170.46
[GA] phase=individual_done generation=4/8 individual=7/12 evals=55 stage2_unique_prices=1990 best_score=3.14548293931 best_price=3.312649,3.325651 elapsed_sec=10170.46
[GA] phase=individual_start generation=4/8 individual=8/12 evals=56 stage2_unique_prices=1990 best_score=3.14548293931 best_price=3.312649,3.325651 elapsed_sec=10170.46
[GA] phase=stage2_start generation=4/8 individual=8/12 evals=56 stage2_unique_prices=1990 best_score=3.14548293931 best_price=3.312649,3.325651 elapsed_sec=10170.46
[GA] phase=stage2_done generation=4/8 individual=8/12 evals=56 stage2_unique_prices=1991 best_score=3.14548293931 best_price=3.312649,3.325651 elapsed_sec=10177.17
[GA] phase=objective_start generation=4/8 individual=8/12 evals=56 stage2_unique_prices=1991 best_score=3.14548293931 best_price=3.312649,3.325651 elapsed_sec=10177.17
[GA] phase=individual_done generation=4/8 individual=8/12 evals=56 stage2_unique_prices=2016 best_score=3.14548293931 best_price=3.312649,3.325651 elapsed_sec=10339.39
[GA] phase=individual_start generation=4/8 individual=9/12 evals=57 stage2_unique_prices=2016 best_score=3.14548293931 best_price=3.312649,3.325651 elapsed_sec=10339.39
[GA] phase=stage2_start generation=4/8 individual=9/12 evals=57 stage2_unique_prices=2016 best_score=3.14548293931 best_price=3.312649,3.325651 elapsed_sec=10339.39
[GA] phase=stage2_done generation=4/8 individual=9/12 evals=57 stage2_unique_prices=2017 best_score=3.14548293931 best_price=3.312649,3.325651 elapsed_sec=10345.85
[GA] phase=objective_start generation=4/8 individual=9/12 evals=57 stage2_unique_prices=2017 best_score=3.14548293931 best_price=3.312649,3.325651 elapsed_sec=10345.85
[GA] phase=individual_done generation=4/8 individual=9/12 evals=57 stage2_unique_prices=2042 best_score=3.14548293931 best_price=3.312649,3.325651 elapsed_sec=10461.01
[GA] phase=individual_start generation=4/8 individual=10/12 evals=58 stage2_unique_prices=2042 best_score=3.14548293931 best_price=3.312649,3.325651 elapsed_sec=10461.01
[GA] phase=stage2_cache_hit generation=4/8 individual=10/12 evals=58 stage2_unique_prices=2042 best_score=3.14548293931 best_price=3.312649,3.325651 elapsed_sec=10461.01
[GA] phase=objective_start generation=4/8 individual=10/12 evals=58 stage2_unique_prices=2042 best_score=3.14548293931 best_price=3.312649,3.325651 elapsed_sec=10461.01
[GA] phase=individual_done generation=4/8 individual=10/12 evals=58 stage2_unique_prices=2042 best_score=3.14548293931 best_price=3.312649,3.325651 elapsed_sec=10461.01
[GA] phase=individual_start generation=4/8 individual=11/12 evals=59 stage2_unique_prices=2042 best_score=3.14548293931 best_price=3.312649,3.325651 elapsed_sec=10461.01
[GA] phase=stage2_start generation=4/8 individual=11/12 evals=59 stage2_unique_prices=2042 best_score=3.14548293931 best_price=3.312649,3.325651 elapsed_sec=10461.01
[GA] phase=stage2_done generation=4/8 individual=11/12 evals=59 stage2_unique_prices=2043 best_score=3.14548293931 best_price=3.312649,3.325651 elapsed_sec=10467.18
[GA] phase=objective_start generation=4/8 individual=11/12 evals=59 stage2_unique_prices=2043 best_score=3.14548293931 best_price=3.312649,3.325651 elapsed_sec=10467.18
[GA] phase=individual_done generation=4/8 individual=11/12 evals=59 stage2_unique_prices=2093 best_score=3.14548293931 best_price=3.312649,3.325651 elapsed_sec=10724.88
[GA] phase=individual_start generation=4/8 individual=12/12 evals=60 stage2_unique_prices=2093 best_score=3.14548293931 best_price=3.312649,3.325651 elapsed_sec=10724.88
[GA] phase=stage2_start generation=4/8 individual=12/12 evals=60 stage2_unique_prices=2093 best_score=3.14548293931 best_price=3.312649,3.325651 elapsed_sec=10724.88
[GA] phase=stage2_done generation=4/8 individual=12/12 evals=60 stage2_unique_prices=2094 best_score=3.14548293931 best_price=3.312649,3.325651 elapsed_sec=10731.83
[GA] phase=objective_start generation=4/8 individual=12/12 evals=60 stage2_unique_prices=2094 best_score=3.14548293931 best_price=3.312649,3.325651 elapsed_sec=10731.83
[GA] phase=individual_done generation=4/8 individual=12/12 evals=60 stage2_unique_prices=2144 best_score=3.14548293931 best_price=3.312649,3.325651 elapsed_sec=11024.45
[GA] phase=population_done generation=4/8 evals=60 stage2_unique_prices=2144 best_score=3.14548293931 best_price=3.312649,3.325651 elapsed_sec=11024.45
[GA] phase=population_start generation=5/8 evals=60 stage2_unique_prices=2144 best_score=3.14548293931 best_price=3.312649,3.325651 elapsed_sec=11024.45
[GA] phase=individual_start generation=5/8 individual=1/12 evals=61 stage2_unique_prices=2144 best_score=3.14548293931 best_price=3.312649,3.325651 elapsed_sec=11024.45
[GA] phase=stage2_cache_hit generation=5/8 individual=1/12 evals=61 stage2_unique_prices=2144 best_score=3.14548293931 best_price=3.312649,3.325651 elapsed_sec=11024.45
[GA] phase=objective_start generation=5/8 individual=1/12 evals=61 stage2_unique_prices=2144 best_score=3.14548293931 best_price=3.312649,3.325651 elapsed_sec=11024.45
[GA] phase=individual_done generation=5/8 individual=1/12 evals=61 stage2_unique_prices=2144 best_score=3.14548293931 best_price=3.312649,3.325651 elapsed_sec=11024.45
[GA] phase=individual_start generation=5/8 individual=2/12 evals=62 stage2_unique_prices=2144 best_score=3.14548293931 best_price=3.312649,3.325651 elapsed_sec=11024.45
[GA] phase=stage2_cache_hit generation=5/8 individual=2/12 evals=62 stage2_unique_prices=2144 best_score=3.14548293931 best_price=3.312649,3.325651 elapsed_sec=11024.45
[GA] phase=objective_start generation=5/8 individual=2/12 evals=62 stage2_unique_prices=2144 best_score=3.14548293931 best_price=3.312649,3.325651 elapsed_sec=11024.45
[GA] phase=individual_done generation=5/8 individual=2/12 evals=62 stage2_unique_prices=2144 best_score=3.14548293931 best_price=3.312649,3.325651 elapsed_sec=11024.45
[GA] phase=individual_start generation=5/8 individual=3/12 evals=63 stage2_unique_prices=2144 best_score=3.14548293931 best_price=3.312649,3.325651 elapsed_sec=11024.45
[GA] phase=stage2_start generation=5/8 individual=3/12 evals=63 stage2_unique_prices=2144 best_score=3.14548293931 best_price=3.312649,3.325651 elapsed_sec=11024.45
[GA] phase=stage2_done generation=5/8 individual=3/12 evals=63 stage2_unique_prices=2145 best_score=3.14548293931 best_price=3.312649,3.325651 elapsed_sec=11030.39
[GA] phase=objective_start generation=5/8 individual=3/12 evals=63 stage2_unique_prices=2145 best_score=3.14548293931 best_price=3.312649,3.325651 elapsed_sec=11030.39
[GA] phase=individual_done generation=5/8 individual=3/12 evals=63 stage2_unique_prices=2195 best_score=3.14548293931 best_price=3.312649,3.325651 elapsed_sec=11286.39
[GA] phase=individual_start generation=5/8 individual=4/12 evals=64 stage2_unique_prices=2195 best_score=3.14548293931 best_price=3.312649,3.325651 elapsed_sec=11286.39
[GA] phase=stage2_start generation=5/8 individual=4/12 evals=64 stage2_unique_prices=2195 best_score=3.14548293931 best_price=3.312649,3.325651 elapsed_sec=11286.39
[GA] phase=stage2_done generation=5/8 individual=4/12 evals=64 stage2_unique_prices=2196 best_score=3.14548293931 best_price=3.312649,3.325651 elapsed_sec=11292.51
[GA] phase=objective_start generation=5/8 individual=4/12 evals=64 stage2_unique_prices=2196 best_score=3.14548293931 best_price=3.312649,3.325651 elapsed_sec=11292.51
[GA] phase=individual_done generation=5/8 individual=4/12 evals=64 stage2_unique_prices=2246 best_score=3.14548293931 best_price=3.312649,3.325651 elapsed_sec=11553.34
[GA] phase=individual_start generation=5/8 individual=5/12 evals=65 stage2_unique_prices=2246 best_score=3.14548293931 best_price=3.312649,3.325651 elapsed_sec=11553.34
[GA] phase=stage2_start generation=5/8 individual=5/12 evals=65 stage2_unique_prices=2246 best_score=3.14548293931 best_price=3.312649,3.325651 elapsed_sec=11553.34
[GA] phase=stage2_done generation=5/8 individual=5/12 evals=65 stage2_unique_prices=2247 best_score=3.14548293931 best_price=3.312649,3.325651 elapsed_sec=11558.68
[GA] phase=objective_start generation=5/8 individual=5/12 evals=65 stage2_unique_prices=2247 best_score=3.14548293931 best_price=3.312649,3.325651 elapsed_sec=11558.68
[GA] phase=individual_done generation=5/8 individual=5/12 evals=65 stage2_unique_prices=2272 best_score=3.14548293931 best_price=3.312649,3.325651 elapsed_sec=11686.72
[GA] phase=individual_start generation=5/8 individual=6/12 evals=66 stage2_unique_prices=2272 best_score=3.14548293931 best_price=3.312649,3.325651 elapsed_sec=11686.72
[GA] phase=stage2_start generation=5/8 individual=6/12 evals=66 stage2_unique_prices=2272 best_score=3.14548293931 best_price=3.312649,3.325651 elapsed_sec=11686.72
[GA] phase=stage2_done generation=5/8 individual=6/12 evals=66 stage2_unique_prices=2273 best_score=3.14548293931 best_price=3.312649,3.325651 elapsed_sec=11691.76
[GA] phase=objective_start generation=5/8 individual=6/12 evals=66 stage2_unique_prices=2273 best_score=3.14548293931 best_price=3.312649,3.325651 elapsed_sec=11691.76
[GA] phase=individual_done generation=5/8 individual=6/12 evals=66 stage2_unique_prices=2323 best_score=3.14548293931 best_price=3.312649,3.325651 elapsed_sec=11933.69
[GA] phase=individual_start generation=5/8 individual=7/12 evals=67 stage2_unique_prices=2323 best_score=3.14548293931 best_price=3.312649,3.325651 elapsed_sec=11933.69
[GA] phase=stage2_start generation=5/8 individual=7/12 evals=67 stage2_unique_prices=2323 best_score=3.14548293931 best_price=3.312649,3.325651 elapsed_sec=11933.69
[GA] phase=stage2_done generation=5/8 individual=7/12 evals=67 stage2_unique_prices=2324 best_score=3.14548293931 best_price=3.312649,3.325651 elapsed_sec=11939.82
[GA] phase=objective_start generation=5/8 individual=7/12 evals=67 stage2_unique_prices=2324 best_score=3.14548293931 best_price=3.312649,3.325651 elapsed_sec=11939.82
[GA] phase=individual_done generation=5/8 individual=7/12 evals=67 stage2_unique_prices=2374 best_score=3.14548293931 best_price=3.312649,3.325651 elapsed_sec=12204.41
[GA] phase=individual_start generation=5/8 individual=8/12 evals=68 stage2_unique_prices=2374 best_score=3.14548293931 best_price=3.312649,3.325651 elapsed_sec=12204.41
[GA] phase=stage2_start generation=5/8 individual=8/12 evals=68 stage2_unique_prices=2374 best_score=3.14548293931 best_price=3.312649,3.325651 elapsed_sec=12204.41
[GA] phase=stage2_done generation=5/8 individual=8/12 evals=68 stage2_unique_prices=2375 best_score=3.14548293931 best_price=3.312649,3.325651 elapsed_sec=12210.56
[GA] phase=objective_start generation=5/8 individual=8/12 evals=68 stage2_unique_prices=2375 best_score=3.14548293931 best_price=3.312649,3.325651 elapsed_sec=12210.56
[GA] phase=individual_done generation=5/8 individual=8/12 evals=68 stage2_unique_prices=2425 best_score=3.14548293931 best_price=3.312649,3.325651 elapsed_sec=12470.82
[GA] phase=individual_start generation=5/8 individual=9/12 evals=69 stage2_unique_prices=2425 best_score=3.14548293931 best_price=3.312649,3.325651 elapsed_sec=12470.82
[GA] phase=stage2_start generation=5/8 individual=9/12 evals=69 stage2_unique_prices=2425 best_score=3.14548293931 best_price=3.312649,3.325651 elapsed_sec=12470.82
[GA] phase=stage2_done generation=5/8 individual=9/12 evals=69 stage2_unique_prices=2426 best_score=3.14548293931 best_price=3.312649,3.325651 elapsed_sec=12476.37
[GA] phase=objective_start generation=5/8 individual=9/12 evals=69 stage2_unique_prices=2426 best_score=3.14548293931 best_price=3.312649,3.325651 elapsed_sec=12476.37
[GA] phase=individual_done generation=5/8 individual=9/12 evals=69 stage2_unique_prices=2476 best_score=3.14548293931 best_price=3.312649,3.325651 elapsed_sec=12728.23
[GA] phase=individual_start generation=5/8 individual=10/12 evals=70 stage2_unique_prices=2476 best_score=3.14548293931 best_price=3.312649,3.325651 elapsed_sec=12728.23
[GA] phase=stage2_start generation=5/8 individual=10/12 evals=70 stage2_unique_prices=2476 best_score=3.14548293931 best_price=3.312649,3.325651 elapsed_sec=12728.23
[GA] phase=stage2_done generation=5/8 individual=10/12 evals=70 stage2_unique_prices=2477 best_score=3.14548293931 best_price=3.312649,3.325651 elapsed_sec=12733.82
[GA] phase=objective_start generation=5/8 individual=10/12 evals=70 stage2_unique_prices=2477 best_score=3.14548293931 best_price=3.312649,3.325651 elapsed_sec=12733.82
[GA] phase=individual_done generation=5/8 individual=10/12 evals=70 stage2_unique_prices=2527 best_score=3.14548293931 best_price=3.312649,3.325651 elapsed_sec=12984.91
[GA] phase=individual_start generation=5/8 individual=11/12 evals=71 stage2_unique_prices=2527 best_score=3.14548293931 best_price=3.312649,3.325651 elapsed_sec=12984.91
[GA] phase=stage2_cache_hit generation=5/8 individual=11/12 evals=71 stage2_unique_prices=2527 best_score=3.14548293931 best_price=3.312649,3.325651 elapsed_sec=12984.91
[GA] phase=objective_start generation=5/8 individual=11/12 evals=71 stage2_unique_prices=2527 best_score=3.14548293931 best_price=3.312649,3.325651 elapsed_sec=12984.91
[GA] phase=individual_done generation=5/8 individual=11/12 evals=71 stage2_unique_prices=2527 best_score=3.14548293931 best_price=3.312649,3.325651 elapsed_sec=12984.91
[GA] phase=individual_start generation=5/8 individual=12/12 evals=72 stage2_unique_prices=2527 best_score=3.14548293931 best_price=3.312649,3.325651 elapsed_sec=12984.91
[GA] phase=stage2_cache_hit generation=5/8 individual=12/12 evals=72 stage2_unique_prices=2527 best_score=3.14548293931 best_price=3.312649,3.325651 elapsed_sec=12984.91
[GA] phase=objective_start generation=5/8 individual=12/12 evals=72 stage2_unique_prices=2527 best_score=3.14548293931 best_price=3.312649,3.325651 elapsed_sec=12984.91
[GA] phase=individual_done generation=5/8 individual=12/12 evals=72 stage2_unique_prices=2527 best_score=3.14548293931 best_price=3.312649,3.325651 elapsed_sec=12984.91
[GA] phase=population_done generation=5/8 evals=72 stage2_unique_prices=2527 best_score=3.14548293931 best_price=3.312649,3.325651 elapsed_sec=12984.91
[GA] phase=population_start generation=6/8 evals=72 stage2_unique_prices=2527 best_score=3.14548293931 best_price=3.312649,3.325651 elapsed_sec=12984.91
[GA] phase=individual_start generation=6/8 individual=1/12 evals=73 stage2_unique_prices=2527 best_score=3.14548293931 best_price=3.312649,3.325651 elapsed_sec=12984.91
[GA] phase=stage2_cache_hit generation=6/8 individual=1/12 evals=73 stage2_unique_prices=2527 best_score=3.14548293931 best_price=3.312649,3.325651 elapsed_sec=12984.91
[GA] phase=objective_start generation=6/8 individual=1/12 evals=73 stage2_unique_prices=2527 best_score=3.14548293931 best_price=3.312649,3.325651 elapsed_sec=12984.91
[GA] phase=individual_done generation=6/8 individual=1/12 evals=73 stage2_unique_prices=2527 best_score=3.14548293931 best_price=3.312649,3.325651 elapsed_sec=12984.91
[GA] phase=individual_start generation=6/8 individual=2/12 evals=74 stage2_unique_prices=2527 best_score=3.14548293931 best_price=3.312649,3.325651 elapsed_sec=12984.91
[GA] phase=stage2_cache_hit generation=6/8 individual=2/12 evals=74 stage2_unique_prices=2527 best_score=3.14548293931 best_price=3.312649,3.325651 elapsed_sec=12984.91
[GA] phase=objective_start generation=6/8 individual=2/12 evals=74 stage2_unique_prices=2527 best_score=3.14548293931 best_price=3.312649,3.325651 elapsed_sec=12984.91
[GA] phase=individual_done generation=6/8 individual=2/12 evals=74 stage2_unique_prices=2527 best_score=3.14548293931 best_price=3.312649,3.325651 elapsed_sec=12984.91
[GA] phase=individual_start generation=6/8 individual=3/12 evals=75 stage2_unique_prices=2527 best_score=3.14548293931 best_price=3.312649,3.325651 elapsed_sec=12984.91
[GA] phase=stage2_cache_hit generation=6/8 individual=3/12 evals=75 stage2_unique_prices=2527 best_score=3.14548293931 best_price=3.312649,3.325651 elapsed_sec=12984.91
[GA] phase=objective_start generation=6/8 individual=3/12 evals=75 stage2_unique_prices=2527 best_score=3.14548293931 best_price=3.312649,3.325651 elapsed_sec=12984.91
[GA] phase=individual_done generation=6/8 individual=3/12 evals=75 stage2_unique_prices=2527 best_score=3.14548293931 best_price=3.312649,3.325651 elapsed_sec=12984.91
[GA] phase=individual_start generation=6/8 individual=4/12 evals=76 stage2_unique_prices=2527 best_score=3.14548293931 best_price=3.312649,3.325651 elapsed_sec=12984.91
[GA] phase=stage2_cache_hit generation=6/8 individual=4/12 evals=76 stage2_unique_prices=2527 best_score=3.14548293931 best_price=3.312649,3.325651 elapsed_sec=12984.91
[GA] phase=objective_start generation=6/8 individual=4/12 evals=76 stage2_unique_prices=2527 best_score=3.14548293931 best_price=3.312649,3.325651 elapsed_sec=12984.91
[GA] phase=individual_done generation=6/8 individual=4/12 evals=76 stage2_unique_prices=2527 best_score=3.14548293931 best_price=3.312649,3.325651 elapsed_sec=12984.91
[GA] phase=individual_start generation=6/8 individual=5/12 evals=77 stage2_unique_prices=2527 best_score=3.14548293931 best_price=3.312649,3.325651 elapsed_sec=12984.91
[GA] phase=stage2_cache_hit generation=6/8 individual=5/12 evals=77 stage2_unique_prices=2527 best_score=3.14548293931 best_price=3.312649,3.325651 elapsed_sec=12984.91
[GA] phase=objective_start generation=6/8 individual=5/12 evals=77 stage2_unique_prices=2527 best_score=3.14548293931 best_price=3.312649,3.325651 elapsed_sec=12984.91
[GA] phase=individual_done generation=6/8 individual=5/12 evals=77 stage2_unique_prices=2527 best_score=3.14548293931 best_price=3.312649,3.325651 elapsed_sec=12984.91
[GA] phase=individual_start generation=6/8 individual=6/12 evals=78 stage2_unique_prices=2527 best_score=3.14548293931 best_price=3.312649,3.325651 elapsed_sec=12984.91
[GA] phase=stage2_cache_hit generation=6/8 individual=6/12 evals=78 stage2_unique_prices=2527 best_score=3.14548293931 best_price=3.312649,3.325651 elapsed_sec=12984.91
[GA] phase=objective_start generation=6/8 individual=6/12 evals=78 stage2_unique_prices=2527 best_score=3.14548293931 best_price=3.312649,3.325651 elapsed_sec=12984.91
[GA] phase=individual_done generation=6/8 individual=6/12 evals=78 stage2_unique_prices=2527 best_score=3.14548293931 best_price=3.312649,3.325651 elapsed_sec=12984.91
[GA] phase=individual_start generation=6/8 individual=7/12 evals=79 stage2_unique_prices=2527 best_score=3.14548293931 best_price=3.312649,3.325651 elapsed_sec=12984.91
[GA] phase=stage2_start generation=6/8 individual=7/12 evals=79 stage2_unique_prices=2527 best_score=3.14548293931 best_price=3.312649,3.325651 elapsed_sec=12984.91
[GA] phase=stage2_done generation=6/8 individual=7/12 evals=79 stage2_unique_prices=2528 best_score=3.14548293931 best_price=3.312649,3.325651 elapsed_sec=12990.50
[GA] phase=objective_start generation=6/8 individual=7/12 evals=79 stage2_unique_prices=2528 best_score=3.14548293931 best_price=3.312649,3.325651 elapsed_sec=12990.50
[GA] phase=individual_done generation=6/8 individual=7/12 evals=79 stage2_unique_prices=2578 best_score=3.11360765009 best_price=3.078326,3.620229 elapsed_sec=13240.41
[GA] phase=individual_start generation=6/8 individual=8/12 evals=80 stage2_unique_prices=2578 best_score=3.11360765009 best_price=3.078326,3.620229 elapsed_sec=13240.41
[GA] phase=stage2_start generation=6/8 individual=8/12 evals=80 stage2_unique_prices=2578 best_score=3.11360765009 best_price=3.078326,3.620229 elapsed_sec=13240.41
[GA] phase=stage2_done generation=6/8 individual=8/12 evals=80 stage2_unique_prices=2579 best_score=3.11360765009 best_price=3.078326,3.620229 elapsed_sec=13246.84
[GA] phase=objective_start generation=6/8 individual=8/12 evals=80 stage2_unique_prices=2579 best_score=3.11360765009 best_price=3.078326,3.620229 elapsed_sec=13246.84
[GA] phase=individual_done generation=6/8 individual=8/12 evals=80 stage2_unique_prices=2629 best_score=3.11360765009 best_price=3.078326,3.620229 elapsed_sec=13517.36
[GA] phase=individual_start generation=6/8 individual=9/12 evals=81 stage2_unique_prices=2629 best_score=3.11360765009 best_price=3.078326,3.620229 elapsed_sec=13517.36
[GA] phase=stage2_cache_hit generation=6/8 individual=9/12 evals=81 stage2_unique_prices=2629 best_score=3.11360765009 best_price=3.078326,3.620229 elapsed_sec=13517.36
[GA] phase=objective_start generation=6/8 individual=9/12 evals=81 stage2_unique_prices=2629 best_score=3.11360765009 best_price=3.078326,3.620229 elapsed_sec=13517.36
[GA] phase=individual_done generation=6/8 individual=9/12 evals=81 stage2_unique_prices=2629 best_score=3.11360765009 best_price=3.078326,3.620229 elapsed_sec=13517.36
[GA] phase=individual_start generation=6/8 individual=10/12 evals=82 stage2_unique_prices=2629 best_score=3.11360765009 best_price=3.078326,3.620229 elapsed_sec=13517.36
[GA] phase=stage2_start generation=6/8 individual=10/12 evals=82 stage2_unique_prices=2629 best_score=3.11360765009 best_price=3.078326,3.620229 elapsed_sec=13517.36
[GA] phase=stage2_done generation=6/8 individual=10/12 evals=82 stage2_unique_prices=2630 best_score=3.11360765009 best_price=3.078326,3.620229 elapsed_sec=13521.17
[GA] phase=objective_start generation=6/8 individual=10/12 evals=82 stage2_unique_prices=2630 best_score=3.11360765009 best_price=3.078326,3.620229 elapsed_sec=13521.17
[GA] phase=individual_done generation=6/8 individual=10/12 evals=82 stage2_unique_prices=2655 best_score=3.11360765009 best_price=3.078326,3.620229 elapsed_sec=13625.00
[GA] phase=individual_start generation=6/8 individual=11/12 evals=83 stage2_unique_prices=2655 best_score=3.11360765009 best_price=3.078326,3.620229 elapsed_sec=13625.00
[GA] phase=stage2_start generation=6/8 individual=11/12 evals=83 stage2_unique_prices=2655 best_score=3.11360765009 best_price=3.078326,3.620229 elapsed_sec=13625.00
[GA] phase=stage2_done generation=6/8 individual=11/12 evals=83 stage2_unique_prices=2656 best_score=3.11360765009 best_price=3.078326,3.620229 elapsed_sec=13630.34
[GA] phase=objective_start generation=6/8 individual=11/12 evals=83 stage2_unique_prices=2656 best_score=3.11360765009 best_price=3.078326,3.620229 elapsed_sec=13630.34
[GA] phase=individual_done generation=6/8 individual=11/12 evals=83 stage2_unique_prices=2681 best_score=3.11360765009 best_price=3.078326,3.620229 elapsed_sec=13769.53
[GA] phase=individual_start generation=6/8 individual=12/12 evals=84 stage2_unique_prices=2681 best_score=3.11360765009 best_price=3.078326,3.620229 elapsed_sec=13769.53
[GA] phase=stage2_cache_hit generation=6/8 individual=12/12 evals=84 stage2_unique_prices=2681 best_score=3.11360765009 best_price=3.078326,3.620229 elapsed_sec=13769.53
[GA] phase=objective_start generation=6/8 individual=12/12 evals=84 stage2_unique_prices=2681 best_score=3.11360765009 best_price=3.078326,3.620229 elapsed_sec=13769.53
[GA] phase=individual_done generation=6/8 individual=12/12 evals=84 stage2_unique_prices=2681 best_score=3.11360765009 best_price=3.078326,3.620229 elapsed_sec=13769.53
[GA] phase=population_done generation=6/8 evals=84 stage2_unique_prices=2681 best_score=3.11360765009 best_price=3.078326,3.620229 elapsed_sec=13769.53
[GA] phase=population_start generation=7/8 evals=84 stage2_unique_prices=2681 best_score=3.11360765009 best_price=3.078326,3.620229 elapsed_sec=13769.53
[GA] phase=individual_start generation=7/8 individual=1/12 evals=85 stage2_unique_prices=2681 best_score=3.11360765009 best_price=3.078326,3.620229 elapsed_sec=13769.53
[GA] phase=stage2_cache_hit generation=7/8 individual=1/12 evals=85 stage2_unique_prices=2681 best_score=3.11360765009 best_price=3.078326,3.620229 elapsed_sec=13769.53
[GA] phase=objective_start generation=7/8 individual=1/12 evals=85 stage2_unique_prices=2681 best_score=3.11360765009 best_price=3.078326,3.620229 elapsed_sec=13769.53
[GA] phase=individual_done generation=7/8 individual=1/12 evals=85 stage2_unique_prices=2681 best_score=3.11360765009 best_price=3.078326,3.620229 elapsed_sec=13769.53
[GA] phase=individual_start generation=7/8 individual=2/12 evals=86 stage2_unique_prices=2681 best_score=3.11360765009 best_price=3.078326,3.620229 elapsed_sec=13769.53
[GA] phase=stage2_cache_hit generation=7/8 individual=2/12 evals=86 stage2_unique_prices=2681 best_score=3.11360765009 best_price=3.078326,3.620229 elapsed_sec=13769.53
[GA] phase=objective_start generation=7/8 individual=2/12 evals=86 stage2_unique_prices=2681 best_score=3.11360765009 best_price=3.078326,3.620229 elapsed_sec=13769.53
[GA] phase=individual_done generation=7/8 individual=2/12 evals=86 stage2_unique_prices=2681 best_score=3.11360765009 best_price=3.078326,3.620229 elapsed_sec=13769.53
[GA] phase=individual_start generation=7/8 individual=3/12 evals=87 stage2_unique_prices=2681 best_score=3.11360765009 best_price=3.078326,3.620229 elapsed_sec=13769.53
[GA] phase=stage2_cache_hit generation=7/8 individual=3/12 evals=87 stage2_unique_prices=2681 best_score=3.11360765009 best_price=3.078326,3.620229 elapsed_sec=13769.53
[GA] phase=objective_start generation=7/8 individual=3/12 evals=87 stage2_unique_prices=2681 best_score=3.11360765009 best_price=3.078326,3.620229 elapsed_sec=13769.53
[GA] phase=individual_done generation=7/8 individual=3/12 evals=87 stage2_unique_prices=2681 best_score=3.11360765009 best_price=3.078326,3.620229 elapsed_sec=13769.53
[GA] phase=individual_start generation=7/8 individual=4/12 evals=88 stage2_unique_prices=2681 best_score=3.11360765009 best_price=3.078326,3.620229 elapsed_sec=13769.53
[GA] phase=stage2_start generation=7/8 individual=4/12 evals=88 stage2_unique_prices=2681 best_score=3.11360765009 best_price=3.078326,3.620229 elapsed_sec=13769.53
[GA] phase=stage2_done generation=7/8 individual=4/12 evals=88 stage2_unique_prices=2682 best_score=3.11360765009 best_price=3.078326,3.620229 elapsed_sec=13775.15
[GA] phase=objective_start generation=7/8 individual=4/12 evals=88 stage2_unique_prices=2682 best_score=3.11360765009 best_price=3.078326,3.620229 elapsed_sec=13775.15
[GA] phase=individual_done generation=7/8 individual=4/12 evals=88 stage2_unique_prices=2707 best_score=0.720202939307 best_price=3.312649,3.386283 elapsed_sec=13906.75
[GA] phase=individual_start generation=7/8 individual=5/12 evals=89 stage2_unique_prices=2707 best_score=0.720202939307 best_price=3.312649,3.386283 elapsed_sec=13906.75
[GA] phase=stage2_cache_hit generation=7/8 individual=5/12 evals=89 stage2_unique_prices=2707 best_score=0.720202939307 best_price=3.312649,3.386283 elapsed_sec=13906.75
[GA] phase=objective_start generation=7/8 individual=5/12 evals=89 stage2_unique_prices=2707 best_score=0.720202939307 best_price=3.312649,3.386283 elapsed_sec=13906.75
[GA] phase=individual_done generation=7/8 individual=5/12 evals=89 stage2_unique_prices=2707 best_score=0.720202939307 best_price=3.312649,3.386283 elapsed_sec=13906.75
[GA] phase=individual_start generation=7/8 individual=6/12 evals=90 stage2_unique_prices=2707 best_score=0.720202939307 best_price=3.312649,3.386283 elapsed_sec=13906.75
[GA] phase=stage2_start generation=7/8 individual=6/12 evals=90 stage2_unique_prices=2707 best_score=0.720202939307 best_price=3.312649,3.386283 elapsed_sec=13906.75
[GA] phase=stage2_done generation=7/8 individual=6/12 evals=90 stage2_unique_prices=2708 best_score=0.720202939307 best_price=3.312649,3.386283 elapsed_sec=13912.09
[GA] phase=objective_start generation=7/8 individual=6/12 evals=90 stage2_unique_prices=2708 best_score=0.720202939307 best_price=3.312649,3.386283 elapsed_sec=13912.09
[GA] phase=individual_done generation=7/8 individual=6/12 evals=90 stage2_unique_prices=2733 best_score=0.720202939307 best_price=3.312649,3.386283 elapsed_sec=14048.04
[GA] phase=individual_start generation=7/8 individual=7/12 evals=91 stage2_unique_prices=2733 best_score=0.720202939307 best_price=3.312649,3.386283 elapsed_sec=14048.04
[GA] phase=stage2_cache_hit generation=7/8 individual=7/12 evals=91 stage2_unique_prices=2733 best_score=0.720202939307 best_price=3.312649,3.386283 elapsed_sec=14048.04
[GA] phase=objective_start generation=7/8 individual=7/12 evals=91 stage2_unique_prices=2733 best_score=0.720202939307 best_price=3.312649,3.386283 elapsed_sec=14048.04
[GA] phase=individual_done generation=7/8 individual=7/12 evals=91 stage2_unique_prices=2733 best_score=0.720202939307 best_price=3.312649,3.386283 elapsed_sec=14048.04
[GA] phase=individual_start generation=7/8 individual=8/12 evals=92 stage2_unique_prices=2733 best_score=0.720202939307 best_price=3.312649,3.386283 elapsed_sec=14048.04
[GA] phase=stage2_start generation=7/8 individual=8/12 evals=92 stage2_unique_prices=2733 best_score=0.720202939307 best_price=3.312649,3.386283 elapsed_sec=14048.04
[GA] phase=stage2_done generation=7/8 individual=8/12 evals=92 stage2_unique_prices=2734 best_score=0.720202939307 best_price=3.312649,3.386283 elapsed_sec=14053.38
[GA] phase=objective_start generation=7/8 individual=8/12 evals=92 stage2_unique_prices=2734 best_score=0.720202939307 best_price=3.312649,3.386283 elapsed_sec=14053.38
[GA] phase=individual_done generation=7/8 individual=8/12 evals=92 stage2_unique_prices=2759 best_score=0.720202939307 best_price=3.312649,3.386283 elapsed_sec=14181.47
[GA] phase=individual_start generation=7/8 individual=9/12 evals=93 stage2_unique_prices=2759 best_score=0.720202939307 best_price=3.312649,3.386283 elapsed_sec=14181.47
[GA] phase=stage2_cache_hit generation=7/8 individual=9/12 evals=93 stage2_unique_prices=2759 best_score=0.720202939307 best_price=3.312649,3.386283 elapsed_sec=14181.47
[GA] phase=objective_start generation=7/8 individual=9/12 evals=93 stage2_unique_prices=2759 best_score=0.720202939307 best_price=3.312649,3.386283 elapsed_sec=14181.47
[GA] phase=individual_done generation=7/8 individual=9/12 evals=93 stage2_unique_prices=2759 best_score=0.720202939307 best_price=3.312649,3.386283 elapsed_sec=14181.47
[GA] phase=individual_start generation=7/8 individual=10/12 evals=94 stage2_unique_prices=2759 best_score=0.720202939307 best_price=3.312649,3.386283 elapsed_sec=14181.47
[GA] phase=stage2_cache_hit generation=7/8 individual=10/12 evals=94 stage2_unique_prices=2759 best_score=0.720202939307 best_price=3.312649,3.386283 elapsed_sec=14181.47
[GA] phase=objective_start generation=7/8 individual=10/12 evals=94 stage2_unique_prices=2759 best_score=0.720202939307 best_price=3.312649,3.386283 elapsed_sec=14181.47
[GA] phase=individual_done generation=7/8 individual=10/12 evals=94 stage2_unique_prices=2759 best_score=0.720202939307 best_price=3.312649,3.386283 elapsed_sec=14181.47
[GA] phase=individual_start generation=7/8 individual=11/12 evals=95 stage2_unique_prices=2759 best_score=0.720202939307 best_price=3.312649,3.386283 elapsed_sec=14181.47
[GA] phase=stage2_start generation=7/8 individual=11/12 evals=95 stage2_unique_prices=2759 best_score=0.720202939307 best_price=3.312649,3.386283 elapsed_sec=14181.47
[GA] phase=stage2_done generation=7/8 individual=11/12 evals=95 stage2_unique_prices=2760 best_score=0.720202939307 best_price=3.312649,3.386283 elapsed_sec=14187.05
[GA] phase=objective_start generation=7/8 individual=11/12 evals=95 stage2_unique_prices=2760 best_score=0.720202939307 best_price=3.312649,3.386283 elapsed_sec=14187.05
[GA] phase=individual_done generation=7/8 individual=11/12 evals=95 stage2_unique_prices=2785 best_score=0.720202939307 best_price=3.312649,3.386283 elapsed_sec=14306.69
[GA] phase=individual_start generation=7/8 individual=12/12 evals=96 stage2_unique_prices=2785 best_score=0.720202939307 best_price=3.312649,3.386283 elapsed_sec=14306.69
[GA] phase=stage2_start generation=7/8 individual=12/12 evals=96 stage2_unique_prices=2785 best_score=0.720202939307 best_price=3.312649,3.386283 elapsed_sec=14306.69
[GA] phase=stage2_done generation=7/8 individual=12/12 evals=96 stage2_unique_prices=2786 best_score=0.720202939307 best_price=3.312649,3.386283 elapsed_sec=14312.27
[GA] phase=objective_start generation=7/8 individual=12/12 evals=96 stage2_unique_prices=2786 best_score=0.720202939307 best_price=3.312649,3.386283 elapsed_sec=14312.27
[GA] phase=individual_done generation=7/8 individual=12/12 evals=96 stage2_unique_prices=2811 best_score=0.720202939307 best_price=3.312649,3.386283 elapsed_sec=14440.18
[GA] phase=population_done generation=7/8 evals=96 stage2_unique_prices=2811 best_score=0.720202939307 best_price=3.312649,3.386283 elapsed_sec=14440.18
[GA] phase=population_start generation=8/8 evals=96 stage2_unique_prices=2811 best_score=0.720202939307 best_price=3.312649,3.386283 elapsed_sec=14440.18
[GA] phase=individual_start generation=8/8 individual=1/12 evals=97 stage2_unique_prices=2811 best_score=0.720202939307 best_price=3.312649,3.386283 elapsed_sec=14440.18
[GA] phase=stage2_cache_hit generation=8/8 individual=1/12 evals=97 stage2_unique_prices=2811 best_score=0.720202939307 best_price=3.312649,3.386283 elapsed_sec=14440.18
[GA] phase=objective_start generation=8/8 individual=1/12 evals=97 stage2_unique_prices=2811 best_score=0.720202939307 best_price=3.312649,3.386283 elapsed_sec=14440.18
[GA] phase=individual_done generation=8/8 individual=1/12 evals=97 stage2_unique_prices=2811 best_score=0.720202939307 best_price=3.312649,3.386283 elapsed_sec=14440.18
[GA] phase=individual_start generation=8/8 individual=2/12 evals=98 stage2_unique_prices=2811 best_score=0.720202939307 best_price=3.312649,3.386283 elapsed_sec=14440.18
[GA] phase=stage2_cache_hit generation=8/8 individual=2/12 evals=98 stage2_unique_prices=2811 best_score=0.720202939307 best_price=3.312649,3.386283 elapsed_sec=14440.18
[GA] phase=objective_start generation=8/8 individual=2/12 evals=98 stage2_unique_prices=2811 best_score=0.720202939307 best_price=3.312649,3.386283 elapsed_sec=14440.18
[GA] phase=individual_done generation=8/8 individual=2/12 evals=98 stage2_unique_prices=2811 best_score=0.720202939307 best_price=3.312649,3.386283 elapsed_sec=14440.18
[GA] phase=individual_start generation=8/8 individual=3/12 evals=99 stage2_unique_prices=2811 best_score=0.720202939307 best_price=3.312649,3.386283 elapsed_sec=14440.18
[GA] phase=stage2_start generation=8/8 individual=3/12 evals=99 stage2_unique_prices=2811 best_score=0.720202939307 best_price=3.312649,3.386283 elapsed_sec=14440.18
[GA] phase=stage2_done generation=8/8 individual=3/12 evals=99 stage2_unique_prices=2812 best_score=0.720202939307 best_price=3.312649,3.386283 elapsed_sec=14445.75
[GA] phase=objective_start generation=8/8 individual=3/12 evals=99 stage2_unique_prices=2812 best_score=0.720202939307 best_price=3.312649,3.386283 elapsed_sec=14445.75
[GA] phase=individual_done generation=8/8 individual=3/12 evals=99 stage2_unique_prices=2862 best_score=0.720202939307 best_price=3.312649,3.386283 elapsed_sec=14695.76
[GA] phase=individual_start generation=8/8 individual=4/12 evals=100 stage2_unique_prices=2862 best_score=0.720202939307 best_price=3.312649,3.386283 elapsed_sec=14695.76
[GA] phase=stage2_start generation=8/8 individual=4/12 evals=100 stage2_unique_prices=2862 best_score=0.720202939307 best_price=3.312649,3.386283 elapsed_sec=14695.76
[GA] phase=stage2_done generation=8/8 individual=4/12 evals=100 stage2_unique_prices=2863 best_score=0.720202939307 best_price=3.312649,3.386283 elapsed_sec=14701.34
[GA] phase=objective_start generation=8/8 individual=4/12 evals=100 stage2_unique_prices=2863 best_score=0.720202939307 best_price=3.312649,3.386283 elapsed_sec=14701.34
[GA] phase=individual_done generation=8/8 individual=4/12 evals=100 stage2_unique_prices=2913 best_score=0.508549625794 best_price=3.191609,3.576624 elapsed_sec=14949.35
[GA] phase=individual_start generation=8/8 individual=5/12 evals=101 stage2_unique_prices=2913 best_score=0.508549625794 best_price=3.191609,3.576624 elapsed_sec=14949.35
[GA] phase=stage2_cache_hit generation=8/8 individual=5/12 evals=101 stage2_unique_prices=2913 best_score=0.508549625794 best_price=3.191609,3.576624 elapsed_sec=14949.35
[GA] phase=objective_start generation=8/8 individual=5/12 evals=101 stage2_unique_prices=2913 best_score=0.508549625794 best_price=3.191609,3.576624 elapsed_sec=14949.35
[GA] phase=individual_done generation=8/8 individual=5/12 evals=101 stage2_unique_prices=2913 best_score=0.508549625794 best_price=3.191609,3.576624 elapsed_sec=14949.35
[GA] phase=individual_start generation=8/8 individual=6/12 evals=102 stage2_unique_prices=2913 best_score=0.508549625794 best_price=3.191609,3.576624 elapsed_sec=14949.35
[GA] phase=stage2_cache_hit generation=8/8 individual=6/12 evals=102 stage2_unique_prices=2913 best_score=0.508549625794 best_price=3.191609,3.576624 elapsed_sec=14949.35
[GA] phase=objective_start generation=8/8 individual=6/12 evals=102 stage2_unique_prices=2913 best_score=0.508549625794 best_price=3.191609,3.576624 elapsed_sec=14949.35
[GA] phase=individual_done generation=8/8 individual=6/12 evals=102 stage2_unique_prices=2913 best_score=0.508549625794 best_price=3.191609,3.576624 elapsed_sec=14949.35
[GA] phase=individual_start generation=8/8 individual=7/12 evals=103 stage2_unique_prices=2913 best_score=0.508549625794 best_price=3.191609,3.576624 elapsed_sec=14949.35
[GA] phase=stage2_cache_hit generation=8/8 individual=7/12 evals=103 stage2_unique_prices=2913 best_score=0.508549625794 best_price=3.191609,3.576624 elapsed_sec=14949.35
[GA] phase=objective_start generation=8/8 individual=7/12 evals=103 stage2_unique_prices=2913 best_score=0.508549625794 best_price=3.191609,3.576624 elapsed_sec=14949.35
[GA] phase=individual_done generation=8/8 individual=7/12 evals=103 stage2_unique_prices=2913 best_score=0.508549625794 best_price=3.191609,3.576624 elapsed_sec=14949.35
[GA] phase=individual_start generation=8/8 individual=8/12 evals=104 stage2_unique_prices=2913 best_score=0.508549625794 best_price=3.191609,3.576624 elapsed_sec=14949.35
[GA] phase=stage2_cache_hit generation=8/8 individual=8/12 evals=104 stage2_unique_prices=2913 best_score=0.508549625794 best_price=3.191609,3.576624 elapsed_sec=14949.35
[GA] phase=objective_start generation=8/8 individual=8/12 evals=104 stage2_unique_prices=2913 best_score=0.508549625794 best_price=3.191609,3.576624 elapsed_sec=14949.35
[GA] phase=individual_done generation=8/8 individual=8/12 evals=104 stage2_unique_prices=2913 best_score=0.508549625794 best_price=3.191609,3.576624 elapsed_sec=14949.35
[GA] phase=individual_start generation=8/8 individual=9/12 evals=105 stage2_unique_prices=2913 best_score=0.508549625794 best_price=3.191609,3.576624 elapsed_sec=14949.35
[GA] phase=stage2_start generation=8/8 individual=9/12 evals=105 stage2_unique_prices=2913 best_score=0.508549625794 best_price=3.191609,3.576624 elapsed_sec=14949.35
[GA] phase=stage2_done generation=8/8 individual=9/12 evals=105 stage2_unique_prices=2914 best_score=0.508549625794 best_price=3.191609,3.576624 elapsed_sec=14954.35
[GA] phase=objective_start generation=8/8 individual=9/12 evals=105 stage2_unique_prices=2914 best_score=0.508549625794 best_price=3.191609,3.576624 elapsed_sec=14954.35
[GA] phase=individual_done generation=8/8 individual=9/12 evals=105 stage2_unique_prices=2939 best_score=0.508549625794 best_price=3.191609,3.576624 elapsed_sec=15082.38
[GA] phase=individual_start generation=8/8 individual=10/12 evals=106 stage2_unique_prices=2939 best_score=0.508549625794 best_price=3.191609,3.576624 elapsed_sec=15082.38
[GA] phase=stage2_start generation=8/8 individual=10/12 evals=106 stage2_unique_prices=2939 best_score=0.508549625794 best_price=3.191609,3.576624 elapsed_sec=15082.38
[GA] phase=stage2_done generation=8/8 individual=10/12 evals=106 stage2_unique_prices=2940 best_score=0.508549625794 best_price=3.191609,3.576624 elapsed_sec=15087.94
[GA] phase=objective_start generation=8/8 individual=10/12 evals=106 stage2_unique_prices=2940 best_score=0.508549625794 best_price=3.191609,3.576624 elapsed_sec=15087.94
[GA] phase=individual_done generation=8/8 individual=10/12 evals=106 stage2_unique_prices=2965 best_score=0.508549625794 best_price=3.191609,3.576624 elapsed_sec=15219.04
[GA] phase=individual_start generation=8/8 individual=11/12 evals=107 stage2_unique_prices=2965 best_score=0.508549625794 best_price=3.191609,3.576624 elapsed_sec=15219.04
[GA] phase=stage2_cache_hit generation=8/8 individual=11/12 evals=107 stage2_unique_prices=2965 best_score=0.508549625794 best_price=3.191609,3.576624 elapsed_sec=15219.04
[GA] phase=objective_start generation=8/8 individual=11/12 evals=107 stage2_unique_prices=2965 best_score=0.508549625794 best_price=3.191609,3.576624 elapsed_sec=15219.04
[GA] phase=individual_done generation=8/8 individual=11/12 evals=107 stage2_unique_prices=2965 best_score=0.508549625794 best_price=3.191609,3.576624 elapsed_sec=15219.04
[GA] phase=individual_start generation=8/8 individual=12/12 evals=108 stage2_unique_prices=2965 best_score=0.508549625794 best_price=3.191609,3.576624 elapsed_sec=15219.04
[GA] phase=stage2_cache_hit generation=8/8 individual=12/12 evals=108 stage2_unique_prices=2965 best_score=0.508549625794 best_price=3.191609,3.576624 elapsed_sec=15219.04
[GA] phase=objective_start generation=8/8 individual=12/12 evals=108 stage2_unique_prices=2965 best_score=0.508549625794 best_price=3.191609,3.576624 elapsed_sec=15219.04
[GA] phase=individual_done generation=8/8 individual=12/12 evals=108 stage2_unique_prices=2965 best_score=0.508549625794 best_price=3.191609,3.576624 elapsed_sec=15219.04
[GA] phase=population_done generation=8/8 evals=108 stage2_unique_prices=2965 best_score=0.508549625794 best_price=3.191609,3.576624 elapsed_sec=15219.04
[198/200] phase=done n_users=250 trial=10/10 method=GA
[199/200] phase=start n_users=250 trial=10/10 method=BO-online
[199/200] phase=done n_users=250 trial=10/10 method=BO-online
[200/200] phase=start n_users=250 trial=10/10 method=MARL
[200/200] phase=done n_users=250 trial=10/10 method=MARL
Traceback (most recent call last):
  File "/Users/beiyanliu/Desktop/TMC26_Stackelberg_Code/scripts/run_stage1_final_grid_ne_gap_vs_users.py", line 1628, in <module>
    main()
  File "/Users/beiyanliu/Desktop/TMC26_Stackelberg_Code/scripts/run_stage1_final_grid_ne_gap_vs_users.py", line 1394, in main
    plot_gap_summary(summary_rows, fig_path, methods=methods, statistic=str(args.statistic))
  File "/Users/beiyanliu/Desktop/TMC26_Stackelberg_Code/scripts/run_stage1_final_grid_ne_gap_vs_users.py", line 979, in plot_gap_summary
    plot_metric_summary(
  File "/Users/beiyanliu/Desktop/TMC26_Stackelberg_Code/scripts/run_stage1_final_grid_ne_gap_vs_users.py", line 944, in plot_metric_summary
    fig, ax = plt.subplots(figsize=(9.4, 6.0), dpi=180)
              ^^^^^^^^^^^^^^^^^^^^^^^^^^^^^^^^^^^^^^^^^
  File "/private/tmp/tmc26_uv_env/lib/python3.11/site-packages/matplotlib/pyplot.py", line 1776, in subplots
  File "/private/tmp/tmc26_uv_env/lib/python3.11/site-packages/matplotlib/pyplot.py", line 1041, in figure
  File "/private/tmp/tmc26_uv_env/lib/python3.11/site-packages/matplotlib/pyplot.py", line 550, in new_figure_manager
  File "/private/tmp/tmc26_uv_env/lib/python3.11/site-packages/matplotlib/pyplot.py", line 527, in _warn_if_gui_out_of_main_thread
  File "/private/tmp/tmc26_uv_env/lib/python3.11/site-packages/matplotlib/pyplot.py", line 368, in _get_backend_mod
  File "/private/tmp/tmc26_uv_env/lib/python3.11/site-packages/matplotlib/pyplot.py", line 424, in switch_backend
  File "/private/tmp/tmc26_uv_env/lib/python3.11/site-packages/matplotlib/backends/registry.py", line 317, in load_backend_module
  File "/Users/beiyanliu/.local/share/uv/python/cpython-3.11.14-macos-aarch64-none/lib/python3.11/importlib/__init__.py", line 126, in import_module
    return _bootstrap._gcd_import(name[level:], package, level)
           ^^^^^^^^^^^^^^^^^^^^^^^^^^^^^^^^^^^^^^^^^^^^^^^^^^^^
  File "<frozen importlib._bootstrap>", line 1204, in _gcd_import
  File "<frozen importlib._bootstrap>", line 1176, in _find_and_load
  File "<frozen importlib._bootstrap>", line 1140, in _find_and_load_unlocked
ModuleNotFoundError: No module named 'matplotlib.backends.backend_agg'
Matplotlib is building the font cache; this may take a moment.
[34/150] phase=start n_users=100 trial=2/10 method=BO-online budget_stage2_calls=103
[34/150] phase=done n_users=100 trial=2/10 method=BO-online budget_stage2_calls=103
[35/150] phase=start n_users=100 trial=2/10 method=GA budget_stage2_calls=103
[35/150] phase=done n_users=100 trial=2/10 method=GA budget_stage2_calls=103
[36/150] phase=start n_users=100 trial=2/10 method=MARL budget_stage2_calls=103
[36/150] phase=done n_users=100 trial=2/10 method=MARL budget_stage2_calls=103
[37/150] phase=start n_users=100 trial=3/10 method=BO-online budget_stage2_calls=49
[37/150] phase=done n_users=100 trial=3/10 method=BO-online budget_stage2_calls=49
[38/150] phase=start n_users=100 trial=3/10 method=GA budget_stage2_calls=49
[38/150] phase=done n_users=100 trial=3/10 method=GA budget_stage2_calls=49
[39/150] phase=start n_users=100 trial=3/10 method=MARL budget_stage2_calls=49
[39/150] phase=done n_users=100 trial=3/10 method=MARL budget_stage2_calls=49
[40/150] phase=start n_users=100 trial=4/10 method=BO-online budget_stage2_calls=49
[40/150] phase=done n_users=100 trial=4/10 method=BO-online budget_stage2_calls=49
[41/150] phase=start n_users=100 trial=4/10 method=GA budget_stage2_calls=49
[41/150] phase=done n_users=100 trial=4/10 method=GA budget_stage2_calls=49
[42/150] phase=start n_users=100 trial=4/10 method=MARL budget_stage2_calls=49
[42/150] phase=done n_users=100 trial=4/10 method=MARL budget_stage2_calls=49
[43/150] phase=start n_users=100 trial=5/10 method=BO-online budget_stage2_calls=55
[43/150] phase=done n_users=100 trial=5/10 method=BO-online budget_stage2_calls=55
[44/150] phase=start n_users=100 trial=5/10 method=GA budget_stage2_calls=55
[44/150] phase=done n_users=100 trial=5/10 method=GA budget_stage2_calls=55
[45/150] phase=start n_users=100 trial=5/10 method=MARL budget_stage2_calls=55
[45/150] phase=done n_users=100 trial=5/10 method=MARL budget_stage2_calls=55
[46/150] phase=start n_users=100 trial=6/10 method=BO-online budget_stage2_calls=37
[46/150] phase=done n_users=100 trial=6/10 method=BO-online budget_stage2_calls=37
[47/150] phase=start n_users=100 trial=6/10 method=GA budget_stage2_calls=37
[47/150] phase=done n_users=100 trial=6/10 method=GA budget_stage2_calls=37
[48/150] phase=start n_users=100 trial=6/10 method=MARL budget_stage2_calls=37
[48/150] phase=done n_users=100 trial=6/10 method=MARL budget_stage2_calls=37
[49/150] phase=start n_users=100 trial=7/10 method=BO-online budget_stage2_calls=37
[49/150] phase=done n_users=100 trial=7/10 method=BO-online budget_stage2_calls=37
[50/150] phase=start n_users=100 trial=7/10 method=GA budget_stage2_calls=37
[50/150] phase=done n_users=100 trial=7/10 method=GA budget_stage2_calls=37
[51/150] phase=start n_users=100 trial=7/10 method=MARL budget_stage2_calls=37
[51/150] phase=done n_users=100 trial=7/10 method=MARL budget_stage2_calls=37
[52/150] phase=start n_users=100 trial=8/10 method=BO-online budget_stage2_calls=37
[52/150] phase=done n_users=100 trial=8/10 method=BO-online budget_stage2_calls=37
[53/150] phase=start n_users=100 trial=8/10 method=GA budget_stage2_calls=37
[53/150] phase=done n_users=100 trial=8/10 method=GA budget_stage2_calls=37
[54/150] phase=start n_users=100 trial=8/10 method=MARL budget_stage2_calls=37
[54/150] phase=done n_users=100 trial=8/10 method=MARL budget_stage2_calls=37
[55/150] phase=start n_users=100 trial=9/10 method=BO-online budget_stage2_calls=73
[55/150] phase=done n_users=100 trial=9/10 method=BO-online budget_stage2_calls=73
[56/150] phase=start n_users=100 trial=9/10 method=GA budget_stage2_calls=73
[56/150] phase=done n_users=100 trial=9/10 method=GA budget_stage2_calls=73
[57/150] phase=start n_users=100 trial=9/10 method=MARL budget_stage2_calls=73
[57/150] phase=done n_users=100 trial=9/10 method=MARL budget_stage2_calls=73
[58/150] phase=start n_users=100 trial=10/10 method=BO-online budget_stage2_calls=49
[58/150] phase=done n_users=100 trial=10/10 method=BO-online budget_stage2_calls=49
[59/150] phase=start n_users=100 trial=10/10 method=GA budget_stage2_calls=49
[59/150] phase=done n_users=100 trial=10/10 method=GA budget_stage2_calls=49
[60/150] phase=start n_users=100 trial=10/10 method=MARL budget_stage2_calls=49
[60/150] phase=done n_users=100 trial=10/10 method=MARL budget_stage2_calls=49
[61/150] phase=start n_users=150 trial=1/10 method=BO-online budget_stage2_calls=55
[61/150] phase=done n_users=150 trial=1/10 method=BO-online budget_stage2_calls=55
[62/150] phase=start n_users=150 trial=1/10 method=GA budget_stage2_calls=55
[62/150] phase=done n_users=150 trial=1/10 method=GA budget_stage2_calls=55
[63/150] phase=start n_users=150 trial=1/10 method=MARL budget_stage2_calls=55
[63/150] phase=done n_users=150 trial=1/10 method=MARL budget_stage2_calls=55
[64/150] phase=start n_users=150 trial=2/10 method=BO-online budget_stage2_calls=37
[64/150] phase=done n_users=150 trial=2/10 method=BO-online budget_stage2_calls=37
[65/150] phase=start n_users=150 trial=2/10 method=GA budget_stage2_calls=37
[65/150] phase=done n_users=150 trial=2/10 method=GA budget_stage2_calls=37
[66/150] phase=start n_users=150 trial=2/10 method=MARL budget_stage2_calls=37
[66/150] phase=done n_users=150 trial=2/10 method=MARL budget_stage2_calls=37
[67/150] phase=start n_users=150 trial=3/10 method=BO-online budget_stage2_calls=55
[67/150] phase=done n_users=150 trial=3/10 method=BO-online budget_stage2_calls=55
[68/150] phase=start n_users=150 trial=3/10 method=GA budget_stage2_calls=55
[68/150] phase=done n_users=150 trial=3/10 method=GA budget_stage2_calls=55
[69/150] phase=start n_users=150 trial=3/10 method=MARL budget_stage2_calls=55
[69/150] phase=done n_users=150 trial=3/10 method=MARL budget_stage2_calls=55
[70/150] phase=start n_users=150 trial=4/10 method=BO-online budget_stage2_calls=43
[70/150] phase=done n_users=150 trial=4/10 method=BO-online budget_stage2_calls=43
[71/150] phase=start n_users=150 trial=4/10 method=GA budget_stage2_calls=43
[71/150] phase=done n_users=150 trial=4/10 method=GA budget_stage2_calls=43
[72/150] phase=start n_users=150 trial=4/10 method=MARL budget_stage2_calls=43
[72/150] phase=done n_users=150 trial=4/10 method=MARL budget_stage2_calls=43
[73/150] phase=start n_users=150 trial=5/10 method=BO-online budget_stage2_calls=43
[73/150] phase=done n_users=150 trial=5/10 method=BO-online budget_stage2_calls=43
[74/150] phase=start n_users=150 trial=5/10 method=GA budget_stage2_calls=43
[74/150] phase=done n_users=150 trial=5/10 method=GA budget_stage2_calls=43
[75/150] phase=start n_users=150 trial=5/10 method=MARL budget_stage2_calls=43
[75/150] phase=done n_users=150 trial=5/10 method=MARL budget_stage2_calls=43
[76/150] phase=start n_users=150 trial=6/10 method=BO-online budget_stage2_calls=37
[76/150] phase=done n_users=150 trial=6/10 method=BO-online budget_stage2_calls=37
[77/150] phase=start n_users=150 trial=6/10 method=GA budget_stage2_calls=37
[77/150] phase=done n_users=150 trial=6/10 method=GA budget_stage2_calls=37
[78/150] phase=start n_users=150 trial=6/10 method=MARL budget_stage2_calls=37
[78/150] phase=done n_users=150 trial=6/10 method=MARL budget_stage2_calls=37
[79/150] phase=start n_users=150 trial=7/10 method=BO-online budget_stage2_calls=37
[79/150] phase=done n_users=150 trial=7/10 method=BO-online budget_stage2_calls=37
[80/150] phase=start n_users=150 trial=7/10 method=GA budget_stage2_calls=37
[80/150] phase=done n_users=150 trial=7/10 method=GA budget_stage2_calls=37
[81/150] phase=start n_users=150 trial=7/10 method=MARL budget_stage2_calls=37
[81/150] phase=done n_users=150 trial=7/10 method=MARL budget_stage2_calls=37
[82/150] phase=start n_users=150 trial=8/10 method=BO-online budget_stage2_calls=61
[82/150] phase=done n_users=150 trial=8/10 method=BO-online budget_stage2_calls=61
[83/150] phase=start n_users=150 trial=8/10 method=GA budget_stage2_calls=61
[83/150] phase=done n_users=150 trial=8/10 method=GA budget_stage2_calls=61
[84/150] phase=start n_users=150 trial=8/10 method=MARL budget_stage2_calls=61
[84/150] phase=done n_users=150 trial=8/10 method=MARL budget_stage2_calls=61
[85/150] phase=start n_users=150 trial=9/10 method=BO-online budget_stage2_calls=49
[85/150] phase=done n_users=150 trial=9/10 method=BO-online budget_stage2_calls=49
[86/150] phase=start n_users=150 trial=9/10 method=GA budget_stage2_calls=49
[86/150] phase=done n_users=150 trial=9/10 method=GA budget_stage2_calls=49
[87/150] phase=start n_users=150 trial=9/10 method=MARL budget_stage2_calls=49
[87/150] phase=done n_users=150 trial=9/10 method=MARL budget_stage2_calls=49
[88/150] phase=start n_users=150 trial=10/10 method=BO-online budget_stage2_calls=49
[88/150] phase=done n_users=150 trial=10/10 method=BO-online budget_stage2_calls=49
[89/150] phase=start n_users=150 trial=10/10 method=GA budget_stage2_calls=49
[89/150] phase=done n_users=150 trial=10/10 method=GA budget_stage2_calls=49
[90/150] phase=start n_users=150 trial=10/10 method=MARL budget_stage2_calls=49
[90/150] phase=done n_users=150 trial=10/10 method=MARL budget_stage2_calls=49
[91/150] phase=start n_users=200 trial=1/10 method=BO-online budget_stage2_calls=43
[91/150] phase=done n_users=200 trial=1/10 method=BO-online budget_stage2_calls=43
[92/150] phase=start n_users=200 trial=1/10 method=GA budget_stage2_calls=43
[92/150] phase=done n_users=200 trial=1/10 method=GA budget_stage2_calls=43
[93/150] phase=start n_users=200 trial=1/10 method=MARL budget_stage2_calls=43
[93/150] phase=done n_users=200 trial=1/10 method=MARL budget_stage2_calls=43
[94/150] phase=start n_users=200 trial=2/10 method=BO-online budget_stage2_calls=61
[94/150] phase=done n_users=200 trial=2/10 method=BO-online budget_stage2_calls=61
[95/150] phase=start n_users=200 trial=2/10 method=GA budget_stage2_calls=61
[95/150] phase=done n_users=200 trial=2/10 method=GA budget_stage2_calls=61
[96/150] phase=start n_users=200 trial=2/10 method=MARL budget_stage2_calls=61
[96/150] phase=done n_users=200 trial=2/10 method=MARL budget_stage2_calls=61
[97/150] phase=start n_users=200 trial=3/10 method=BO-online budget_stage2_calls=43
[97/150] phase=done n_users=200 trial=3/10 method=BO-online budget_stage2_calls=43
[98/150] phase=start n_users=200 trial=3/10 method=GA budget_stage2_calls=43
[98/150] phase=done n_users=200 trial=3/10 method=GA budget_stage2_calls=43
[99/150] phase=start n_users=200 trial=3/10 method=MARL budget_stage2_calls=43
[99/150] phase=done n_users=200 trial=3/10 method=MARL budget_stage2_calls=43
[100/150] phase=start n_users=200 trial=4/10 method=BO-online budget_stage2_calls=49
[100/150] phase=done n_users=200 trial=4/10 method=BO-online budget_stage2_calls=49
[101/150] phase=start n_users=200 trial=4/10 method=GA budget_stage2_calls=49
[101/150] phase=done n_users=200 trial=4/10 method=GA budget_stage2_calls=49
[102/150] phase=start n_users=200 trial=4/10 method=MARL budget_stage2_calls=49
[102/150] phase=done n_users=200 trial=4/10 method=MARL budget_stage2_calls=49
[103/150] phase=start n_users=200 trial=5/10 method=BO-online budget_stage2_calls=49
[103/150] phase=done n_users=200 trial=5/10 method=BO-online budget_stage2_calls=49
[104/150] phase=start n_users=200 trial=5/10 method=GA budget_stage2_calls=49
[104/150] phase=done n_users=200 trial=5/10 method=GA budget_stage2_calls=49
[105/150] phase=start n_users=200 trial=5/10 method=MARL budget_stage2_calls=49
[105/150] phase=done n_users=200 trial=5/10 method=MARL budget_stage2_calls=49
[106/150] phase=start n_users=200 trial=6/10 method=BO-online budget_stage2_calls=73
[106/150] phase=done n_users=200 trial=6/10 method=BO-online budget_stage2_calls=73
[107/150] phase=start n_users=200 trial=6/10 method=GA budget_stage2_calls=73
[107/150] phase=done n_users=200 trial=6/10 method=GA budget_stage2_calls=73
[108/150] phase=start n_users=200 trial=6/10 method=MARL budget_stage2_calls=73
[108/150] phase=done n_users=200 trial=6/10 method=MARL budget_stage2_calls=73
[109/150] phase=start n_users=200 trial=7/10 method=BO-online budget_stage2_calls=49
[109/150] phase=done n_users=200 trial=7/10 method=BO-online budget_stage2_calls=49
[110/150] phase=start n_users=200 trial=7/10 method=GA budget_stage2_calls=49
[110/150] phase=done n_users=200 trial=7/10 method=GA budget_stage2_calls=49
[111/150] phase=start n_users=200 trial=7/10 method=MARL budget_stage2_calls=49
[111/150] phase=done n_users=200 trial=7/10 method=MARL budget_stage2_calls=49
[112/150] phase=start n_users=200 trial=8/10 method=BO-online budget_stage2_calls=85
[112/150] phase=done n_users=200 trial=8/10 method=BO-online budget_stage2_calls=85
[113/150] phase=start n_users=200 trial=8/10 method=GA budget_stage2_calls=85
[113/150] phase=done n_users=200 trial=8/10 method=GA budget_stage2_calls=85
[114/150] phase=start n_users=200 trial=8/10 method=MARL budget_stage2_calls=85
[114/150] phase=done n_users=200 trial=8/10 method=MARL budget_stage2_calls=85
[115/150] phase=start n_users=200 trial=9/10 method=BO-online budget_stage2_calls=37
[115/150] phase=done n_users=200 trial=9/10 method=BO-online budget_stage2_calls=37
[116/150] phase=start n_users=200 trial=9/10 method=GA budget_stage2_calls=37
[116/150] phase=done n_users=200 trial=9/10 method=GA budget_stage2_calls=37
[117/150] phase=start n_users=200 trial=9/10 method=MARL budget_stage2_calls=37
[117/150] phase=done n_users=200 trial=9/10 method=MARL budget_stage2_calls=37
[118/150] phase=start n_users=200 trial=10/10 method=BO-online budget_stage2_calls=91
[118/150] phase=done n_users=200 trial=10/10 method=BO-online budget_stage2_calls=91
[119/150] phase=start n_users=200 trial=10/10 method=GA budget_stage2_calls=91
[119/150] phase=done n_users=200 trial=10/10 method=GA budget_stage2_calls=91
[120/150] phase=start n_users=200 trial=10/10 method=MARL budget_stage2_calls=91
[120/150] phase=done n_users=200 trial=10/10 method=MARL budget_stage2_calls=91
[121/150] phase=start n_users=250 trial=1/10 method=BO-online budget_stage2_calls=55
[121/150] phase=done n_users=250 trial=1/10 method=BO-online budget_stage2_calls=55
[122/150] phase=start n_users=250 trial=1/10 method=GA budget_stage2_calls=55
[122/150] phase=done n_users=250 trial=1/10 method=GA budget_stage2_calls=55
[123/150] phase=start n_users=250 trial=1/10 method=MARL budget_stage2_calls=55
[123/150] phase=done n_users=250 trial=1/10 method=MARL budget_stage2_calls=55
[124/150] phase=start n_users=250 trial=2/10 method=BO-online budget_stage2_calls=43
[124/150] phase=done n_users=250 trial=2/10 method=BO-online budget_stage2_calls=43
[125/150] phase=start n_users=250 trial=2/10 method=GA budget_stage2_calls=43
[125/150] phase=done n_users=250 trial=2/10 method=GA budget_stage2_calls=43
[126/150] phase=start n_users=250 trial=2/10 method=MARL budget_stage2_calls=43
[126/150] phase=done n_users=250 trial=2/10 method=MARL budget_stage2_calls=43
[127/150] phase=start n_users=250 trial=3/10 method=BO-online budget_stage2_calls=49
[127/150] phase=done n_users=250 trial=3/10 method=BO-online budget_stage2_calls=49
[128/150] phase=start n_users=250 trial=3/10 method=GA budget_stage2_calls=49
[128/150] phase=done n_users=250 trial=3/10 method=GA budget_stage2_calls=49
[129/150] phase=start n_users=250 trial=3/10 method=MARL budget_stage2_calls=49
[129/150] phase=done n_users=250 trial=3/10 method=MARL budget_stage2_calls=49
[130/150] phase=start n_users=250 trial=4/10 method=BO-online budget_stage2_calls=121
[130/150] phase=done n_users=250 trial=4/10 method=BO-online budget_stage2_calls=121
[131/150] phase=start n_users=250 trial=4/10 method=GA budget_stage2_calls=121
[131/150] phase=done n_users=250 trial=4/10 method=GA budget_stage2_calls=121
[132/150] phase=start n_users=250 trial=4/10 method=MARL budget_stage2_calls=121
[132/150] phase=done n_users=250 trial=4/10 method=MARL budget_stage2_calls=121
[133/150] phase=start n_users=250 trial=5/10 method=BO-online budget_stage2_calls=37
[133/150] phase=done n_users=250 trial=5/10 method=BO-online budget_stage2_calls=37
[134/150] phase=start n_users=250 trial=5/10 method=GA budget_stage2_calls=37
[134/150] phase=done n_users=250 trial=5/10 method=GA budget_stage2_calls=37
[135/150] phase=start n_users=250 trial=5/10 method=MARL budget_stage2_calls=37
[135/150] phase=done n_users=250 trial=5/10 method=MARL budget_stage2_calls=37
[136/150] phase=start n_users=250 trial=6/10 method=BO-online budget_stage2_calls=49
[136/150] phase=done n_users=250 trial=6/10 method=BO-online budget_stage2_calls=49
[137/150] phase=start n_users=250 trial=6/10 method=GA budget_stage2_calls=49
[137/150] phase=done n_users=250 trial=6/10 method=GA budget_stage2_calls=49
[138/150] phase=start n_users=250 trial=6/10 method=MARL budget_stage2_calls=49
[138/150] phase=done n_users=250 trial=6/10 method=MARL budget_stage2_calls=49
[139/150] phase=start n_users=250 trial=7/10 method=BO-online budget_stage2_calls=43
[139/150] phase=done n_users=250 trial=7/10 method=BO-online budget_stage2_calls=43
[140/150] phase=start n_users=250 trial=7/10 method=GA budget_stage2_calls=43
[140/150] phase=done n_users=250 trial=7/10 method=GA budget_stage2_calls=43
[141/150] phase=start n_users=250 trial=7/10 method=MARL budget_stage2_calls=43
[141/150] phase=done n_users=250 trial=7/10 method=MARL budget_stage2_calls=43
[142/150] phase=start n_users=250 trial=8/10 method=BO-online budget_stage2_calls=55
[142/150] phase=done n_users=250 trial=8/10 method=BO-online budget_stage2_calls=55
[143/150] phase=start n_users=250 trial=8/10 method=GA budget_stage2_calls=55
[143/150] phase=done n_users=250 trial=8/10 method=GA budget_stage2_calls=55
[144/150] phase=start n_users=250 trial=8/10 method=MARL budget_stage2_calls=55
[144/150] phase=done n_users=250 trial=8/10 method=MARL budget_stage2_calls=55
[145/150] phase=start n_users=250 trial=9/10 method=BO-online budget_stage2_calls=61
[145/150] phase=done n_users=250 trial=9/10 method=BO-online budget_stage2_calls=61
[146/150] phase=start n_users=250 trial=9/10 method=GA budget_stage2_calls=61
[146/150] phase=done n_users=250 trial=9/10 method=GA budget_stage2_calls=61
[147/150] phase=start n_users=250 trial=9/10 method=MARL budget_stage2_calls=61
[147/150] phase=done n_users=250 trial=9/10 method=MARL budget_stage2_calls=61
[148/150] phase=start n_users=250 trial=10/10 method=BO-online budget_stage2_calls=61
[148/150] phase=done n_users=250 trial=10/10 method=BO-online budget_stage2_calls=61
[149/150] phase=start n_users=250 trial=10/10 method=GA budget_stage2_calls=61
[149/150] phase=start n_users=250 trial=10/10 method=GA budget_stage2_calls=61
[149/150] phase=done n_users=250 trial=10/10 method=GA budget_stage2_calls=61
[150/150] phase=start n_users=250 trial=10/10 method=MARL budget_stage2_calls=61
[150/150] phase=done n_users=250 trial=10/10 method=MARL budget_stage2_calls=61
