{
  "run_name": "stage1_gap_alignment_topk_20260309_0856",
  "seed": 20260002,
  "n_users": 40,
  "stage2_solver": "DG",
  "grid_points": 21,
  "pE_range": [
    0.01,
    6.0
  ],
  "pN_range": [
    0.01,
    6.0
  ],
  "unified_se_proxy": {
    "i": 12,
    "j": 4,
    "pE": 3.6039999999999996,
    "pN": 1.208,
    "value": 0.0
  },
  "summary": [
    {
      "variant": "boundary",
      "mae": 143.73009576144543,
      "rmse": 153.74604829199203,
      "max_abs_diff": 246.9115442133911,
      "argmin_hat_pE": 6.0,
      "argmin_hat_pN": 0.9085,
      "argmin_hat_value": 79.87270197188224,
      "argmin_real_pE": 3.6039999999999996,
      "argmin_real_pN": 1.208,
      "argmin_real_value": 0.0,
      "argmin_grid_distance": 8.06225774829855,
      "argmin_price_distance": 2.414646195615416
    },
    {
      "variant": "refined_price",
      "mae": 253.3705217873398,
      "rmse": 258.5562268120219,
      "max_abs_diff": 373.4900385866125,
      "argmin_hat_pE": 1.5075,
      "argmin_hat_pN": 3.6039999999999996,
      "argmin_hat_value": 197.7033732975131,
      "argmin_real_pE": 3.6039999999999996,
      "argmin_real_pN": 1.208,
      "argmin_real_value": 0.0,
      "argmin_grid_distance": 10.63014581273465,
      "argmin_price_distance": 3.1837286709140273
    },
    {
      "variant": "topk_real_reval",
      "mae": 102.80375434186739,
      "rmse": 114.40246501829759,
      "max_abs_diff": 198.47500669046946,
      "argmin_hat_pE": 0.01,
      "argmin_hat_pN": 0.01,
      "argmin_hat_value": 0.0,
      "argmin_real_pE": 3.6039999999999996,
      "argmin_real_pN": 1.208,
      "argmin_real_value": 0.0,
      "argmin_grid_distance": 12.649110640673518,
      "argmin_price_distance": 3.7884086368817185
    }
  ]
}