iteration,pE,pN
0,0.5,0.5
1,5.600666666666667,0.6090000000000001
2,5.401000000000001,0.6090000000000001
3,5.401000000000001,0.6090000000000001
