count,abs_error_mean,abs_error_std,rel_error_mean,rel_error_std
20,55.34677309822125,33.31926136921787,293.33804039618775,425.58241844748864
