trial,seed,n_users,v_algorithm2,v_optimal,v_empty,empirical_ratio,theorem2_bound,optimal_offloading_size
0,20268001,6,80.69783036792657,13185271.942414425,189.45164514933094,6.120300796249604e-06,2.034928878048447,3
1,20268002,6,92.48298702916713,123.31851738428544,164.79040494874175,0.7499521482323003,3.9096653972519584,4
0,20270001,8,143.84834606549586,179.02222149170086,294.3346743638766,0.8035222938631917,2.864269942149955,6
1,20270002,8,150.69617123038836,163.55756336978735,212.08678178431148,0.9213647362163212,1.3282743244406723,2
0,20272001,10,160.01436308969275,232.90153194397095,274.8277919945821,0.687047275962905,10.155040633332353,5
1,20272002,10,144.39946343472866,144.39946350320025,293.8751434495555,0.9999999995258182,inf,8
