trial,seed,n_users,iteration,pE,pN,epsilon,offloading_size
0,20280309,20,0,0.31121708036242746,1.8796664725277639,318.3568257964107,10
0,20280309,20,1,0.7402307653991833,9.623576943974545,0.0,20
1,20280310,20,0,0.5399977005081282,1.6464036566304965,585.1669189986517,10
1,20280310,20,1,1.9572684436281023,15.653843620995623,0.0026252766505194813,20
2,20280311,20,0,0.6985697044939702,1.496893357312925,130.7763372241011,7
2,20280311,20,1,0.7653232824763023,4.709887603232069,8.496643317812413e-06,13
2,20280311,20,2,0.7653232824763023,4.709887603232069,0.0,14
