n_users,iteration,epsilon_mean,epsilon_std,count
20,0,344.7666940063878,228.34362495043496,3
20,1,0.0008779244312790979,0.0015132573746062291,3
20,2,0.0,0.0,1
