iteration,pE,pN
0,0.5,0.5
1,3.3044999999999995,0.609
2,3.3044999999999995,0.609
