iteration,pE,pN
0,0.5,0.5
1,3.9034999999999997,1.208
2,3.6039999999999996,1.208
3,3.6039999999999996,1.208
