iteration,pE,pN
0,0.01,0.01
1,3.6039999999999996,1.208
2,3.6039999999999996,1.208
