iter,pE,pN,epsilon
0,0.27307594831880416,2.0218600335502774,419.64317347156066
1,1.2776924492962702,11.466801490584585,0.0
